year,scenario,plan_id,resid_dollars,kink,converged
2014,aligned,ANT_BR,-0.0360764768434336,FALSE,TRUE
2014,aligned,ANT_BR_HSA,-0.122609162780716,FALSE,TRUE
2014,aligned,ANT_G,-0.0455903746271642,FALSE,TRUE
2014,aligned,ANT_G3,-0.543922525834561,FALSE,TRUE
2014,aligned,ANT_P3,-0.390220884711531,FALSE,TRUE
2014,aligned,ANT_SIL,0.0789955207638272,FALSE,TRUE
2014,aligned,ANT_SIL3,-8.18394086043207,TRUE,TRUE
2014,aligned,BS_BR,0.307879392405663,FALSE,TRUE
2014,aligned,BS_BR_HSA,0.279890828352237,FALSE,TRUE
2014,aligned,BS_G,-0.0435381398956019,FALSE,TRUE
2014,aligned,BS_P,-0.614584843461931,FALSE,TRUE
2014,aligned,BS_SIL,-0.135414365776884,FALSE,TRUE
2014,aligned,CC_BR,0.0036988717458981,FALSE,TRUE
2014,aligned,CC_G,-0.0785746772862466,FALSE,TRUE
2014,aligned,CC_SIL,-0.0501432717227649,FALSE,TRUE
2014,aligned,HN_BR,-0.144896752845344,FALSE,TRUE
2014,aligned,HN_G,0.00308485157509249,FALSE,TRUE
2014,aligned,HN_G3,-0.0585148458573712,FALSE,TRUE
2014,aligned,HN_P3,-0.312040452441093,FALSE,TRUE
2014,aligned,HN_SIL,0.010700008431272,FALSE,TRUE
2014,aligned,HN_SIL3,-0.0756967866085548,FALSE,TRUE
2014,aligned,KA_BR,-0.10855950117879,FALSE,TRUE
2014,aligned,KA_G,0.00791214577012358,FALSE,TRUE
2014,aligned,KA_P,0.0189387670680131,FALSE,TRUE
2014,aligned,KA_SIL,0.00605400516033815,FALSE,TRUE
2014,aligned,LA_G,-0.0817407618621757,FALSE,TRUE
2014,aligned,LA_P,-0.361045307973957,FALSE,TRUE
2014,aligned,LA_SIL,4.98615262855581,FALSE,TRUE
2014,aligned,MOL_G,-0.0574122466436291,FALSE,TRUE
2014,aligned,MOL_P,-0.119170295600558,FALSE,TRUE
2014,aligned,MOL_SIL,-0.166541359396024,FALSE,TRUE
2014,aligned,OS_BR,-0.0484017217377946,FALSE,TRUE
2014,aligned,OS_G,-0.0816962924939383,FALSE,TRUE
2014,aligned,OS_P,-0.0664819077109507,FALSE,TRUE
2014,aligned,OS_SIL,-0.102747809307957,FALSE,TRUE
2014,aligned,SH_G,-0.0902578265204969,FALSE,TRUE
2014,aligned,SH_P,-0.198780068211431,FALSE,TRUE
2014,aligned,SH_SIL,-0.212974754571655,FALSE,TRUE
2014,aligned,SH_SIL2,-0.0837116761785226,FALSE,TRUE
2014,aligned,VAL_BR,-1.44930246675157,FALSE,TRUE
2014,aligned,VAL_G,-1.15945872724348,FALSE,TRUE
2014,aligned,VAL_P,-1.01893853060874,FALSE,TRUE
2014,aligned,VAL_SIL,-4.10664777050428,FALSE,TRUE
2014,aligned,WEST_BR,0.0174767407137786,FALSE,TRUE
2014,baseline,ANT_BR,-0.035421425937684,FALSE,TRUE
2014,baseline,ANT_BR_HSA,-0.0855106738699174,FALSE,TRUE
2014,baseline,ANT_G,-0.0265454318767472,FALSE,TRUE
2014,baseline,ANT_G3,0.0885914180608312,FALSE,TRUE
2014,baseline,ANT_P,0.489991993128768,FALSE,TRUE
2014,baseline,ANT_P3,0.0952617361254411,FALSE,TRUE
2014,baseline,ANT_SIL,-1.42601509599492,FALSE,TRUE
2014,baseline,ANT_SIL3,8.62609376269674,TRUE,TRUE
2014,baseline,BS_BR,-0.109281520620678,FALSE,TRUE
2014,baseline,BS_BR_HSA,-0.019880383608403,FALSE,TRUE
2014,baseline,BS_G,0.0238201396946846,FALSE,TRUE
2014,baseline,BS_P,-0.348329440003908,FALSE,TRUE
2014,baseline,BS_SIL,0.476294204621585,FALSE,TRUE
2014,baseline,CC_BR,-0.0466866643329092,FALSE,TRUE
2014,baseline,CC_G,0.0421010278060045,FALSE,TRUE
2014,baseline,CC_P,0.137428841477442,FALSE,TRUE
2014,baseline,CC_SIL,0.029222898277343,FALSE,TRUE
2014,baseline,HN_BR,0.0222358596815182,FALSE,TRUE
2014,baseline,HN_G,0.0458093024336987,FALSE,TRUE
2014,baseline,HN_G3,-0.0732730101822221,FALSE,TRUE
2014,baseline,HN_P3,-0.0067618354004482,FALSE,TRUE
2014,baseline,HN_SIL,0.0991397174305907,FALSE,TRUE
2014,baseline,HN_SIL3,-0.0162516171612887,FALSE,TRUE
2014,baseline,KA_BR,-0.00832312792556729,FALSE,TRUE
2014,baseline,KA_G,-0.0647209092048395,FALSE,TRUE
2014,baseline,KA_P,-0.0448769522000363,FALSE,TRUE
2014,baseline,KA_SIL,7.3626323236299e-4,FALSE,TRUE
2014,baseline,LA_BR,0.138980759096655,FALSE,TRUE
2014,baseline,LA_G,0.0754530203750101,FALSE,TRUE
2014,baseline,LA_P,0.0459114550834611,FALSE,TRUE
2014,baseline,LA_SIL,-5.43424030132586,TRUE,TRUE
2014,baseline,MOL_BR,0.119620656549059,FALSE,TRUE
2014,baseline,MOL_G,0.00225113625990503,FALSE,TRUE
2014,baseline,MOL_P,0.0412105884036722,FALSE,TRUE
2014,baseline,MOL_SIL,0.264680139718378,FALSE,TRUE
2014,baseline,OS_BR,-0.0513934289156363,FALSE,TRUE
2014,baseline,OS_G,0.0182814438615987,FALSE,TRUE
2014,baseline,OS_P,-0.10556679518394,FALSE,TRUE
2014,baseline,OS_SIL,-0.0520953292152238,FALSE,TRUE
2014,baseline,SH_BR,-0.014260248622983,FALSE,TRUE
2014,baseline,SH_BR2,0.0621973634998443,FALSE,TRUE
2014,baseline,SH_G,0.0389756341285318,FALSE,TRUE
2014,baseline,SH_P,0.105705969551686,FALSE,TRUE
2014,baseline,SH_P2,0.15669520497591,FALSE,TRUE
2014,baseline,SH_SIL,-0.0196862363275487,FALSE,TRUE
2014,baseline,SH_SIL2,-0.00184970537754708,FALSE,TRUE
2014,baseline,VAL_BR,0.0392803233840397,FALSE,TRUE
2014,baseline,VAL_G,0.178758489325698,FALSE,TRUE
2014,baseline,VAL_P,0.389895998560153,FALSE,TRUE
2014,baseline,VAL_SIL,0.495707132774422,FALSE,TRUE
2014,baseline,WEST_BR,0.088142874813766,FALSE,TRUE
2014,baseline,WEST_BR_HSA,0.0945242452089813,FALSE,TRUE
2014,flat_mandate,ANT_BR,0.00694129535860219,FALSE,TRUE
2014,flat_mandate,ANT_BR_HSA,0.182556984562023,FALSE,TRUE
2014,flat_mandate,ANT_G,0.0967424203191285,FALSE,TRUE
2014,flat_mandate,ANT_G3,-0.36983667063186,FALSE,TRUE
2014,flat_mandate,ANT_P3,-0.0902892360348521,FALSE,TRUE
2014,flat_mandate,ANT_SIL,-1.02360020939689,FALSE,TRUE
2014,flat_mandate,ANT_SIL3,2.48743362913174,FALSE,TRUE
2014,flat_mandate,BS_BR,0.00695052841990238,FALSE,TRUE
2014,flat_mandate,BS_BR_HSA,0.0182674409244904,FALSE,TRUE
2014,flat_mandate,BS_G,0.156976281171899,FALSE,TRUE
2014,flat_mandate,BS_P,-0.462188886719132,FALSE,TRUE
2014,flat_mandate,BS_SIL,-0.757878573978248,FALSE,TRUE
2014,flat_mandate,CC_BR,0.0892189341794822,FALSE,TRUE
2014,flat_mandate,CC_G,0.0353009432938975,FALSE,TRUE
2014,flat_mandate,CC_SIL,0.127436495348982,FALSE,TRUE
2014,flat_mandate,HN_BR,0.152031948080796,FALSE,TRUE
2014,flat_mandate,HN_G,0.115316263061361,FALSE,TRUE
2014,flat_mandate,HN_G3,0.0434408985501088,FALSE,TRUE
2014,flat_mandate,HN_P3,0.00950316641479255,FALSE,TRUE
2014,flat_mandate,HN_SIL,0.358025959834371,FALSE,TRUE
2014,flat_mandate,HN_SIL3,0.029986075280828,FALSE,TRUE
2014,flat_mandate,KA_BR,0.171451114446212,FALSE,TRUE
2014,flat_mandate,KA_G,0.0357975508521127,FALSE,TRUE
2014,flat_mandate,KA_P,0.104690453697871,FALSE,TRUE
2014,flat_mandate,KA_SIL,0.154466402316267,FALSE,TRUE
2014,flat_mandate,LA_G,0.146083894136959,FALSE,TRUE
2014,flat_mandate,LA_P,-0.0690827937868655,FALSE,TRUE
2014,flat_mandate,LA_SIL,2.81184155066707,FALSE,TRUE
2014,flat_mandate,MOL_G,0.23589643741407,FALSE,TRUE
2014,flat_mandate,MOL_P,0.266862178004259,FALSE,TRUE
2014,flat_mandate,MOL_SIL,1.28535660461415,FALSE,TRUE
2014,flat_mandate,OS_BR,0.0280611905375652,FALSE,TRUE
2014,flat_mandate,OS_G,0.104111318582033,FALSE,TRUE
2014,flat_mandate,OS_P,0.143509455537659,FALSE,TRUE
2014,flat_mandate,OS_SIL,-0.014261631785359,FALSE,TRUE
2014,flat_mandate,SH_G,0.0728347399844047,FALSE,TRUE
2014,flat_mandate,SH_P,0.0162015995099167,FALSE,TRUE
2014,flat_mandate,SH_SIL,0.0162822170280733,FALSE,TRUE
2014,flat_mandate,SH_SIL2,0.0109496388884729,FALSE,TRUE
2014,flat_mandate,VAL_BR,-0.421701423936104,FALSE,TRUE
2014,flat_mandate,VAL_G,-0.435655092256583,FALSE,TRUE
2014,flat_mandate,VAL_P,-0.0353286456282779,FALSE,TRUE
2014,flat_mandate,VAL_SIL,1.36611173956008,FALSE,TRUE
2014,flat_mandate,WEST_BR,0.159066496437702,FALSE,TRUE
2014,scale_0.50,ANT_BR,0.1213765128535,FALSE,TRUE
2014,scale_0.50,ANT_BR_HSA,-0.0837886797923197,FALSE,TRUE
2014,scale_0.50,ANT_G,0.139925413654733,FALSE,TRUE
2014,scale_0.50,ANT_G3,0.511414552637953,FALSE,TRUE
2014,scale_0.50,ANT_P3,0.92248416101895,FALSE,TRUE
2014,scale_0.50,ANT_SIL,-2.44194790465246,FALSE,TRUE
2014,scale_0.50,ANT_SIL3,-15.4900783425336,TRUE,TRUE
2014,scale_0.50,BS_BR,-0.112536117408765,FALSE,TRUE
2014,scale_0.50,BS_BR_HSA,-0.0715615082520122,FALSE,TRUE
2014,scale_0.50,BS_G,-0.0901510763494884,FALSE,TRUE
2014,scale_0.50,BS_P,0.20740113117194,FALSE,TRUE
2014,scale_0.50,BS_SIL,0.842096739332398,FALSE,TRUE
2014,scale_0.50,CC_BR,-0.262274759223099,FALSE,TRUE
2014,scale_0.50,CC_G,-0.0530354952841724,FALSE,TRUE
2014,scale_0.50,CC_SIL,0.0946439046868425,FALSE,TRUE
2014,scale_0.50,HN_BR,-0.0581671765177861,FALSE,TRUE
2014,scale_0.50,HN_G,0.200263848909751,FALSE,TRUE
2014,scale_0.50,HN_G3,0.116867612164116,FALSE,TRUE
2014,scale_0.50,HN_P3,0.22956566651058,FALSE,TRUE
2014,scale_0.50,HN_SIL,-1.09976159600893,FALSE,TRUE
2014,scale_0.50,HN_SIL3,-0.00542911109831122,FALSE,TRUE
2014,scale_0.50,KA_BR,-0.114405347563104,FALSE,TRUE
2014,scale_0.50,KA_G,-0.0640056531128461,FALSE,TRUE
2014,scale_0.50,KA_P,0.0363369161093818,FALSE,TRUE
2014,scale_0.50,KA_SIL,0.0396842791537053,FALSE,TRUE
2014,scale_0.50,LA_G,0.0551228795652654,FALSE,TRUE
2014,scale_0.50,LA_P,0.108529511308268,FALSE,TRUE
2014,scale_0.50,LA_SIL,5.65729168934932,TRUE,TRUE
2014,scale_0.50,MOL_G,-0.0814722128334597,FALSE,TRUE
2014,scale_0.50,MOL_P,0.0661797758319571,FALSE,TRUE
2014,scale_0.50,MOL_SIL,0.170213474970466,FALSE,TRUE
2014,scale_0.50,OS_BR,0.052547056846244,FALSE,TRUE
2014,scale_0.50,OS_G,-0.0763369560365022,FALSE,TRUE
2014,scale_0.50,OS_P,-0.0893376807661948,FALSE,TRUE
2014,scale_0.50,OS_SIL,-0.0202281270970108,FALSE,TRUE
2014,scale_0.50,SH_G,-0.224650948646383,FALSE,TRUE
2014,scale_0.50,SH_P,0.230232110604069,FALSE,TRUE
2014,scale_0.50,SH_SIL,0.0431282063234327,FALSE,TRUE
2014,scale_0.50,SH_SIL2,0.0428443616396266,FALSE,TRUE
2014,scale_0.50,VAL_BR,0.201007321311545,FALSE,TRUE
2014,scale_0.50,VAL_G,0.244643241343201,FALSE,TRUE
2014,scale_0.50,VAL_P,0.314845094265693,FALSE,TRUE
2014,scale_0.50,VAL_SIL,0.29191578135643,FALSE,TRUE
2014,scale_0.50,WEST_BR,-0.0134483960963377,FALSE,TRUE
2014,uniform_low,ANT_BR,-0.357079263771603,FALSE,TRUE
2014,uniform_low,ANT_BR_HSA,0.0865987195134749,FALSE,TRUE
2014,uniform_low,ANT_G,0.133501591855451,FALSE,TRUE
2014,uniform_low,ANT_G3,-0.178521986049111,FALSE,TRUE
2014,uniform_low,ANT_P3,0.295549703796634,FALSE,TRUE
2014,uniform_low,ANT_SIL,-1.60696512374268,FALSE,TRUE
2014,uniform_low,ANT_SIL3,-8.6559009841083,TRUE,TRUE
2014,uniform_low,BS_BR,-0.37262296192408,FALSE,TRUE
2014,uniform_low,BS_BR_HSA,-0.36214144142756,FALSE,TRUE
2014,uniform_low,BS_G,0.218543821228329,FALSE,TRUE
2014,uniform_low,BS_P,0.372171075352203,FALSE,TRUE
2014,uniform_low,BS_SIL,0.47097594374303,FALSE,TRUE
2014,uniform_low,CC_BR,0.579447605749074,FALSE,TRUE
2014,uniform_low,CC_G,0.0897597607178977,FALSE,TRUE
2014,uniform_low,CC_SIL,0.0333215765840922,FALSE,TRUE
2014,uniform_low,HN_BR,0.0589181746446971,FALSE,TRUE
2014,uniform_low,HN_G,0.168714764630527,FALSE,TRUE
2014,uniform_low,HN_G3,0.132171599983513,FALSE,TRUE
2014,uniform_low,HN_P3,0.127240903967358,FALSE,TRUE
2014,uniform_low,HN_SIL,0.119799862573728,FALSE,TRUE
2014,uniform_low,HN_SIL3,0.0899773036208421,FALSE,TRUE
2014,uniform_low,KA_BR,0.0397086909506175,FALSE,TRUE
2014,uniform_low,KA_G,0.572315590921095,FALSE,TRUE
2014,uniform_low,KA_P,0.861611105845519,FALSE,TRUE
2014,uniform_low,KA_SIL,0.756910938374077,FALSE,TRUE
2014,uniform_low,LA_G,0.243380606396296,FALSE,TRUE
2014,uniform_low,LA_P,0.0558356337340735,FALSE,TRUE
2014,uniform_low,LA_SIL,4.11465688182395,FALSE,TRUE
2014,uniform_low,MOL_G,0.102241996949963,FALSE,TRUE
2014,uniform_low,MOL_P,0.18277042350832,FALSE,TRUE
2014,uniform_low,MOL_SIL,0.0867560957685516,FALSE,TRUE
2014,uniform_low,OS_BR,-0.740098807641845,FALSE,TRUE
2014,uniform_low,OS_G,0.13182210108213,FALSE,TRUE
2014,uniform_low,OS_P,0.0699107120294931,FALSE,TRUE
2014,uniform_low,OS_SIL,0.0929113203289234,FALSE,TRUE
2014,uniform_low,SH_G,0.237328183308098,FALSE,TRUE
2014,uniform_low,SH_P,0.0742322913246014,FALSE,TRUE
2014,uniform_low,SH_SIL,0.104563196930124,FALSE,TRUE
2014,uniform_low,SH_SIL2,0.132778800940098,FALSE,TRUE
2014,uniform_low,VAL_BR,-0.113663518233293,FALSE,TRUE
2014,uniform_low,VAL_G,-0.383620474927856,FALSE,TRUE
2014,uniform_low,VAL_P,-0.0906993253271646,FALSE,TRUE
2014,uniform_low,VAL_SIL,-1.22205198096079,FALSE,TRUE
2014,uniform_low,WEST_BR,0.40174786084626,FALSE,TRUE
2014,uniform_low_k0.75,ANT_BR,-0.128293358910971,FALSE,TRUE
2014,uniform_low_k0.75,ANT_BR_HSA,0.318773201198604,FALSE,TRUE
2014,uniform_low_k0.75,ANT_G,0.0856844799828606,FALSE,TRUE
2014,uniform_low_k0.75,ANT_G3,-0.192258693328673,FALSE,TRUE
2014,uniform_low_k0.75,ANT_P3,-0.820215170600572,FALSE,TRUE
2014,uniform_low_k0.75,ANT_SIL,-1.78913231996515,FALSE,TRUE
2014,uniform_low_k0.75,ANT_SIL3,-8.81110097777939,TRUE,TRUE
2014,uniform_low_k0.75,BS_BR,-0.133732657126242,FALSE,TRUE
2014,uniform_low_k0.75,BS_BR_HSA,-0.123864897862934,FALSE,TRUE
2014,uniform_low_k0.75,BS_G,0.113018738587083,FALSE,TRUE
2014,uniform_low_k0.75,BS_P,-0.78146565308314,FALSE,TRUE
2014,uniform_low_k0.75,BS_SIL,0.264311543885203,FALSE,TRUE
2014,uniform_low_k0.75,CC_BR,1.09495282267311,FALSE,TRUE
2014,uniform_low_k0.75,CC_G,0.171551256698262,FALSE,TRUE
2014,uniform_low_k0.75,CC_SIL,0.148200413144983,FALSE,TRUE
2014,uniform_low_k0.75,HN_BR,0.453921541859763,FALSE,TRUE
2014,uniform_low_k0.75,HN_G,0.160020575741665,FALSE,TRUE
2014,uniform_low_k0.75,HN_G3,0.172957114384166,FALSE,TRUE
2014,uniform_low_k0.75,HN_P3,-0.621580994491203,FALSE,TRUE
2014,uniform_low_k0.75,HN_SIL,-0.0758684979170212,FALSE,TRUE
2014,uniform_low_k0.75,HN_SIL3,-0.327268701410939,FALSE,TRUE
2014,uniform_low_k0.75,KA_BR,0.396728641225292,FALSE,TRUE
2014,uniform_low_k0.75,KA_G,0.778449167174326,FALSE,TRUE
2014,uniform_low_k0.75,KA_P,1.15532821752045,FALSE,TRUE
2014,uniform_low_k0.75,KA_SIL,0.772146002129893,FALSE,TRUE
2014,uniform_low_k0.75,LA_G,0.383094579141815,FALSE,TRUE
2014,uniform_low_k0.75,LA_P,-0.916745546728142,FALSE,TRUE
2014,uniform_low_k0.75,LA_SIL,3.81625095992229,FALSE,TRUE
2014,uniform_low_k0.75,MOL_G,0.242379377678755,FALSE,TRUE
2014,uniform_low_k0.75,MOL_P,-0.149278653461537,FALSE,TRUE
2014,uniform_low_k0.75,MOL_SIL,-0.236660179632729,FALSE,TRUE
2014,uniform_low_k0.75,OS_BR,-0.847136827499015,FALSE,TRUE
2014,uniform_low_k0.75,OS_G,0.377596263868939,FALSE,TRUE
2014,uniform_low_k0.75,OS_P,0.478901354267139,FALSE,TRUE
2014,uniform_low_k0.75,OS_SIL,0.0670213007482252,FALSE,TRUE
2014,uniform_low_k0.75,SH_G,0.288396661099197,FALSE,TRUE
2014,uniform_low_k0.75,SH_P,-0.939828072923122,FALSE,TRUE
2014,uniform_low_k0.75,SH_SIL,-0.495934969551791,FALSE,TRUE
2014,uniform_low_k0.75,SH_SIL2,-0.51348034053735,FALSE,TRUE
2014,uniform_low_k0.75,VAL_BR,0.425438727882968,FALSE,TRUE
2014,uniform_low_k0.75,VAL_G,-0.217512251988903,FALSE,TRUE
2014,uniform_low_k0.75,VAL_P,-1.75732358964029,FALSE,TRUE
2014,uniform_low_k0.75,VAL_SIL,-1.2168026744316,FALSE,TRUE
2014,uniform_low_k0.75,WEST_BR,0.937912953361922,FALSE,TRUE
2014,uniform_low_k1.25,ANT_BR,-0.53895519383674,FALSE,TRUE
2014,uniform_low_k1.25,ANT_BR_HSA,-0.0988197241430018,FALSE,TRUE
2014,uniform_low_k1.25,ANT_G,0.19153872093067,FALSE,TRUE
2014,uniform_low_k1.25,ANT_G3,-0.147340533180257,FALSE,TRUE
2014,uniform_low_k1.25,ANT_P3,1.27724028053359,FALSE,TRUE
2014,uniform_low_k1.25,ANT_SIL,-1.40653462219268,FALSE,TRUE
2014,uniform_low_k1.25,ANT_SIL3,-8.47666114860886,TRUE,TRUE
2014,uniform_low_k1.25,BS_BR,-0.560589247021204,FALSE,TRUE
2014,uniform_low_k1.25,BS_BR_HSA,-0.549832157504252,FALSE,TRUE
2014,uniform_low_k1.25,BS_G,0.329132301286499,FALSE,TRUE
2014,uniform_low_k1.25,BS_P,1.39082892581959,FALSE,TRUE
2014,uniform_low_k1.25,BS_SIL,0.70466514004572,FALSE,TRUE
2014,uniform_low_k1.25,CC_BR,0.155818844153005,FALSE,TRUE
2014,uniform_low_k1.25,CC_G,0.0424776417269233,FALSE,TRUE
2014,uniform_low_k1.25,CC_SIL,-0.0199988887507473,FALSE,TRUE
2014,uniform_low_k1.25,HN_BR,-0.256234741017856,FALSE,TRUE
2014,uniform_low_k1.25,HN_G,0.205892909399006,FALSE,TRUE
2014,uniform_low_k1.25,HN_G3,0.127615947649039,FALSE,TRUE
2014,uniform_low_k1.25,HN_P3,0.807913923340144,FALSE,TRUE
2014,uniform_low_k1.25,HN_SIL,0.348868010975826,FALSE,TRUE
2014,uniform_low_k1.25,HN_SIL3,0.535803829769046,FALSE,TRUE
2014,uniform_low_k1.25,KA_BR,-0.261066717166341,FALSE,TRUE
2014,uniform_low_k1.25,KA_G,0.401763381029475,FALSE,TRUE
2014,uniform_low_k1.25,KA_P,0.615588573614709,FALSE,TRUE
2014,uniform_low_k1.25,KA_SIL,0.765099554981839,FALSE,TRUE
2014,uniform_low_k1.25,LA_G,0.158724790376857,FALSE,TRUE
2014,uniform_low_k1.25,LA_P,0.936087878956496,FALSE,TRUE
2014,uniform_low_k1.25,LA_SIL,4.47291225419898,FALSE,TRUE
2014,uniform_low_k1.25,MOL_G,0.0156344678052374,FALSE,TRUE
2014,uniform_low_k1.25,MOL_P,0.507555319323789,FALSE,TRUE
2014,uniform_low_k1.25,MOL_SIL,0.461556462216196,FALSE,TRUE
2014,uniform_low_k1.25,OS_BR,-0.634082759040499,FALSE,TRUE
2014,uniform_low_k1.25,OS_G,-0.0662168641908518,FALSE,TRUE
2014,uniform_low_k1.25,OS_P,-0.2683443488412,FALSE,TRUE
2014,uniform_low_k1.25,OS_SIL,0.14845071445747,FALSE,TRUE
2014,uniform_low_k1.25,SH_G,0.225201290763796,FALSE,TRUE
2014,uniform_low_k1.25,SH_P,0.985531854736173,FALSE,TRUE
2014,uniform_low_k1.25,SH_SIL,0.71003304056999,FALSE,TRUE
2014,uniform_low_k1.25,SH_SIL2,0.775505276615251,FALSE,TRUE
2014,uniform_low_k1.25,VAL_BR,-0.547429727065107,FALSE,TRUE
2014,uniform_low_k1.25,VAL_G,-0.49414850206068,FALSE,TRUE
2014,uniform_low_k1.25,VAL_P,1.38901444992498,FALSE,TRUE
2014,uniform_low_k1.25,VAL_SIL,-1.14898801980735,FALSE,TRUE
2014,uniform_low_k1.25,WEST_BR,-0.0391853788471155,FALSE,TRUE
2014,zero_tau0.00,ANT_BR,-0.336687149955879,FALSE,TRUE
2014,zero_tau0.00,ANT_BR_HSA,0.747096725394253,FALSE,TRUE
2014,zero_tau0.00,ANT_G,-0.0344116399334236,FALSE,TRUE
2014,zero_tau0.00,ANT_G3,1.21806327674926,FALSE,TRUE
2014,zero_tau0.00,ANT_P3,-1.26346763062326,FALSE,TRUE
2014,zero_tau0.00,ANT_SIL,-0.587722719841749,FALSE,TRUE
2014,zero_tau0.00,ANT_SIL3,-8.18909945419709,TRUE,TRUE
2014,zero_tau0.00,BS_BR,-0.0260937026279074,FALSE,TRUE
2014,zero_tau0.00,BS_BR_HSA,-0.322710032365979,FALSE,TRUE
2014,zero_tau0.00,BS_G,-0.726332508556994,FALSE,TRUE
2014,zero_tau0.00,BS_P,0.132605191248547,FALSE,TRUE
2014,zero_tau0.00,BS_SIL,0.290638495419645,FALSE,TRUE
2014,zero_tau0.00,CC_BR,-0.546167238357966,FALSE,TRUE
2014,zero_tau0.00,CC_G,-0.275635768194787,FALSE,TRUE
2014,zero_tau0.00,CC_SIL,-0.553607548408573,FALSE,TRUE
2014,zero_tau0.00,HN_BR,-0.484817587689286,FALSE,TRUE
2014,zero_tau0.00,HN_G,-0.755854380722012,FALSE,TRUE
2014,zero_tau0.00,HN_G3,-0.178696268494097,FALSE,TRUE
2014,zero_tau0.00,HN_P3,-0.371050011370754,FALSE,TRUE
2014,zero_tau0.00,HN_SIL,-1.13167314665305,FALSE,TRUE
2014,zero_tau0.00,HN_SIL3,-1.45461380810722,FALSE,TRUE
2014,zero_tau0.00,KA_BR,-0.861411421287686,FALSE,TRUE
2014,zero_tau0.00,KA_G,-0.246655148142366,FALSE,TRUE
2014,zero_tau0.00,KA_P,-0.651347482279848,FALSE,TRUE
2014,zero_tau0.00,KA_SIL,-1.06449438189969,FALSE,TRUE
2014,zero_tau0.00,LA_G,-0.674512224929932,FALSE,TRUE
2014,zero_tau0.00,LA_P,-0.368553845448879,FALSE,TRUE
2014,zero_tau0.00,LA_SIL,6.84597594427924,TRUE,TRUE
2014,zero_tau0.00,MOL_G,-0.0949000710903345,FALSE,TRUE
2014,zero_tau0.00,MOL_P,-0.456758680133664,FALSE,TRUE
2014,zero_tau0.00,MOL_SIL,0.291765124332301,FALSE,TRUE
2014,zero_tau0.00,OS_BR,-0.22855270433597,FALSE,TRUE
2014,zero_tau0.00,OS_G,-0.2445226446365,FALSE,TRUE
2014,zero_tau0.00,OS_P,-0.225146869878654,FALSE,TRUE
2014,zero_tau0.00,OS_SIL,-0.180577836323326,FALSE,TRUE
2014,zero_tau0.00,SH_G,-0.0154337065488405,FALSE,TRUE
2014,zero_tau0.00,SH_P,-0.50975737164841,FALSE,TRUE
2014,zero_tau0.00,SH_SIL,-0.571324316085021,FALSE,TRUE
2014,zero_tau0.00,SH_SIL2,-0.689702226936666,FALSE,TRUE
2014,zero_tau0.00,VAL_BR,1.93892739443009,FALSE,TRUE
2014,zero_tau0.00,VAL_G,0.657006584969437,FALSE,TRUE
2014,zero_tau0.00,VAL_P,-0.317824206908913,FALSE,TRUE
2014,zero_tau0.00,VAL_SIL,1.36398289729839,FALSE,TRUE
2014,zero_tau0.00,WEST_BR,-0.590614729344681,FALSE,TRUE
2014,zero_tau0.50,ANT_BR,-0.594237313401337,FALSE,TRUE
2014,zero_tau0.50,ANT_BR_HSA,-0.44146172091578,FALSE,TRUE
2014,zero_tau0.50,ANT_G,-0.188119177252555,FALSE,TRUE
2014,zero_tau0.50,ANT_G3,-1.30398814411554,FALSE,TRUE
2014,zero_tau0.50,ANT_P3,-1.82002515900233,FALSE,TRUE
2014,zero_tau0.50,ANT_SIL,-0.593995839716264,FALSE,TRUE
2014,zero_tau0.50,ANT_SIL3,1.48515111471809,FALSE,TRUE
2014,zero_tau0.50,BS_BR,-0.47421061133309,FALSE,TRUE
2014,zero_tau0.50,BS_BR_HSA,-0.594545165125932,FALSE,TRUE
2014,zero_tau0.50,BS_G,0.0153723465327352,FALSE,TRUE
2014,zero_tau0.50,BS_P,2.06967422790822,FALSE,TRUE
2014,zero_tau0.50,BS_SIL,-0.43193140927134,FALSE,TRUE
2014,zero_tau0.50,CC_BR,0.172777789926253,FALSE,TRUE
2014,zero_tau0.50,CC_G,-0.0666797518077269,FALSE,TRUE
2014,zero_tau0.50,CC_SIL,0.0940765664438555,FALSE,TRUE
2014,zero_tau0.50,HN_BR,0.374876535444059,FALSE,TRUE
2014,zero_tau0.50,HN_G,-0.183152017724388,FALSE,TRUE
2014,zero_tau0.50,HN_G3,0.0209307232374574,FALSE,TRUE
2014,zero_tau0.50,HN_P3,-0.494560910551094,FALSE,TRUE
2014,zero_tau0.50,HN_SIL,1.20759227269594,FALSE,TRUE
2014,zero_tau0.50,HN_SIL3,-0.401840814554886,FALSE,TRUE
2014,zero_tau0.50,KA_BR,-0.342089525477631,FALSE,TRUE
2014,zero_tau0.50,KA_G,0.0516036982934569,FALSE,TRUE
2014,zero_tau0.50,KA_P,0.00825711531254944,FALSE,TRUE
2014,zero_tau0.50,KA_SIL,1.46012977735561,FALSE,TRUE
2014,zero_tau0.50,LA_G,0.0970276066646636,FALSE,TRUE
2014,zero_tau0.50,LA_P,-0.148822275199683,FALSE,TRUE
2014,zero_tau0.50,LA_SIL,3.96171352733307,FALSE,TRUE
2014,zero_tau0.50,MOL_G,0.0739161708064187,FALSE,TRUE
2014,zero_tau0.50,MOL_P,0.113078472045508,FALSE,TRUE
2014,zero_tau0.50,MOL_SIL,-0.152683510446161,FALSE,TRUE
2014,zero_tau0.50,OS_BR,-1.2136772921878,FALSE,TRUE
2014,zero_tau0.50,OS_G,-0.0625106400707247,FALSE,TRUE
2014,zero_tau0.50,OS_P,-0.239789967476879,FALSE,TRUE
2014,zero_tau0.50,OS_SIL,0.092391151192146,FALSE,TRUE
2014,zero_tau0.50,SH_BR,0.172467889943844,FALSE,TRUE
2014,zero_tau0.50,SH_G,-0.0459660696803346,FALSE,TRUE
2014,zero_tau0.50,SH_P,-0.159478383542584,FALSE,TRUE
2014,zero_tau0.50,SH_SIL,-0.148298069931223,FALSE,TRUE
2014,zero_tau0.50,SH_SIL2,-0.161076163837991,FALSE,TRUE
2014,zero_tau0.50,VAL_BR,-1.27032913666493,FALSE,TRUE
2014,zero_tau0.50,VAL_G,1.87184690548621,FALSE,TRUE
2014,zero_tau0.50,VAL_P,-2.72635103379678,FALSE,TRUE
2014,zero_tau0.50,VAL_SIL,0.401297995509215,FALSE,TRUE
2014,zero_tau0.50,WEST_BR_HSA,0.0368905001822358,FALSE,TRUE
2014,zero_tau1.00,ANT_BR,-0.415311872080902,FALSE,TRUE
2014,zero_tau1.00,ANT_BR_HSA,-1.06287258987732,FALSE,TRUE
2014,zero_tau1.00,ANT_G,0.0283325266419935,FALSE,TRUE
2014,zero_tau1.00,ANT_G3,-1.59507692943522,FALSE,TRUE
2014,zero_tau1.00,ANT_P3,0.730567796357032,FALSE,TRUE
2014,zero_tau1.00,ANT_SIL,-0.206853811649533,FALSE,TRUE
2014,zero_tau1.00,ANT_SIL3,-3.60599549822594,FALSE,TRUE
2014,zero_tau1.00,BS_BR,-0.806871879923671,FALSE,TRUE
2014,zero_tau1.00,BS_BR_HSA,-0.687877082883816,FALSE,TRUE
2014,zero_tau1.00,BS_G,0.434342185729676,FALSE,TRUE
2014,zero_tau1.00,BS_P,-0.269585407819943,FALSE,TRUE
2014,zero_tau1.00,BS_SIL,-2.52121881671805,FALSE,TRUE
2014,zero_tau1.00,CC_BR,-0.393464747748049,FALSE,TRUE
2014,zero_tau1.00,CC_G,0.314296384574169,FALSE,TRUE
2014,zero_tau1.00,CC_SIL,-0.170500783504817,FALSE,TRUE
2014,zero_tau1.00,HN_BR,-0.227964754570855,FALSE,TRUE
2014,zero_tau1.00,HN_G,-0.0858630102831775,FALSE,TRUE
2014,zero_tau1.00,HN_G3,7.6496182481087e-4,FALSE,TRUE
2014,zero_tau1.00,HN_P3,0.223084966776502,FALSE,TRUE
2014,zero_tau1.00,HN_SIL,0.747404353619889,FALSE,TRUE
2014,zero_tau1.00,HN_SIL3,-0.213491709032117,FALSE,TRUE
2014,zero_tau1.00,KA_BR,-0.346351544715546,FALSE,TRUE
2014,zero_tau1.00,KA_G,-0.169233376619185,FALSE,TRUE
2014,zero_tau1.00,KA_P,-0.392415086521889,FALSE,TRUE
2014,zero_tau1.00,KA_SIL,-0.457307670522802,FALSE,TRUE
2014,zero_tau1.00,LA_G,-0.214679426953665,FALSE,TRUE
2014,zero_tau1.00,LA_P,0.106315854123135,FALSE,TRUE
2014,zero_tau1.00,LA_SIL,2.61137266755256,FALSE,TRUE
2014,zero_tau1.00,MOL_G,-0.425857827469284,FALSE,TRUE
2014,zero_tau1.00,MOL_P,0.335891754981367,FALSE,TRUE
2014,zero_tau1.00,MOL_SIL,0.00136395266213742,FALSE,TRUE
2014,zero_tau1.00,OS_BR,-0.578566142121374,FALSE,TRUE
2014,zero_tau1.00,OS_G,0.0498431674198054,FALSE,TRUE
2014,zero_tau1.00,OS_P,0.0357244842644934,FALSE,TRUE
2014,zero_tau1.00,OS_SIL,-0.239409506291665,FALSE,TRUE
2014,zero_tau1.00,SH_G,-0.47290326374177,FALSE,TRUE
2014,zero_tau1.00,SH_P,0.149240579135579,FALSE,TRUE
2014,zero_tau1.00,SH_SIL,0.439187608926701,FALSE,TRUE
2014,zero_tau1.00,SH_SIL2,0.369260624153196,FALSE,TRUE
2014,zero_tau1.00,VAL_BR,0.826080888198099,FALSE,TRUE
2014,zero_tau1.00,VAL_G,-1.4125682311245,FALSE,TRUE
2014,zero_tau1.00,VAL_P,0.662856568547039,FALSE,TRUE
2014,zero_tau1.00,VAL_SIL,-4.13079583587694,FALSE,TRUE
2015,aligned,ANT_BR,-0.368356274710081,FALSE,TRUE
2015,aligned,ANT_BR_HSA,-0.360636772019979,FALSE,TRUE
2015,aligned,ANT_G,-0.942568081697155,FALSE,TRUE
2015,aligned,ANT_G3,0.885176368191723,FALSE,TRUE
2015,aligned,ANT_SIL,-4.34987171210518,FALSE,TRUE
2015,aligned,ANT_SIL3,-0.379747310814048,FALSE,TRUE
2015,aligned,BS_BR,-0.205009533958665,FALSE,TRUE
2015,aligned,BS_BR_HSA,0.0142656981120101,FALSE,TRUE
2015,aligned,BS_G,-1.15742764251864,FALSE,TRUE
2015,aligned,BS_P,-1.92666756165097,FALSE,TRUE
2015,aligned,BS_SIL,0.593838987480563,FALSE,TRUE
2015,aligned,CC_BR,-0.287457356160403,FALSE,TRUE
2015,aligned,CC_SIL,0.175556137137236,FALSE,TRUE
2015,aligned,HN_BR,-0.191932100847017,FALSE,TRUE
2015,aligned,HN_BR3,0.0372082495328641,FALSE,TRUE
2015,aligned,HN_G,0.59784776726181,FALSE,TRUE
2015,aligned,HN_G3,-0.112710900504762,FALSE,TRUE
2015,aligned,HN_P3,-0.152974645017255,FALSE,TRUE
2015,aligned,HN_SIL,-0.176941461647251,FALSE,TRUE
2015,aligned,HN_SIL3,0.407865402507609,FALSE,TRUE
2015,aligned,KA_BR,-0.272432082241215,FALSE,TRUE
2015,aligned,KA_G,-0.198011072334108,FALSE,TRUE
2015,aligned,KA_P,-0.450557035760888,FALSE,TRUE
2015,aligned,KA_SIL,4.14304510733682,FALSE,TRUE
2015,aligned,LA_G,1.25819177852685,FALSE,TRUE
2015,aligned,LA_P,0.751086133124395,FALSE,TRUE
2015,aligned,LA_SIL,-0.955518924663824,FALSE,TRUE
2015,aligned,MOL_G,1.16480855085275,FALSE,TRUE
2015,aligned,MOL_P,-0.645216608874496,FALSE,TRUE
2015,aligned,MOL_SIL,-0.323882585391098,FALSE,TRUE
2015,aligned,SH_G,-1.0668017166589,FALSE,TRUE
2015,aligned,SH_P,-0.251911296693026,FALSE,TRUE
2015,aligned,SH_P2,-1.32204281742927,FALSE,TRUE
2015,aligned,SH_SIL,0.0492673711683232,FALSE,TRUE
2015,aligned,SH_SIL2,-3.73118582412807,FALSE,TRUE
2015,aligned,VAL_G,0.177804237648305,FALSE,TRUE
2015,aligned,VAL_SIL,0.639978091084074,FALSE,TRUE
2015,aligned,WEST_BR,-0.0188980314237121,FALSE,TRUE
2015,aligned,WEST_BR_HSA,-0.183887021162463,FALSE,TRUE
2015,aligned,WEST_SIL,-0.0568752736019787,FALSE,TRUE
2015,baseline,ANT_BR,-0.0438277248257937,FALSE,TRUE
2015,baseline,ANT_BR_HSA,-0.119150071347605,FALSE,TRUE
2015,baseline,ANT_G,-0.129356881296304,FALSE,TRUE
2015,baseline,ANT_G3,0.0481603028073502,FALSE,TRUE
2015,baseline,ANT_P,0.300831155677943,FALSE,TRUE
2015,baseline,ANT_P3,0.204363208544932,FALSE,TRUE
2015,baseline,ANT_SIL,-0.284614460818608,FALSE,TRUE
2015,baseline,ANT_SIL3,-4.33715480026005,FALSE,TRUE
2015,baseline,BS_BR,-0.0292610613264657,FALSE,TRUE
2015,baseline,BS_BR_HSA,-0.046485683134665,FALSE,TRUE
2015,baseline,BS_G,-0.174938829297676,FALSE,TRUE
2015,baseline,BS_P,0.139259198693462,FALSE,TRUE
2015,baseline,BS_SIL,0.0420448793311922,FALSE,TRUE
2015,baseline,CC_BR,-0.0251110543877012,FALSE,TRUE
2015,baseline,CC_SIL,0.0191358232211128,FALSE,TRUE
2015,baseline,HN_BR,0.144059910762873,FALSE,TRUE
2015,baseline,HN_BR3,0.0576307658798494,FALSE,TRUE
2015,baseline,HN_G,-0.021003961220134,FALSE,TRUE
2015,baseline,HN_G3,-0.0315346771553808,FALSE,TRUE
2015,baseline,HN_P3,-0.0244778439434467,FALSE,TRUE
2015,baseline,HN_SIL,-0.0844149540999832,FALSE,TRUE
2015,baseline,HN_SIL3,0.151128943011644,FALSE,TRUE
2015,baseline,KA_BR,-0.0552903351394837,FALSE,TRUE
2015,baseline,KA_G,-0.0653773631668233,FALSE,TRUE
2015,baseline,KA_P,-0.0615752737473583,FALSE,TRUE
2015,baseline,KA_SIL,0.43197664293537,FALSE,TRUE
2015,baseline,LA_BR,0.0510061293041688,FALSE,TRUE
2015,baseline,LA_G,-0.0503892814054245,FALSE,TRUE
2015,baseline,LA_P,-0.110661053430891,FALSE,TRUE
2015,baseline,LA_SIL,-0.051735304100643,FALSE,TRUE
2015,baseline,MOL_BR,-0.00771931734881169,FALSE,TRUE
2015,baseline,MOL_G,0.0251997882047347,FALSE,TRUE
2015,baseline,MOL_P,-0.0807478360104846,FALSE,TRUE
2015,baseline,MOL_SIL,-0.0618687605320542,FALSE,TRUE
2015,baseline,SH_BR,-0.123624197084833,FALSE,TRUE
2015,baseline,SH_BR2,-0.129743106970231,FALSE,TRUE
2015,baseline,SH_G,-0.0769035261677749,FALSE,TRUE
2015,baseline,SH_P,-0.0483777601517734,FALSE,TRUE
2015,baseline,SH_P2,-0.13205725259883,FALSE,TRUE
2015,baseline,SH_SIL,-0.0424055242110935,FALSE,TRUE
2015,baseline,SH_SIL2,-0.0300318852578925,FALSE,TRUE
2015,baseline,VAL_BR,-0.038327508603347,FALSE,TRUE
2015,baseline,VAL_G,-0.115543758497491,FALSE,TRUE
2015,baseline,VAL_SIL,-0.0484298712254852,FALSE,TRUE
2015,baseline,WEST_BR,-0.00102715403379691,FALSE,TRUE
2015,baseline,WEST_BR_HSA,-0.0222689984967692,FALSE,TRUE
2015,baseline,WEST_SIL,-0.116041253016068,FALSE,TRUE
2015,flat_mandate,ANT_BR,0.228953724750746,FALSE,TRUE
2015,flat_mandate,ANT_BR_HSA,0.21936516413824,FALSE,TRUE
2015,flat_mandate,ANT_G,0.0346515778284162,FALSE,TRUE
2015,flat_mandate,ANT_G3,0.0673569384350289,FALSE,TRUE
2015,flat_mandate,ANT_P,-1.47361352442718,FALSE,TRUE
2015,flat_mandate,ANT_SIL,1.10743759037239,FALSE,TRUE
2015,flat_mandate,ANT_SIL3,-4.36188292648687,FALSE,TRUE
2015,flat_mandate,BS_BR,-0.0117805902346426,FALSE,TRUE
2015,flat_mandate,BS_BR_HSA,-0.0304486679753223,FALSE,TRUE
2015,flat_mandate,BS_G,-0.0840783215205947,FALSE,TRUE
2015,flat_mandate,BS_P,0.267894416768875,FALSE,TRUE
2015,flat_mandate,BS_SIL,-0.0302192347646406,FALSE,TRUE
2015,flat_mandate,CC_SIL,0.536607215190531,FALSE,TRUE
2015,flat_mandate,HN_BR,-0.156087428464647,FALSE,TRUE
2015,flat_mandate,HN_BR3,0.0186415381205427,FALSE,TRUE
2015,flat_mandate,HN_G,0.131834442896448,FALSE,TRUE
2015,flat_mandate,HN_G3,0.182003584825468,FALSE,TRUE
2015,flat_mandate,HN_P3,0.159289332224406,FALSE,TRUE
2015,flat_mandate,HN_SIL,-0.00191346122199208,FALSE,TRUE
2015,flat_mandate,HN_SIL3,0.249444652644952,FALSE,TRUE
2015,flat_mandate,KA_BR,-0.153298712170025,FALSE,TRUE
2015,flat_mandate,KA_G,-0.191666594154557,FALSE,TRUE
2015,flat_mandate,KA_P,-0.230766130180462,FALSE,TRUE
2015,flat_mandate,KA_SIL,1.8887999424409,FALSE,TRUE
2015,flat_mandate,LA_G,-0.416841559978978,FALSE,TRUE
2015,flat_mandate,LA_P,-0.227425217376662,FALSE,TRUE
2015,flat_mandate,LA_SIL,-0.207986030915363,FALSE,TRUE
2015,flat_mandate,MOL_G,-0.168775591095391,FALSE,TRUE
2015,flat_mandate,MOL_P,-0.277174675887753,FALSE,TRUE
2015,flat_mandate,MOL_SIL,-0.220277836945438,FALSE,TRUE
2015,flat_mandate,SH_G,-0.328157178837502,FALSE,TRUE
2015,flat_mandate,SH_P,0.241084532509799,FALSE,TRUE
2015,flat_mandate,SH_SIL,-0.0807949029110534,FALSE,TRUE
2015,flat_mandate,SH_SIL2,-6.20439491168922,TRUE,TRUE
2015,flat_mandate,VAL_G,-0.173374932963931,FALSE,TRUE
2015,flat_mandate,VAL_SIL,-0.187176235689933,FALSE,TRUE
2015,flat_mandate,WEST_BR,-0.279031531433061,FALSE,TRUE
2015,flat_mandate,WEST_SIL,-0.190224897597589,FALSE,TRUE
2015,scale_0.50,ANT_BR,0.0404321309894565,FALSE,TRUE
2015,scale_0.50,ANT_BR_HSA,0.0560589342176558,FALSE,TRUE
2015,scale_0.50,ANT_G,0.0520984966841367,FALSE,TRUE
2015,scale_0.50,ANT_G3,0.0450624284723201,FALSE,TRUE
2015,scale_0.50,ANT_P,0.455509148466794,FALSE,TRUE
2015,scale_0.50,ANT_SIL,0.567365527556367,FALSE,TRUE
2015,scale_0.50,ANT_SIL3,-0.0461430974779978,FALSE,TRUE
2015,scale_0.50,BS_BR,0.0345110238175378,FALSE,TRUE
2015,scale_0.50,BS_BR_HSA,0.0339236369152132,FALSE,TRUE
2015,scale_0.50,BS_G,0.128713041749783,FALSE,TRUE
2015,scale_0.50,BS_P,0.00776093133112221,FALSE,TRUE
2015,scale_0.50,BS_SIL,0.0469409079676734,FALSE,TRUE
2015,scale_0.50,CC_BR,0.0105124583311753,FALSE,TRUE
2015,scale_0.50,CC_SIL,0.0186573501067709,FALSE,TRUE
2015,scale_0.50,HN_BR,0.104462722598569,FALSE,TRUE
2015,scale_0.50,HN_BR3,0.0396251787429957,FALSE,TRUE
2015,scale_0.50,HN_G,0.0295019421739509,FALSE,TRUE
2015,scale_0.50,HN_G3,0.0708765140973637,FALSE,TRUE
2015,scale_0.50,HN_P3,0.0835817923343814,FALSE,TRUE
2015,scale_0.50,HN_SIL,0.0483096925185305,FALSE,TRUE
2015,scale_0.50,HN_SIL3,0.0952286581296038,FALSE,TRUE
2015,scale_0.50,KA_BR,0.00646033631177167,FALSE,TRUE
2015,scale_0.50,KA_G,0.103444076380256,FALSE,TRUE
2015,scale_0.50,KA_P,0.153168875438465,FALSE,TRUE
2015,scale_0.50,KA_SIL,-1.0128155110921,FALSE,TRUE
2015,scale_0.50,LA_G,0.056124228188936,FALSE,TRUE
2015,scale_0.50,LA_P,0.134908390910649,FALSE,TRUE
2015,scale_0.50,LA_SIL,0.0351945176802102,FALSE,TRUE
2015,scale_0.50,MOL_G,0.0365668272085921,FALSE,TRUE
2015,scale_0.50,MOL_P,0.065824281321545,FALSE,TRUE
2015,scale_0.50,MOL_SIL,0.0456223026103853,FALSE,TRUE
2015,scale_0.50,SH_G,0.0392633981735875,FALSE,TRUE
2015,scale_0.50,SH_P,0.099190597740810807,FALSE,TRUE
2015,scale_0.50,SH_P2,0.170741869009996,FALSE,TRUE
2015,scale_0.50,SH_SIL,0.140779336108609,FALSE,TRUE
2015,scale_0.50,SH_SIL2,-1.18691476371139,FALSE,TRUE
2015,scale_0.50,VAL_G,0.0624543516336588,FALSE,TRUE
2015,scale_0.50,VAL_SIL,-0.0130987102742316,FALSE,TRUE
2015,scale_0.50,WEST_BR,0.0103073725699247,FALSE,TRUE
2015,scale_0.50,WEST_BR_HSA,0.00166563492932673,FALSE,TRUE
2015,scale_0.50,WEST_SIL,0.0697769599936513,FALSE,TRUE
2015,uniform_low,ANT_BR,-0.327239453494446,FALSE,TRUE
2015,uniform_low,ANT_BR_HSA,-0.232879621568881,FALSE,TRUE
2015,uniform_low,ANT_G,0.204178807757969,FALSE,TRUE
2015,uniform_low,ANT_G3,-0.11646810192125,FALSE,TRUE
2015,uniform_low,ANT_P,-3.04032309048177,FALSE,TRUE
2015,uniform_low,ANT_SIL,0.673207269059995,FALSE,TRUE
2015,uniform_low,ANT_SIL3,0.0364620762437725,FALSE,TRUE
2015,uniform_low,BS_BR,0.255267794925381,FALSE,TRUE
2015,uniform_low,BS_BR_HSA,-0.0342910941874155,FALSE,TRUE
2015,uniform_low,BS_G,-0.122956559292121,FALSE,TRUE
2015,uniform_low,BS_P,-1.97291287066966,FALSE,TRUE
2015,uniform_low,BS_SIL,-0.560367868744504,FALSE,TRUE
2015,uniform_low,CC_BR,-0.0743823604267462,FALSE,TRUE
2015,uniform_low,CC_SIL,0.311607679695731,FALSE,TRUE
2015,uniform_low,HN_BR,0.129284335395195,FALSE,TRUE
2015,uniform_low,HN_BR3,-0.0551320418541781,FALSE,TRUE
2015,uniform_low,HN_G,0.201509910589478,FALSE,TRUE
2015,uniform_low,HN_G3,0.659014969677251,FALSE,TRUE
2015,uniform_low,HN_P3,0.382186067724894,FALSE,TRUE
2015,uniform_low,HN_SIL,0.662436775259062,FALSE,TRUE
2015,uniform_low,HN_SIL3,0.398410324193262,FALSE,TRUE
2015,uniform_low,KA_BR,-0.137385943527796,FALSE,TRUE
2015,uniform_low,KA_G,0.988118620118012,FALSE,TRUE
2015,uniform_low,KA_P,0.841235412252926,FALSE,TRUE
2015,uniform_low,KA_SIL,1.53964708265874,FALSE,TRUE
2015,uniform_low,LA_G,-0.125341747219909,FALSE,TRUE
2015,uniform_low,LA_P,1.8326885152135,FALSE,TRUE
2015,uniform_low,LA_SIL,-0.367834353801672,FALSE,TRUE
2015,uniform_low,MOL_G,0.0388728066586777,FALSE,TRUE
2015,uniform_low,MOL_P,0.783784642867937,FALSE,TRUE
2015,uniform_low,MOL_SIL,-0.601387728799468,FALSE,TRUE
2015,uniform_low,SH_G,0.584188072465478,FALSE,TRUE
2015,uniform_low,SH_P,1.26126333943277,FALSE,TRUE
2015,uniform_low,SH_P2,0.611323707474254,FALSE,TRUE
2015,uniform_low,SH_SIL,0.772176393218552,FALSE,TRUE
2015,uniform_low,SH_SIL2,-2.3939416996462,FALSE,TRUE
2015,uniform_low,VAL_G,2.73370977220098,FALSE,TRUE
2015,uniform_low,VAL_SIL,-0.258202443745738,FALSE,TRUE
2015,uniform_low,WEST_BR,1.07822554324141,FALSE,TRUE
2015,uniform_low,WEST_BR_HSA,1.28165499850472,FALSE,TRUE
2015,uniform_low,WEST_SIL,0.871977207247372,FALSE,TRUE
2015,uniform_low_k0.75,ANT_BR,-0.101648964783314,FALSE,TRUE
2015,uniform_low_k0.75,ANT_BR_HSA,-0.0074507656551547,FALSE,TRUE
2015,uniform_low_k0.75,ANT_G,0.0389182533925515,FALSE,TRUE
2015,uniform_low_k0.75,ANT_G3,-0.232156634925232,FALSE,TRUE
2015,uniform_low_k0.75,ANT_P,-4.86148903613706,FALSE,TRUE
2015,uniform_low_k0.75,ANT_SIL,0.477499863115191,FALSE,TRUE
2015,uniform_low_k0.75,ANT_SIL3,-0.295253790710749,FALSE,TRUE
2015,uniform_low_k0.75,BS_BR,0.432369566777276,FALSE,TRUE
2015,uniform_low_k0.75,BS_BR_HSA,0.141056053385531,FALSE,TRUE
2015,uniform_low_k0.75,BS_G,-0.378718907945915,FALSE,TRUE
2015,uniform_low_k0.75,BS_P,-3.51210337149138,FALSE,TRUE
2015,uniform_low_k0.75,BS_SIL,-0.912615166238538,FALSE,TRUE
2015,uniform_low_k0.75,CC_SIL,0.395115521167327,FALSE,TRUE
2015,uniform_low_k0.75,HN_BR,0.593783461947979,FALSE,TRUE
2015,uniform_low_k0.75,HN_BR3,0.200611144897614,FALSE,TRUE
2015,uniform_low_k0.75,HN_G,0.208056202102972,FALSE,TRUE
2015,uniform_low_k0.75,HN_G3,0.615810526485299,FALSE,TRUE
2015,uniform_low_k0.75,HN_P3,-0.565738229463675,FALSE,TRUE
2015,uniform_low_k0.75,HN_SIL,0.562079576881532,FALSE,TRUE
2015,uniform_low_k0.75,HN_SIL3,-0.0777879994061173,FALSE,TRUE
2015,uniform_low_k0.75,KA_BR,0.332887597582864,FALSE,TRUE
2015,uniform_low_k0.75,KA_G,1.20628785639289,FALSE,TRUE
2015,uniform_low_k0.75,KA_P,1.14721580834262,FALSE,TRUE
2015,uniform_low_k0.75,KA_SIL,1.50506092297417,FALSE,TRUE
2015,uniform_low_k0.75,LA_G,-0.0769959396535892,FALSE,TRUE
2015,uniform_low_k0.75,LA_P,0.567797203112238,FALSE,TRUE
2015,uniform_low_k0.75,LA_SIL,-0.938763164514102,FALSE,TRUE
2015,uniform_low_k0.75,MOL_G,0.0416191386882359,FALSE,TRUE
2015,uniform_low_k0.75,MOL_P,0.259490550313785,FALSE,TRUE
2015,uniform_low_k0.75,MOL_SIL,-0.995774377643709,FALSE,TRUE
2015,uniform_low_k0.75,SH_G,0.49545368195613,FALSE,TRUE
2015,uniform_low_k0.75,SH_P,-0.10431478944163,FALSE,TRUE
2015,uniform_low_k0.75,SH_P2,-0.833277879451335,FALSE,TRUE
2015,uniform_low_k0.75,SH_SIL,0.0459097757901099,FALSE,TRUE
2015,uniform_low_k0.75,SH_SIL2,-3.14868579736957,FALSE,TRUE
2015,uniform_low_k0.75,VAL_G,2.4214580996406,FALSE,TRUE
2015,uniform_low_k0.75,VAL_SIL,-0.580410182138074,FALSE,TRUE
2015,uniform_low_k0.75,WEST_BR,1.60041615386179,FALSE,TRUE
2015,uniform_low_k0.75,WEST_BR_HSA,1.79858084919796,FALSE,TRUE
2015,uniform_low_k0.75,WEST_SIL,0.521852976590527,FALSE,TRUE
2015,uniform_low_k1.25,ANT_BR,-0.491155013869914,FALSE,TRUE
2015,uniform_low_k1.25,ANT_BR_HSA,-0.397290589032756,FALSE,TRUE
2015,uniform_low_k1.25,ANT_G,0.374919214629984,FALSE,TRUE
2015,uniform_low_k1.25,ANT_G3,0.0131790642133582,FALSE,TRUE
2015,uniform_low_k1.25,ANT_P,-1.44884067868204,FALSE,TRUE
2015,uniform_low_k1.25,ANT_SIL,0.896525780549367,FALSE,TRUE
2015,uniform_low_k1.25,ANT_SIL3,0.389185654570355,FALSE,TRUE
2015,uniform_low_k1.25,BS_BR,0.13638869216832,FALSE,TRUE
2015,uniform_low_k1.25,BS_BR_HSA,-0.152511164031568,FALSE,TRUE
2015,uniform_low_k1.25,BS_G,0.130764595051401,FALSE,TRUE
2015,uniform_low_k1.25,BS_P,-0.614655998971796,FALSE,TRUE
2015,uniform_low_k1.25,BS_SIL,-0.183900770526084,FALSE,TRUE
2015,uniform_low_k1.25,CC_BR,-0.55481386660381,FALSE,TRUE
2015,uniform_low_k1.25,CC_SIL,0.310345493509387,FALSE,TRUE
2015,uniform_low_k1.25,HN_BR,-0.228151993995113,FALSE,TRUE
2015,uniform_low_k1.25,HN_BR3,-0.223684326896773,FALSE,TRUE
2015,uniform_low_k1.25,HN_G,0.23818535428032,FALSE,TRUE
2015,uniform_low_k1.25,HN_G3,0.748353809765234,FALSE,TRUE
2015,uniform_low_k1.25,HN_P3,1.2502311176907701,FALSE,TRUE
2015,uniform_low_k1.25,HN_SIL,0.819876991586957,FALSE,TRUE
2015,uniform_low_k1.25,HN_SIL3,0.917375689585277,FALSE,TRUE
2015,uniform_low_k1.25,KA_BR,-0.525885248595537,FALSE,TRUE
2015,uniform_low_k1.25,KA_G,0.815839948254577,FALSE,TRUE
2015,uniform_low_k1.25,KA_P,0.594640792051803,FALSE,TRUE
2015,uniform_low_k1.25,KA_SIL,1.59975455082478,FALSE,TRUE
2015,uniform_low_k1.25,LA_G,-0.103125795843538,FALSE,TRUE
2015,uniform_low_k1.25,LA_P,2.98583775825794,FALSE,TRUE
2015,uniform_low_k1.25,LA_SIL,0.262076276391616,FALSE,TRUE
2015,uniform_low_k1.25,MOL_G,0.0976737736740778,FALSE,TRUE
2015,uniform_low_k1.25,MOL_P,1.29902756463478,FALSE,TRUE
2015,uniform_low_k1.25,MOL_SIL,-0.140295098174996,FALSE,TRUE
2015,uniform_low_k1.25,SH_G,0.720910718858123,FALSE,TRUE
2015,uniform_low_k1.25,SH_P,2.49540097045924,FALSE,TRUE
2015,uniform_low_k1.25,SH_P2,1.91497825650145,FALSE,TRUE
2015,uniform_low_k1.25,SH_SIL,1.50463274470352,FALSE,TRUE
2015,uniform_low_k1.25,SH_SIL2,-1.63909112270593,FALSE,TRUE
2015,uniform_low_k1.25,VAL_G,3.06638724722786,FALSE,TRUE
2015,uniform_low_k1.25,VAL_SIL,0.14020349940579,FALSE,TRUE
2015,uniform_low_k1.25,WEST_BR,0.675270535803292,FALSE,TRUE
2015,uniform_low_k1.25,WEST_BR_HSA,0.883222280198474,FALSE,TRUE
2015,uniform_low_k1.25,WEST_SIL,1.25320549009199,FALSE,TRUE
2015,zero_tau0.00,ANT_BR,0.296696654530537,FALSE,TRUE
2015,zero_tau0.00,ANT_BR_HSA,0.0367084939564679,FALSE,TRUE
2015,zero_tau0.00,ANT_G,-0.00872266363053759,FALSE,TRUE
2015,zero_tau0.00,ANT_G3,-0.00649754302210172,FALSE,TRUE
2015,zero_tau0.00,ANT_SIL,-0.00203383108786593,FALSE,TRUE
2015,zero_tau0.00,ANT_SIL3,0.171730791539527,FALSE,TRUE
2015,zero_tau0.00,BS_BR,0.0143252073204368,FALSE,TRUE
2015,zero_tau0.00,BS_BR_HSA,0.0169376113491513,FALSE,TRUE
2015,zero_tau0.00,BS_G,-0.0275770795239597,FALSE,TRUE
2015,zero_tau0.00,BS_SIL,0.0330064596739708,FALSE,TRUE
2015,zero_tau0.00,CC_SIL,1.36923550466502,FALSE,TRUE
2015,zero_tau0.00,HN_BR,0.0376706282272389,FALSE,TRUE
2015,zero_tau0.00,HN_BR3,-0.218036663515824,FALSE,TRUE
2015,zero_tau0.00,HN_G,0.0474256266874577,FALSE,TRUE
2015,zero_tau0.00,HN_G3,-0.0491827291188234,FALSE,TRUE
2015,zero_tau0.00,HN_P3,0.299992968593826,FALSE,TRUE
2015,zero_tau0.00,HN_SIL,-2.45387437229876,FALSE,TRUE
2015,zero_tau0.00,HN_SIL3,-0.205573090960065,FALSE,TRUE
2015,zero_tau0.00,KA_BR,-0.313904242632466,FALSE,TRUE
2015,zero_tau0.00,KA_G,0.0423960944339583,FALSE,TRUE
2015,zero_tau0.00,KA_P,-0.00249573767545532,FALSE,TRUE
2015,zero_tau0.00,KA_SIL,4.98992766665651,FALSE,TRUE
2015,zero_tau0.00,LA_G,-0.0453666386768239,FALSE,TRUE
2015,zero_tau0.00,LA_P,0.149864192794893,FALSE,TRUE
2015,zero_tau0.00,LA_SIL,0.00202486517665309,FALSE,TRUE
2015,zero_tau0.00,MOL_G,-0.0487969943277687,FALSE,TRUE
2015,zero_tau0.00,MOL_P,0.0187591959441378,FALSE,TRUE
2015,zero_tau0.00,MOL_SIL,0.348099717065167,FALSE,TRUE
2015,zero_tau0.00,SH_G,0.0575769133594509,FALSE,TRUE
2015,zero_tau0.00,SH_P,0.29904638823701,FALSE,TRUE
2015,zero_tau0.00,SH_SIL,0.168264703207969,FALSE,TRUE
2015,zero_tau0.00,SH_SIL2,-6.51158359623034,TRUE,TRUE
2015,zero_tau0.00,VAL_G,-0.0223305779778596,FALSE,TRUE
2015,zero_tau0.00,VAL_SIL,0.00980103253608658,FALSE,TRUE
2015,zero_tau0.00,WEST_BR,-0.225123008323032,FALSE,TRUE
2015,zero_tau0.00,WEST_BR_HSA,-0.0786128498900379,FALSE,TRUE
2015,zero_tau0.00,WEST_SIL,0.128994639052218,FALSE,TRUE
2015,zero_tau0.50,ANT_BR,-0.188428376688822,FALSE,TRUE
2015,zero_tau0.50,ANT_BR_HSA,-0.308511028512657,FALSE,TRUE
2015,zero_tau0.50,ANT_G,-0.888275253897829,FALSE,TRUE
2015,zero_tau0.50,ANT_G3,-0.113359458026926,FALSE,TRUE
2015,zero_tau0.50,ANT_SIL,-1.0789620929576,FALSE,TRUE
2015,zero_tau0.50,ANT_SIL3,0.0799886495295126,FALSE,TRUE
2015,zero_tau0.50,BS_BR,-0.457920538350742,FALSE,TRUE
2015,zero_tau0.50,BS_BR_HSA,-0.664367607319609,FALSE,TRUE
2015,zero_tau0.50,BS_G,0.290350741061056,FALSE,TRUE
2015,zero_tau0.50,BS_P,0.0982387810804712,FALSE,TRUE
2015,zero_tau0.50,BS_SIL,0.479948260126238,FALSE,TRUE
2015,zero_tau0.50,CC_BR,-0.0187076189609078,FALSE,TRUE
2015,zero_tau0.50,CC_SIL,0.0679304648440872,FALSE,TRUE
2015,zero_tau0.50,HN_BR,-0.165414955624553,FALSE,TRUE
2015,zero_tau0.50,HN_BR3,-0.211968348217663,FALSE,TRUE
2015,zero_tau0.50,HN_G,-0.00186893264186658,FALSE,TRUE
2015,zero_tau0.50,HN_G3,-0.150004598427904,FALSE,TRUE
2015,zero_tau0.50,HN_P3,0.327219058135644,FALSE,TRUE
2015,zero_tau0.50,HN_SIL,1.61805422952309,FALSE,TRUE
2015,zero_tau0.50,HN_SIL3,-0.279389195254151,FALSE,TRUE
2015,zero_tau0.50,KA_BR,0.192591642740636,FALSE,TRUE
2015,zero_tau0.50,KA_G,0.0122013161823974,FALSE,TRUE
2015,zero_tau0.50,KA_P,0.0394900617864791,FALSE,TRUE
2015,zero_tau0.50,KA_SIL,-1.1272777857716,FALSE,TRUE
2015,zero_tau0.50,LA_G,0.180774042259012,FALSE,TRUE
2015,zero_tau0.50,LA_P,0.344415606930106,FALSE,TRUE
2015,zero_tau0.50,LA_SIL,-0.0437013437727578,FALSE,TRUE
2015,zero_tau0.50,MOL_G,-0.175737802933667,FALSE,TRUE
2015,zero_tau0.50,MOL_P,-0.0446288734301061,FALSE,TRUE
2015,zero_tau0.50,MOL_SIL,-0.249288202818154,FALSE,TRUE
2015,zero_tau0.50,SH_G,-0.0364734215154381,FALSE,TRUE
2015,zero_tau0.50,SH_P,0.508283247592961,FALSE,TRUE
2015,zero_tau0.50,SH_P2,0.341475250224504,FALSE,TRUE
2015,zero_tau0.50,SH_SIL,0.457145535558272,FALSE,TRUE
2015,zero_tau0.50,SH_SIL2,-6.0433672277552,TRUE,TRUE
2015,zero_tau0.50,VAL_G,0.164285346652482,FALSE,TRUE
2015,zero_tau0.50,VAL_SIL,0.0810644064785846,FALSE,TRUE
2015,zero_tau0.50,WEST_SIL,-0.0598043922141585,FALSE,TRUE
2015,zero_tau1.00,ANT_BR,-0.0750084124582546,FALSE,TRUE
2015,zero_tau1.00,ANT_BR_HSA,-0.0753733719635703,FALSE,TRUE
2015,zero_tau1.00,ANT_G,0.0132482276652514,FALSE,TRUE
2015,zero_tau1.00,ANT_G3,-0.00818456778107225,FALSE,TRUE
2015,zero_tau1.00,ANT_SIL,0.107353399394228,FALSE,TRUE
2015,zero_tau1.00,ANT_SIL3,-0.0658845955785658,FALSE,TRUE
2015,zero_tau1.00,BS_BR,-0.0794679957148399,FALSE,TRUE
2015,zero_tau1.00,BS_BR_HSA,-0.0709937522807411,FALSE,TRUE
2015,zero_tau1.00,BS_G,0.00945557453135586,FALSE,TRUE
2015,zero_tau1.00,BS_P,0.449709731610472,FALSE,TRUE
2015,zero_tau1.00,BS_SIL,0.051037034163376,FALSE,TRUE
2015,zero_tau1.00,CC_SIL,-0.0761262202493407,FALSE,TRUE
2015,zero_tau1.00,HN_BR,-0.134118151106398,FALSE,TRUE
2015,zero_tau1.00,HN_BR3,-0.0441129599334935,FALSE,TRUE
2015,zero_tau1.00,HN_G,-0.044151730758651,FALSE,TRUE
2015,zero_tau1.00,HN_G3,-0.0500371944054079,FALSE,TRUE
2015,zero_tau1.00,HN_P3,0.0169267207245169,FALSE,TRUE
2015,zero_tau1.00,HN_SIL,-0.0326898284537705,FALSE,TRUE
2015,zero_tau1.00,HN_SIL3,4.65792089615813,FALSE,TRUE
2015,zero_tau1.00,KA_BR,-0.170042740761312,FALSE,TRUE
2015,zero_tau1.00,KA_G,0.00110074452723391,FALSE,TRUE
2015,zero_tau1.00,KA_P,0.0126121924032817,FALSE,TRUE
2015,zero_tau1.00,KA_SIL,-1.48603457469989,FALSE,TRUE
2015,zero_tau1.00,LA_G,-0.0595232063675778,FALSE,TRUE
2015,zero_tau1.00,LA_P,-0.0184188426922406,FALSE,TRUE
2015,zero_tau1.00,LA_SIL,-0.0548832413321872,FALSE,TRUE
2015,zero_tau1.00,MOL_G,0.00167876282505469,FALSE,TRUE
2015,zero_tau1.00,MOL_P,0.05200814710494,FALSE,TRUE
2015,zero_tau1.00,MOL_SIL,-1.7384067998109,FALSE,TRUE
2015,zero_tau1.00,SH_G,0.00960771334687776,FALSE,TRUE
2015,zero_tau1.00,SH_P,0.246954565305143,FALSE,TRUE
2015,zero_tau1.00,SH_P2,0.0808030072528968,FALSE,TRUE
2015,zero_tau1.00,SH_SIL,0.0558959636501917,FALSE,TRUE
2015,zero_tau1.00,SH_SIL2,-3.99323977705045,FALSE,TRUE
2015,zero_tau1.00,VAL_G,-0.0213185564364448,FALSE,TRUE
2015,zero_tau1.00,VAL_SIL,-0.0814333757284042,FALSE,TRUE
2015,zero_tau1.00,WEST_SIL,0.00402401722716021,FALSE,TRUE
2016,aligned,ANT_BR,0.0928328831661183,FALSE,TRUE
2016,aligned,ANT_BR_HSA,-0.0429682544971112,FALSE,TRUE
2016,aligned,ANT_G,-0.0592960138827162,FALSE,TRUE
2016,aligned,ANT_G3,0.177782427744042,FALSE,TRUE
2016,aligned,ANT_SIL,-0.011700327767346,FALSE,TRUE
2016,aligned,ANT_SIL3,-0.202101063640848,FALSE,TRUE
2016,aligned,BS_BR,0.104879896296063,FALSE,TRUE
2016,aligned,BS_BR_HSA,0.0829873748315004,FALSE,TRUE
2016,aligned,BS_G,-0.0684067128491796,FALSE,TRUE
2016,aligned,BS_SIL,-0.0870747746539047,FALSE,TRUE
2016,aligned,CC_BR,0.107777077913969,FALSE,TRUE
2016,aligned,CC_SIL,0.102031626267628,FALSE,TRUE
2016,aligned,HN_BR,-0.195441157000413,FALSE,TRUE
2016,aligned,HN_G,-0.168337886763807,FALSE,TRUE
2016,aligned,HN_G3,-0.12406892346181,FALSE,TRUE
2016,aligned,HN_P3,-0.140063287624513,FALSE,TRUE
2016,aligned,HN_SIL,-0.290184154940532,FALSE,TRUE
2016,aligned,HN_SIL3,-0.370186060432124,FALSE,TRUE
2016,aligned,KA_BR,0.0663609366426111,FALSE,TRUE
2016,aligned,KA_BR_HSA,0.0385585004006054,FALSE,TRUE
2016,aligned,KA_G,-0.104516477969816,FALSE,TRUE
2016,aligned,KA_P,-0.122458842714904,FALSE,TRUE
2016,aligned,KA_SIL,0.227346116915572,FALSE,TRUE
2016,aligned,LA_G,0.281050841884014,FALSE,TRUE
2016,aligned,LA_P,-0.619817851083378,FALSE,TRUE
2016,aligned,LA_SIL,0.179791152054596,FALSE,TRUE
2016,aligned,MOL_G,-0.269381449978363,FALSE,TRUE
2016,aligned,MOL_SIL,1.06044405739141,FALSE,TRUE
2016,aligned,OSC_G,-0.107137815893372,FALSE,TRUE
2016,aligned,OSC_P,0.469615866348204,FALSE,TRUE
2016,aligned,OSC_SIL,-0.137810903837907,FALSE,TRUE
2016,aligned,OS_BR,-8.269584010917e-4,FALSE,TRUE
2016,aligned,OS_SIL,-0.174686163033268,FALSE,TRUE
2016,aligned,SH_BR,0.156456667726027,FALSE,TRUE
2016,aligned,SH_BR2,0.0138928349583211,FALSE,TRUE
2016,aligned,SH_G,0.0765607065117296,FALSE,TRUE
2016,aligned,SH_P,-0.417843257173747,FALSE,TRUE
2016,aligned,SH_SIL,-0.0357861558998745,FALSE,TRUE
2016,aligned,SH_SIL2,-0.0609113286859235,FALSE,TRUE
2016,aligned,VAL_BR,0.0893892534095977,FALSE,TRUE
2016,aligned,VAL_G,-0.0714772591926367,FALSE,TRUE
2016,aligned,VAL_P,-0.614367828950676,FALSE,TRUE
2016,aligned,VAL_SIL,0.139966601200194,FALSE,TRUE
2016,aligned,WEST_BR,-0.00117838309066736,FALSE,TRUE
2016,aligned,WEST_BR_HSA,0.0162781081314624,FALSE,TRUE
2016,aligned,WEST_P,0.539483191857784,FALSE,TRUE
2016,aligned,WEST_SIL,-1.70519923650262,FALSE,TRUE
2016,baseline,ANT_BR,-0.0140173325221189,FALSE,TRUE
2016,baseline,ANT_BR_HSA,-0.0204774364150699,FALSE,TRUE
2016,baseline,ANT_G,-0.00394009162464049,FALSE,TRUE
2016,baseline,ANT_G3,0.00475035619748198,FALSE,TRUE
2016,baseline,ANT_P,0.541766783353889,FALSE,TRUE
2016,baseline,ANT_SIL,-0.0205612576453978,FALSE,TRUE
2016,baseline,ANT_SIL3,-0.19111156311698899,FALSE,TRUE
2016,baseline,BS_BR,-0.0582524215770713,FALSE,TRUE
2016,baseline,BS_BR_HSA,-0.0548810033084056,FALSE,TRUE
2016,baseline,BS_G,-0.00979673276827274,FALSE,TRUE
2016,baseline,BS_P,0.484258701110331,FALSE,TRUE
2016,baseline,BS_SIL,-0.235422581254426,FALSE,TRUE
2016,baseline,CC_BR,0.0129430993377334,FALSE,TRUE
2016,baseline,CC_SIL,-0.0350882359809157,FALSE,TRUE
2016,baseline,HN_BR,-0.0554016012706568,FALSE,TRUE
2016,baseline,HN_G,8.7046848579622e-4,FALSE,TRUE
2016,baseline,HN_G3,-0.0322516051792765,FALSE,TRUE
2016,baseline,HN_P3,-0.207010532027004,FALSE,TRUE
2016,baseline,HN_SIL,-0.0180176254005185,FALSE,TRUE
2016,baseline,HN_SIL3,1.22447612772431,FALSE,TRUE
2016,baseline,KA_BR,-0.00807210251299277,FALSE,TRUE
2016,baseline,KA_BR_HSA,-0.00467358151416508,FALSE,TRUE
2016,baseline,KA_G,-0.00421210745936492,FALSE,TRUE
2016,baseline,KA_P,-0.00478850798749081,FALSE,TRUE
2016,baseline,KA_SIL,0.0036036538225224,FALSE,TRUE
2016,baseline,LA_BR,0.0426876226597142,FALSE,TRUE
2016,baseline,LA_G,0.00394075320180763,FALSE,TRUE
2016,baseline,LA_P,-0.079653015773254,FALSE,TRUE
2016,baseline,LA_SIL,-0.0521757022159459,FALSE,TRUE
2016,baseline,MOL_BR,-0.108069292377966,FALSE,TRUE
2016,baseline,MOL_G,-0.0318299162229326,FALSE,TRUE
2016,baseline,MOL_P,-0.0316216059693979,FALSE,TRUE
2016,baseline,MOL_SIL,-1.23328359650265,FALSE,TRUE
2016,baseline,OSC_BR,0.0655512455611817,FALSE,TRUE
2016,baseline,OSC_G,-0.00402146973205217,FALSE,TRUE
2016,baseline,OSC_P,0.00175079696930439,FALSE,TRUE
2016,baseline,OSC_SIL,0.0022171899458667,FALSE,TRUE
2016,baseline,OS_BR,-0.00598736249987941,FALSE,TRUE
2016,baseline,OS_SIL,-0.0209173381015142,FALSE,TRUE
2016,baseline,SH_BR,0.0920484455758267,FALSE,TRUE
2016,baseline,SH_BR2,0.151246878805841,FALSE,TRUE
2016,baseline,SH_G,-0.0331595489269943,FALSE,TRUE
2016,baseline,SH_P,-0.0623914530751757,FALSE,TRUE
2016,baseline,SH_P2,-0.0203739575579555,FALSE,TRUE
2016,baseline,SH_SIL,0.00966588172638257,FALSE,TRUE
2016,baseline,SH_SIL2,-0.0220424569022917,FALSE,TRUE
2016,baseline,VAL_BR,0.0369069657350354,FALSE,TRUE
2016,baseline,VAL_G,-0.0142864998053092,FALSE,TRUE
2016,baseline,VAL_P,0.00663710152484016,FALSE,TRUE
2016,baseline,VAL_SIL,-0.0951793703403945,FALSE,TRUE
2016,baseline,WEST_BR,-0.0714916240303097,FALSE,TRUE
2016,baseline,WEST_BR_HSA,-0.102590566692412,FALSE,TRUE
2016,baseline,WEST_P,0.0128681160481144,FALSE,TRUE
2016,baseline,WEST_SIL,-0.0227427205325024,FALSE,TRUE
2016,flat_mandate,ANT_BR,0.0186440216360156,FALSE,TRUE
2016,flat_mandate,ANT_BR_HSA,0.0365189914564752,FALSE,TRUE
2016,flat_mandate,ANT_G,-0.0241928414104899,FALSE,TRUE
2016,flat_mandate,ANT_G3,0.197098968143006,FALSE,TRUE
2016,flat_mandate,ANT_SIL,0.0017268953563233,FALSE,TRUE
2016,flat_mandate,ANT_SIL3,0.116483801186628,FALSE,TRUE
2016,flat_mandate,BS_BR,-0.0477914287055522,FALSE,TRUE
2016,flat_mandate,BS_BR_HSA,-0.061476332350168,FALSE,TRUE
2016,flat_mandate,BS_G,0.0851864529886428,FALSE,TRUE
2016,flat_mandate,BS_SIL,-0.0437147855159008,FALSE,TRUE
2016,flat_mandate,CC_BR,-0.310335461885789,FALSE,TRUE
2016,flat_mandate,CC_SIL,0.0630793965471954,FALSE,TRUE
2016,flat_mandate,HN_BR,-0.133599025091531,FALSE,TRUE
2016,flat_mandate,HN_G,0.063592864001255,FALSE,TRUE
2016,flat_mandate,HN_G3,-0.02774874404996,FALSE,TRUE
2016,flat_mandate,HN_P3,0.352802724932868,FALSE,TRUE
2016,flat_mandate,HN_SIL,0.0118121357128817,FALSE,TRUE
2016,flat_mandate,HN_SIL3,3.25659510205504,FALSE,TRUE
2016,flat_mandate,KA_BR,-0.107500576837249,FALSE,TRUE
2016,flat_mandate,KA_BR_HSA,-0.0599186746834289,FALSE,TRUE
2016,flat_mandate,KA_G,-0.0339951154452075,FALSE,TRUE
2016,flat_mandate,KA_P,-0.0102999792890757,FALSE,TRUE
2016,flat_mandate,KA_SIL,-0.838562107824551,FALSE,TRUE
2016,flat_mandate,LA_G,-0.0505957657618066,FALSE,TRUE
2016,flat_mandate,LA_P,-0.089829426979997,FALSE,TRUE
2016,flat_mandate,LA_SIL,-0.0752212398580328,FALSE,TRUE
2016,flat_mandate,MOL_BR,0.266601196286564,FALSE,TRUE
2016,flat_mandate,MOL_G,-0.0748593427086539,FALSE,TRUE
2016,flat_mandate,MOL_P,-0.0576646918956013,FALSE,TRUE
2016,flat_mandate,MOL_SIL,-1.02665385572771,FALSE,TRUE
2016,flat_mandate,OSC_G,-0.0286187123362656,FALSE,TRUE
2016,flat_mandate,OSC_P,-0.180497445465446,FALSE,TRUE
2016,flat_mandate,OSC_SIL,-0.0366132239767122,FALSE,TRUE
2016,flat_mandate,OS_BR,0.0162492448266351,FALSE,TRUE
2016,flat_mandate,OS_SIL,-0.0661981254444308,FALSE,TRUE
2016,flat_mandate,SH_G,0.0149120711861429,FALSE,TRUE
2016,flat_mandate,SH_P,0.184968123613686,FALSE,TRUE
2016,flat_mandate,SH_SIL,0.0931603904934928,FALSE,TRUE
2016,flat_mandate,SH_SIL2,-0.0152024590994165,FALSE,TRUE
2016,flat_mandate,VAL_G,5.1012105572805e-4,FALSE,TRUE
2016,flat_mandate,VAL_P,-0.268177176084573,FALSE,TRUE
2016,flat_mandate,VAL_SIL,-0.0427416971226808,FALSE,TRUE
2016,flat_mandate,WEST_BR,-0.409007025804698,FALSE,TRUE
2016,flat_mandate,WEST_BR_HSA,-0.369095344779099,FALSE,TRUE
2016,flat_mandate,WEST_P,-0.0981624732270764,FALSE,TRUE
2016,flat_mandate,WEST_SIL,-4.20005819772131,FALSE,TRUE
2016,scale_0.50,ANT_BR,-0.653420102948016,FALSE,TRUE
2016,scale_0.50,ANT_BR_HSA,-0.629100393080571,FALSE,TRUE
2016,scale_0.50,ANT_G,-0.0120659366905509,FALSE,TRUE
2016,scale_0.50,ANT_G3,0.0550948925807365,FALSE,TRUE
2016,scale_0.50,ANT_SIL,0.0965614251423218,FALSE,TRUE
2016,scale_0.50,ANT_SIL3,0.413929375600133,FALSE,TRUE
2016,scale_0.50,BS_BR,0.0406825202867768,FALSE,TRUE
2016,scale_0.50,BS_BR_HSA,0.00187918178417992,FALSE,TRUE
2016,scale_0.50,BS_G,0.0771520470600436,FALSE,TRUE
2016,scale_0.50,BS_SIL,0.10008737723082,FALSE,TRUE
2016,scale_0.50,CC_BR,0.227876020234393,FALSE,TRUE
2016,scale_0.50,CC_SIL,-0.0685536451501762,FALSE,TRUE
2016,scale_0.50,HN_BR,-0.410588697062963,FALSE,TRUE
2016,scale_0.50,HN_G,1.60452100216357,FALSE,TRUE
2016,scale_0.50,HN_G3,0.169852392512019,FALSE,TRUE
2016,scale_0.50,HN_P3,0.7986500130388,FALSE,TRUE
2016,scale_0.50,HN_SIL,0.83310163684057,FALSE,TRUE
2016,scale_0.50,HN_SIL3,-1.63859249563234,FALSE,TRUE
2016,scale_0.50,KA_BR,0.0555580505709757,FALSE,TRUE
2016,scale_0.50,KA_BR_HSA,0.0528760640986177,FALSE,TRUE
2016,scale_0.50,KA_G,0.703059429718365,FALSE,TRUE
2016,scale_0.50,KA_P,1.20473270854954,FALSE,TRUE
2016,scale_0.50,KA_SIL,-0.136537507943745,FALSE,TRUE
2016,scale_0.50,LA_G,-0.0390636957271793,FALSE,TRUE
2016,scale_0.50,LA_P,1.03955946762633,FALSE,TRUE
2016,scale_0.50,LA_SIL,-0.349038092870914,FALSE,TRUE
2016,scale_0.50,MOL_BR,0.0780417735517384,FALSE,TRUE
2016,scale_0.50,MOL_G,-0.054001445951929,FALSE,TRUE
2016,scale_0.50,MOL_P,0.221262389942008,FALSE,TRUE
2016,scale_0.50,MOL_SIL,2.45191962376256,FALSE,TRUE
2016,scale_0.50,OSC_G,0.19772109611023,FALSE,TRUE
2016,scale_0.50,OSC_P,-0.00842763035031964,FALSE,TRUE
2016,scale_0.50,OSC_SIL,-0.2202414960618,FALSE,TRUE
2016,scale_0.50,OS_BR,1.133211764671,FALSE,TRUE
2016,scale_0.50,OS_SIL,1.38203152209621,FALSE,TRUE
2016,scale_0.50,SH_BR,0.393703347245486,FALSE,TRUE
2016,scale_0.50,SH_BR2,0.283347992129687,FALSE,TRUE
2016,scale_0.50,SH_G,0.239231632167905,FALSE,TRUE
2016,scale_0.50,SH_P,0.993262458020263,FALSE,TRUE
2016,scale_0.50,SH_SIL,0.659487857578714,FALSE,TRUE
2016,scale_0.50,SH_SIL2,0.219598002969374,FALSE,TRUE
2016,scale_0.50,VAL_G,1.40188931493254,FALSE,TRUE
2016,scale_0.50,VAL_P,0.432931505919999,FALSE,TRUE
2016,scale_0.50,VAL_SIL,0.477411834931584,FALSE,TRUE
2016,scale_0.50,WEST_BR,-0.0533151527598633,FALSE,TRUE
2016,scale_0.50,WEST_BR_HSA,-0.039035368725803,FALSE,TRUE
2016,scale_0.50,WEST_P,0.404697818177706,FALSE,TRUE
2016,scale_0.50,WEST_SIL,-1.62292250951575,FALSE,TRUE
2016,uniform_low,ANT_BR,-0.724633393257616,FALSE,TRUE
2016,uniform_low,ANT_BR_HSA,-0.741105156534321,FALSE,TRUE
2016,uniform_low,ANT_G,-0.389048188528775,FALSE,TRUE
2016,uniform_low,ANT_G3,0.577053218537956,FALSE,TRUE
2016,uniform_low,ANT_SIL,-0.133949344422288,FALSE,TRUE
2016,uniform_low,ANT_SIL3,-1.7288351271352,FALSE,TRUE
2016,uniform_low,BS_BR,-0.266858338176702,FALSE,TRUE
2016,uniform_low,BS_BR_HSA,-0.401717781610762,FALSE,TRUE
2016,uniform_low,BS_G,-0.37072741639434,FALSE,TRUE
2016,uniform_low,BS_SIL,1.12022309604155,FALSE,TRUE
2016,uniform_low,CC_BR,-0.284247050834827,FALSE,TRUE
2016,uniform_low,CC_SIL,-0.565822067526516,FALSE,TRUE
2016,uniform_low,HN_BR,-0.537978633004003,FALSE,TRUE
2016,uniform_low,HN_G,0.0186134472554971,FALSE,TRUE
2016,uniform_low,HN_G3,0.342355553018675,FALSE,TRUE
2016,uniform_low,HN_P3,0.452840948140193,FALSE,TRUE
2016,uniform_low,HN_SIL,0.371106322207927,FALSE,TRUE
2016,uniform_low,HN_SIL3,-1.72173174099849,FALSE,TRUE
2016,uniform_low,KA_BR,0.166731926131609,FALSE,TRUE
2016,uniform_low,KA_BR_HSA,0.170819722819403,FALSE,TRUE
2016,uniform_low,KA_G,0.646179991316515,FALSE,TRUE
2016,uniform_low,KA_P,0.637777065966935,FALSE,TRUE
2016,uniform_low,KA_SIL,0.776885007510914,FALSE,TRUE
2016,uniform_low,LA_G,-0.451470459688535,FALSE,TRUE
2016,uniform_low,LA_P,1.24050601856784,FALSE,TRUE
2016,uniform_low,LA_SIL,-0.711218689857127,FALSE,TRUE
2016,uniform_low,MOL_G,-0.286939808318797,FALSE,TRUE
2016,uniform_low,MOL_SIL,1.13794107755016,FALSE,TRUE
2016,uniform_low,OSC_G,0.312739441911165,FALSE,TRUE
2016,uniform_low,OSC_P,0.205434794299285,FALSE,TRUE
2016,uniform_low,OSC_SIL,-0.079299961160657,FALSE,TRUE
2016,uniform_low,OS_BR,0.300246112955411,FALSE,TRUE
2016,uniform_low,OS_SIL,-0.277119303680233,FALSE,TRUE
2016,uniform_low,SH_BR,1.11231261715246,FALSE,TRUE
2016,uniform_low,SH_BR2,1.03484495484695,FALSE,TRUE
2016,uniform_low,SH_G,0.270610400155827,FALSE,TRUE
2016,uniform_low,SH_P,1.17422374911718,FALSE,TRUE
2016,uniform_low,SH_SIL,0.837479131637858,FALSE,TRUE
2016,uniform_low,SH_SIL2,0.3235992512344,FALSE,TRUE
2016,uniform_low,VAL_BR,-0.168532985866961,FALSE,TRUE
2016,uniform_low,VAL_G,0.491830801996045,FALSE,TRUE
2016,uniform_low,VAL_P,2.00097668773183,FALSE,TRUE
2016,uniform_low,VAL_SIL,2.6120507463337,FALSE,TRUE
2016,uniform_low,WEST_BR,0.360324620954343,FALSE,TRUE
2016,uniform_low,WEST_BR_HSA,-6.04378587970477e-5,FALSE,TRUE
2016,uniform_low,WEST_P,0.10027233099489,FALSE,TRUE
2016,uniform_low,WEST_SIL,-4.01320985782299,FALSE,TRUE
2016,uniform_low_k0.75,ANT_BR,-0.551308899877372,FALSE,TRUE
2016,uniform_low_k0.75,ANT_BR_HSA,-0.570255577397374,FALSE,TRUE
2016,uniform_low_k0.75,ANT_G,-0.677412863168569,FALSE,TRUE
2016,uniform_low_k0.75,ANT_G3,0.397535868195041,FALSE,TRUE
2016,uniform_low_k0.75,ANT_SIL,-0.478572271694432,FALSE,TRUE
2016,uniform_low_k0.75,ANT_SIL3,-2.04770565094835,FALSE,TRUE
2016,uniform_low_k0.75,BS_BR,-0.15041595056786,FALSE,TRUE
2016,uniform_low_k0.75,BS_BR_HSA,-0.285341452363695,FALSE,TRUE
2016,uniform_low_k0.75,BS_G,-0.709258431242838,FALSE,TRUE
2016,uniform_low_k0.75,BS_SIL,0.654990311111413,FALSE,TRUE
2016,uniform_low_k0.75,CC_BR,0.302169251740228,FALSE,TRUE
2016,uniform_low_k0.75,CC_SIL,-0.461309080282658,FALSE,TRUE
2016,uniform_low_k0.75,HN_BR,-0.261327610736318,FALSE,TRUE
2016,uniform_low_k0.75,HN_G,-0.248727933949232,FALSE,TRUE
2016,uniform_low_k0.75,HN_G3,0.197926183859487,FALSE,TRUE
2016,uniform_low_k0.75,HN_P3,-0.667020943801041,FALSE,TRUE
2016,uniform_low_k0.75,HN_SIL,-0.0450109033962321,FALSE,TRUE
2016,uniform_low_k0.75,HN_SIL3,-2.33850614346915,FALSE,TRUE
2016,uniform_low_k0.75,KA_BR,0.545850256570198,FALSE,TRUE
2016,uniform_low_k0.75,KA_BR_HSA,0.54964160191218,FALSE,TRUE
2016,uniform_low_k0.75,KA_G,0.743585949610211,FALSE,TRUE
2016,uniform_low_k0.75,KA_P,0.834315477319344,FALSE,TRUE
2016,uniform_low_k0.75,KA_SIL,0.697829098089106,FALSE,TRUE
2016,uniform_low_k0.75,LA_G,-0.490252577753916,FALSE,TRUE
2016,uniform_low_k0.75,LA_P,-0.166939284055382,FALSE,TRUE
2016,uniform_low_k0.75,LA_SIL,-1.41097783926458,FALSE,TRUE
2016,uniform_low_k0.75,MOL_G,-0.388907119693295,FALSE,TRUE
2016,uniform_low_k0.75,MOL_SIL,0.62995116249677,FALSE,TRUE
2016,uniform_low_k0.75,OSC_G,0.0244768571324922,FALSE,TRUE
2016,uniform_low_k0.75,OSC_P,-1.50030014332968,FALSE,TRUE
2016,uniform_low_k0.75,OSC_SIL,-0.7897624409679,FALSE,TRUE
2016,uniform_low_k0.75,OS_BR,-0.0788792672580979,FALSE,TRUE
2016,uniform_low_k0.75,OS_SIL,-0.482049007294164,FALSE,TRUE
2016,uniform_low_k0.75,SH_BR,1.3737114164225,FALSE,TRUE
2016,uniform_low_k0.75,SH_BR2,1.29590349851874,FALSE,TRUE
2016,uniform_low_k0.75,SH_G,0.0863375471904999,FALSE,TRUE
2016,uniform_low_k0.75,SH_P,-0.358034329566354,FALSE,TRUE
2016,uniform_low_k0.75,SH_SIL,-0.0205535338835293,FALSE,TRUE
2016,uniform_low_k0.75,SH_SIL2,-0.559104852210191,FALSE,TRUE
2016,uniform_low_k0.75,VAL_BR,0.158104174035475,FALSE,TRUE
2016,uniform_low_k0.75,VAL_G,0.042751471242361,FALSE,TRUE
2016,uniform_low_k0.75,VAL_P,-0.72434745866082,FALSE,TRUE
2016,uniform_low_k0.75,VAL_SIL,2.19776904313936,FALSE,TRUE
2016,uniform_low_k0.75,WEST_BR,0.74063173561651,FALSE,TRUE
2016,uniform_low_k0.75,WEST_BR_HSA,0.395070398234189,FALSE,TRUE
2016,uniform_low_k0.75,WEST_P,-1.75914762017414,FALSE,TRUE
2016,uniform_low_k0.75,WEST_SIL,-4.46273597769939,FALSE,TRUE
2016,uniform_low_k1.25,ANT_BR,-0.839661911183295,FALSE,TRUE
2016,uniform_low_k1.25,ANT_BR_HSA,-0.854306822260631,FALSE,TRUE
2016,uniform_low_k1.25,ANT_G,-0.108888771745167,FALSE,TRUE
2016,uniform_low_k1.25,ANT_G3,0.762738736686501,FALSE,TRUE
2016,uniform_low_k1.25,ANT_SIL,0.223122196524898,FALSE,TRUE
2016,uniform_low_k1.25,ANT_SIL3,-1.38371939122597,FALSE,TRUE
2016,uniform_low_k1.25,BS_BR,-0.327653572129939,FALSE,TRUE
2016,uniform_low_k1.25,BS_BR_HSA,-0.4632318875763,FALSE,TRUE
2016,uniform_low_k1.25,BS_G,-0.0438884403827776,FALSE,TRUE
2016,uniform_low_k1.25,BS_SIL,1.6019145570081,FALSE,TRUE
2016,uniform_low_k1.25,CC_BR,-0.741128487384943,FALSE,TRUE
2016,uniform_low_k1.25,CC_SIL,-0.583261184710933,FALSE,TRUE
2016,uniform_low_k1.25,HN_BR,-0.720345886895431,FALSE,TRUE
2016,uniform_low_k1.25,HN_G,0.306010929038597,FALSE,TRUE
2016,uniform_low_k1.25,HN_G3,0.520732047209246,FALSE,TRUE
2016,uniform_low_k1.25,HN_P3,1.46954877426706,FALSE,TRUE
2016,uniform_low_k1.25,HN_SIL,0.819816868690679,FALSE,TRUE
2016,uniform_low_k1.25,HN_SIL3,-1.07652380469628,FALSE,TRUE
2016,uniform_low_k1.25,KA_BR,-0.141672868931152,FALSE,TRUE
2016,uniform_low_k1.25,KA_BR_HSA,-0.137357503177765,FALSE,TRUE
2016,uniform_low_k1.25,KA_G,0.579120899140209,FALSE,TRUE
2016,uniform_low_k1.25,KA_P,0.486998073444327,FALSE,TRUE
2016,uniform_low_k1.25,KA_SIL,0.87529334891967,FALSE,TRUE
2016,uniform_low_k1.25,LA_G,-0.351055234902815,FALSE,TRUE
2016,uniform_low_k1.25,LA_P,2.51717129804531,FALSE,TRUE
2016,uniform_low_k1.25,LA_SIL,0.0380009300383891,FALSE,TRUE
2016,uniform_low_k1.25,MOL_G,-0.132569049830559,FALSE,TRUE
2016,uniform_low_k1.25,MOL_SIL,1.70949127951991,FALSE,TRUE
2016,uniform_low_k1.25,OSC_G,0.628973816095244,FALSE,TRUE
2016,uniform_low_k1.25,OSC_P,1.73798711091672,FALSE,TRUE
2016,uniform_low_k1.25,OSC_SIL,0.667600245000773,FALSE,TRUE
2016,uniform_low_k1.25,OS_BR,0.662146936109591,FALSE,TRUE
2016,uniform_low_k1.25,OS_SIL,-0.0416332672406976,FALSE,TRUE
2016,uniform_low_k1.25,SH_BR,0.950188714471764,FALSE,TRUE
2016,uniform_low_k1.25,SH_BR2,0.87289090203804,FALSE,TRUE
2016,uniform_low_k1.25,SH_G,0.493271412405092,FALSE,TRUE
2016,uniform_low_k1.25,SH_P,2.55447060532762,FALSE,TRUE
2016,uniform_low_k1.25,SH_SIL,1.6955033489884,FALSE,TRUE
2016,uniform_low_k1.25,SH_SIL2,1.19940637953546,FALSE,TRUE
2016,uniform_low_k1.25,VAL_BR,-0.371866220288121,FALSE,TRUE
2016,uniform_low_k1.25,VAL_G,0.958686519004967,FALSE,TRUE
2016,uniform_low_k1.25,VAL_P,4.4206099454375,FALSE,TRUE
2016,uniform_low_k1.25,VAL_SIL,3.11155224003736,FALSE,TRUE
2016,uniform_low_k1.25,WEST_BR,0.0977376598665694,FALSE,TRUE
2016,uniform_low_k1.25,WEST_BR_HSA,-0.276456419949645,FALSE,TRUE
2016,uniform_low_k1.25,WEST_P,1.75416865319001,FALSE,TRUE
2016,uniform_low_k1.25,WEST_SIL,-3.52926239874807,FALSE,TRUE
2016,zero_tau0.00,ANT_BR,0.581425387973475,FALSE,TRUE
2016,zero_tau0.00,ANT_BR_HSA,0.544398519419757,FALSE,TRUE
2016,zero_tau0.00,ANT_G,3.1103427770892e-4,FALSE,TRUE
2016,zero_tau0.00,ANT_G3,0.0348800046897421,FALSE,TRUE
2016,zero_tau0.00,ANT_SIL,4.350794656086,FALSE,TRUE
2016,zero_tau0.00,ANT_SIL3,-0.630955792033429,FALSE,TRUE
2016,zero_tau0.00,BS_BR,0.245758252614321,FALSE,TRUE
2016,zero_tau0.00,BS_BR_HSA,0.136703633824998,FALSE,TRUE
2016,zero_tau0.00,BS_G,-0.248240018384612,FALSE,TRUE
2016,zero_tau0.00,BS_SIL,-1.1959983361043,FALSE,TRUE
2016,zero_tau0.00,CC_BR,-0.174594280697758,FALSE,TRUE
2016,zero_tau0.00,CC_SIL,-0.173630899068127,FALSE,TRUE
2016,zero_tau0.00,HN_BR,-0.0599125534827069,FALSE,TRUE
2016,zero_tau0.00,HN_G,-0.122282316545047,FALSE,TRUE
2016,zero_tau0.00,HN_G3,-0.224708767997434,FALSE,TRUE
2016,zero_tau0.00,HN_P3,0.0664387075680975,FALSE,TRUE
2016,zero_tau0.00,HN_SIL,-0.27602216433228,FALSE,TRUE
2016,zero_tau0.00,HN_SIL3,-1.97392081317274,FALSE,TRUE
2016,zero_tau0.00,KA_BR,-0.268855892137864,FALSE,TRUE
2016,zero_tau0.00,KA_BR_HSA,-0.0953529677900064,FALSE,TRUE
2016,zero_tau0.00,KA_G,-0.0762731039807666,FALSE,TRUE
2016,zero_tau0.00,KA_P,-0.0823559239597487,FALSE,TRUE
2016,zero_tau0.00,KA_SIL,0.409909613569441,FALSE,TRUE
2016,zero_tau0.00,LA_G,-0.0768829441384342,FALSE,TRUE
2016,zero_tau0.00,LA_P,0.317865107074921,FALSE,TRUE
2016,zero_tau0.00,LA_SIL,-0.0702911981020554,FALSE,TRUE
2016,zero_tau0.00,MOL_G,-0.259098006420134,FALSE,TRUE
2016,zero_tau0.00,MOL_SIL,4.69518920051793,FALSE,TRUE
2016,zero_tau0.00,OSC_G,-0.0319308229976199,FALSE,TRUE
2016,zero_tau0.00,OSC_P,-0.0369960047578654,FALSE,TRUE
2016,zero_tau0.00,OSC_SIL,-0.296189169540287,FALSE,TRUE
2016,zero_tau0.00,OS_BR,-0.167431992855381,FALSE,TRUE
2016,zero_tau0.00,OS_SIL,0.21410010446259,FALSE,TRUE
2016,zero_tau0.00,SH_BR,0.413193922050139,FALSE,TRUE
2016,zero_tau0.00,SH_BR2,-0.0307211541802847,FALSE,TRUE
2016,zero_tau0.00,SH_G,-0.218125742514328,FALSE,TRUE
2016,zero_tau0.00,SH_P,-0.27125265663005,FALSE,TRUE
2016,zero_tau0.00,SH_SIL,0.0619145519069892,FALSE,TRUE
2016,zero_tau0.00,SH_SIL2,-0.127318321843131,FALSE,TRUE
2016,zero_tau0.00,VAL_BR,0.0689155478577293,FALSE,TRUE
2016,zero_tau0.00,VAL_G,-0.192241030859543,FALSE,TRUE
2016,zero_tau0.00,VAL_P,-0.880853714921295,FALSE,TRUE
2016,zero_tau0.00,VAL_SIL,-4.47629049509656,FALSE,TRUE
2016,zero_tau0.00,WEST_BR,0.0390768680609875,FALSE,TRUE
2016,zero_tau0.00,WEST_BR_HSA,0.00892495264421073,FALSE,TRUE
2016,zero_tau0.00,WEST_P,-0.394351112117936,FALSE,TRUE
2016,zero_tau0.00,WEST_SIL,-0.0637316509873885,FALSE,TRUE
2016,zero_tau0.50,ANT_BR,1.04897871067404,FALSE,TRUE
2016,zero_tau0.50,ANT_BR_HSA,0.954705568764828,FALSE,TRUE
2016,zero_tau0.50,ANT_G,-0.452937536480882,FALSE,TRUE
2016,zero_tau0.50,ANT_G3,-0.447990950409408,FALSE,TRUE
2016,zero_tau0.50,ANT_SIL,-1.72305804134447,FALSE,TRUE
2016,zero_tau0.50,ANT_SIL3,-0.289881121935657,FALSE,TRUE
2016,zero_tau0.50,BS_BR,-0.943154373069904,FALSE,TRUE
2016,zero_tau0.50,BS_BR_HSA,-1.49542576027417,FALSE,TRUE
2016,zero_tau0.50,BS_G,0.0220244629466937,FALSE,TRUE
2016,zero_tau0.50,BS_SIL,0.2430950971894,FALSE,TRUE
2016,zero_tau0.50,CC_BR,-0.103381874840857,FALSE,TRUE
2016,zero_tau0.50,CC_SIL,-0.340757568143325,FALSE,TRUE
2016,zero_tau0.50,HN_BR,0.0896464244174053,FALSE,TRUE
2016,zero_tau0.50,HN_G,0.165065913749036,FALSE,TRUE
2016,zero_tau0.50,HN_G3,-0.497964449285414,FALSE,TRUE
2016,zero_tau0.50,HN_P3,0.333595281267991,FALSE,TRUE
2016,zero_tau0.50,HN_SIL,-0.527455876488938,FALSE,TRUE
2016,zero_tau0.50,HN_SIL3,-2.9143407817207,FALSE,TRUE
2016,zero_tau0.50,KA_BR,0.429287001353977,FALSE,TRUE
2016,zero_tau0.50,KA_BR_HSA,-0.0573388458599911,FALSE,TRUE
2016,zero_tau0.50,KA_G,-0.728024404656699,FALSE,TRUE
2016,zero_tau0.50,KA_P,0.190941491873228,FALSE,TRUE
2016,zero_tau0.50,KA_SIL,0.728643676368132,FALSE,TRUE
2016,zero_tau0.50,LA_G,-0.213423004418368,FALSE,TRUE
2016,zero_tau0.50,LA_P,-0.0952027944041289,FALSE,TRUE
2016,zero_tau0.50,LA_SIL,-0.166220741466819,FALSE,TRUE
2016,zero_tau0.50,MOL_BR,-0.231459497972291,FALSE,TRUE
2016,zero_tau0.50,MOL_G,-0.220845978273158,FALSE,TRUE
2016,zero_tau0.50,MOL_SIL,0.894857869434056,FALSE,TRUE
2016,zero_tau0.50,OSC_G,0.484866659359802,FALSE,TRUE
2016,zero_tau0.50,OSC_P,-0.133130109422153,FALSE,TRUE
2016,zero_tau0.50,OSC_SIL,-0.266336495255518,FALSE,TRUE
2016,zero_tau0.50,OS_BR,-0.498870423460738,FALSE,TRUE
2016,zero_tau0.50,OS_SIL,-0.511217267024622,FALSE,TRUE
2016,zero_tau0.50,SH_BR,0.0982821668496091,FALSE,TRUE
2016,zero_tau0.50,SH_G,-0.564678955299855,FALSE,TRUE
2016,zero_tau0.50,SH_P,-0.281793134128575,FALSE,TRUE
2016,zero_tau0.50,SH_SIL,0.0835340577719169,FALSE,TRUE
2016,zero_tau0.50,SH_SIL2,-0.391157714243527,FALSE,TRUE
2016,zero_tau0.50,VAL_G,-0.486257919242133,FALSE,TRUE
2016,zero_tau0.50,VAL_P,1.4468065095954,FALSE,TRUE
2016,zero_tau0.50,VAL_SIL,-11.6576906614554,TRUE,TRUE
2016,zero_tau0.50,WEST_BR,-0.291561537707439,FALSE,TRUE
2016,zero_tau0.50,WEST_BR_HSA,-0.478602907998481,FALSE,TRUE
2016,zero_tau0.50,WEST_P,-0.797723874016567,FALSE,TRUE
2016,zero_tau0.50,WEST_SIL,0.0487386875719288,FALSE,TRUE
2016,zero_tau1.00,ANT_BR,-0.411110429718819,FALSE,TRUE
2016,zero_tau1.00,ANT_BR_HSA,-0.62031479282968,FALSE,TRUE
2016,zero_tau1.00,ANT_G,-0.238746269705339,FALSE,TRUE
2016,zero_tau1.00,ANT_G3,-0.157587408092423,FALSE,TRUE
2016,zero_tau1.00,ANT_SIL,-4.43089412931788,FALSE,TRUE
2016,zero_tau1.00,ANT_SIL3,0.0851744359197401,FALSE,TRUE
2016,zero_tau1.00,BS_BR,-0.0852021069539954,FALSE,TRUE
2016,zero_tau1.00,BS_BR_HSA,-0.0831246544495081,FALSE,TRUE
2016,zero_tau1.00,BS_G,-0.33863617875398,FALSE,TRUE
2016,zero_tau1.00,BS_SIL,-0.341854651463843,FALSE,TRUE
2016,zero_tau1.00,CC_BR,0.184877036788412,FALSE,TRUE
2016,zero_tau1.00,CC_SIL,-0.0912866116687289,FALSE,TRUE
2016,zero_tau1.00,HN_BR,0.0855066810283024,FALSE,TRUE
2016,zero_tau1.00,HN_G,-0.3814351334505,FALSE,TRUE
2016,zero_tau1.00,HN_G3,-0.13645667808765,FALSE,TRUE
2016,zero_tau1.00,HN_P3,0.112108256046486,FALSE,TRUE
2016,zero_tau1.00,HN_SIL,-0.141038715939543,FALSE,TRUE
2016,zero_tau1.00,HN_SIL3,-1.00043320516873,FALSE,TRUE
2016,zero_tau1.00,KA_BR,-0.165618991743249,FALSE,TRUE
2016,zero_tau1.00,KA_BR_HSA,0.00995768423053288,FALSE,TRUE
2016,zero_tau1.00,KA_G,-0.11549178823257,FALSE,TRUE
2016,zero_tau1.00,KA_P,-0.211753128193399,FALSE,TRUE
2016,zero_tau1.00,KA_SIL,-0.110488866882249,FALSE,TRUE
2016,zero_tau1.00,LA_G,-0.0503945935420962,FALSE,TRUE
2016,zero_tau1.00,LA_P,-0.0505013450924411,FALSE,TRUE
2016,zero_tau1.00,LA_SIL,-0.0961860570646204,FALSE,TRUE
2016,zero_tau1.00,MOL_G,-0.066542283467771,FALSE,TRUE
2016,zero_tau1.00,MOL_SIL,-0.545903604143115,FALSE,TRUE
2016,zero_tau1.00,OSC_G,-0.320740287895177,FALSE,TRUE
2016,zero_tau1.00,OSC_P,0.0155450126048182,FALSE,TRUE
2016,zero_tau1.00,OSC_SIL,-0.0700094533774917,FALSE,TRUE
2016,zero_tau1.00,OS_BR,-0.261387223601608,FALSE,TRUE
2016,zero_tau1.00,OS_SIL,-0.299935216893842,FALSE,TRUE
2016,zero_tau1.00,SH_BR,-0.0992997311449968,FALSE,TRUE
2016,zero_tau1.00,SH_G,-0.229511078738185,FALSE,TRUE
2016,zero_tau1.00,SH_P,-0.108883997124504,FALSE,TRUE
2016,zero_tau1.00,SH_SIL,0.010689480043081,FALSE,TRUE
2016,zero_tau1.00,SH_SIL2,-0.0724843419155837,FALSE,TRUE
2016,zero_tau1.00,VAL_G,-0.131948147898796,FALSE,TRUE
2016,zero_tau1.00,VAL_P,0.756215565066643,FALSE,TRUE
2016,zero_tau1.00,VAL_SIL,4.68007798125461,FALSE,TRUE
2016,zero_tau1.00,WEST_BR,0.0372565685271853,FALSE,TRUE
2016,zero_tau1.00,WEST_BR_HSA,-0.164023954489896,FALSE,TRUE
2016,zero_tau1.00,WEST_P,0.243556471665209,FALSE,TRUE
2016,zero_tau1.00,WEST_SIL,0.0192245143315706,FALSE,TRUE
2017,aligned,ANT_BR,0.00630711606679525,FALSE,TRUE
2017,aligned,ANT_BR_HSA,0.0598622094952899,FALSE,TRUE
2017,aligned,ANT_G3,-0.628701847874074,FALSE,TRUE
2017,aligned,ANT_SIL,0.451872759246644,FALSE,TRUE
2017,aligned,ANT_SIL3,-0.15447801691123,FALSE,TRUE
2017,aligned,BS_BR,0.074968553696406,FALSE,TRUE
2017,aligned,BS_BR_HSA,8.5047570522126e-4,FALSE,TRUE
2017,aligned,BS_G,-0.0490279152139702,FALSE,TRUE
2017,aligned,BS_G3,0.195474984353258,FALSE,TRUE
2017,aligned,BS_SIL,3.50417995154754,FALSE,TRUE
2017,aligned,BS_SIL3,0.417781347821108,FALSE,TRUE
2017,aligned,CC_BR,0.113622930110372,FALSE,TRUE
2017,aligned,CC_SIL,0.336634273893337,FALSE,TRUE
2017,aligned,HN_BR,0.154442687340219,FALSE,TRUE
2017,aligned,HN_G3,0.0750945665335914,FALSE,TRUE
2017,aligned,HN_P3,-0.6102716887306,FALSE,TRUE
2017,aligned,HN_SIL,-0.486678452264069,FALSE,TRUE
2017,aligned,HN_SIL3,0.422624373383206,FALSE,TRUE
2017,aligned,KA_BR,-0.0150752392351494,FALSE,TRUE
2017,aligned,KA_BR_HSA,-0.0228037390848528,FALSE,TRUE
2017,aligned,KA_G,-0.256455947697408,FALSE,TRUE
2017,aligned,KA_G_COIN,-0.0304276249119459,FALSE,TRUE
2017,aligned,KA_P,-0.293941969611824,FALSE,TRUE
2017,aligned,KA_SIL,2.69110032420388,FALSE,TRUE
2017,aligned,LA_G,-0.983086393554931,FALSE,TRUE
2017,aligned,LA_P,0.802485133224386,FALSE,TRUE
2017,aligned,LA_SIL,-0.435488012725504,FALSE,TRUE
2017,aligned,MOL_BR,0.761955386674072,FALSE,TRUE
2017,aligned,MOL_G,-0.725200467820629,FALSE,TRUE
2017,aligned,MOL_P,-0.853064640960737,FALSE,TRUE
2017,aligned,MOL_SIL,0.728922310154459,FALSE,TRUE
2017,aligned,OSC_BR,-0.281938739987935,FALSE,TRUE
2017,aligned,OSC_G,-0.838910368065269,FALSE,TRUE
2017,aligned,OSC_SIL,0.441669598479322,FALSE,TRUE
2017,aligned,SH_BR,0.697497360352798,FALSE,TRUE
2017,aligned,SH_BR2,0.69287700758496,FALSE,TRUE
2017,aligned,SH_SIL,-0.0372562124584826,FALSE,TRUE
2017,aligned,SH_SIL2,-0.124002979600373,FALSE,TRUE
2017,aligned,VAL_BR,-0.813615814001084,FALSE,TRUE
2017,aligned,VAL_G,-0.125084529385265,FALSE,TRUE
2017,aligned,VAL_P,0.155908513412823,FALSE,TRUE
2017,aligned,VAL_SIL,0.356723529831961,FALSE,TRUE
2017,aligned,WEST_BR,-0.127666406867847,FALSE,TRUE
2017,aligned,WEST_BR_HSA,0.0717055641707657,FALSE,TRUE
2017,aligned,WEST_G,-0.462774173712805,FALSE,TRUE
2017,aligned,WEST_SIL,-0.116660674005848,FALSE,TRUE
2017,baseline,ANT_BR,0.0640934639193673,FALSE,TRUE
2017,baseline,ANT_BR_HSA,0.0440749346758027,FALSE,TRUE
2017,baseline,ANT_G3,0.00912548144916062,FALSE,TRUE
2017,baseline,ANT_SIL,-0.879131840187365,FALSE,TRUE
2017,baseline,ANT_SIL3,-0.0207574741148648,FALSE,TRUE
2017,baseline,BS_BR,-0.013916848506554,FALSE,TRUE
2017,baseline,BS_BR_HSA,0.0103508415949595,FALSE,TRUE
2017,baseline,BS_G,0.0770767127822212,FALSE,TRUE
2017,baseline,BS_G3,0.0614351831732426,FALSE,TRUE
2017,baseline,BS_SIL,-0.260446507436831,FALSE,TRUE
2017,baseline,BS_SIL3,1.92018496679861,FALSE,TRUE
2017,baseline,CC_BR,-0.041926234611626,FALSE,TRUE
2017,baseline,CC_SIL,0.215459545300143,FALSE,TRUE
2017,baseline,HN_BR,0.0305296725901919,FALSE,TRUE
2017,baseline,HN_G3,-0.0111484969617232,FALSE,TRUE
2017,baseline,HN_P3,-0.259650723465452,FALSE,TRUE
2017,baseline,HN_SIL,-0.00862600488092087,FALSE,TRUE
2017,baseline,HN_SIL3,-0.638232062685545,FALSE,TRUE
2017,baseline,KA_BR,-0.046970689544554,FALSE,TRUE
2017,baseline,KA_BR_HSA,-0.0164587936459303,FALSE,TRUE
2017,baseline,KA_G,0.0092852909008681,FALSE,TRUE
2017,baseline,KA_G_COIN,0.00717586096625168,FALSE,TRUE
2017,baseline,KA_P,-0.0110254156125566,FALSE,TRUE
2017,baseline,KA_SIL,-1.23398148627997,FALSE,TRUE
2017,baseline,LA_BR,0.0297015140210049,FALSE,TRUE
2017,baseline,LA_G,-0.0224094268346341,FALSE,TRUE
2017,baseline,LA_P,-0.177467199423779,FALSE,TRUE
2017,baseline,LA_SIL,-0.0287780722592274,FALSE,TRUE
2017,baseline,MOL_BR,-0.0288162636491199,FALSE,TRUE
2017,baseline,MOL_G,-0.0163719817901591,FALSE,TRUE
2017,baseline,MOL_P,-0.0841862328392666,FALSE,TRUE
2017,baseline,MOL_SIL,0.631481186619974,FALSE,TRUE
2017,baseline,OSC_BR,-0.011965969977939,FALSE,TRUE
2017,baseline,OSC_G,-0.0109898052004956,FALSE,TRUE
2017,baseline,OSC_P,-0.0362351278553335,FALSE,TRUE
2017,baseline,OSC_SIL,-0.107170955836225,FALSE,TRUE
2017,baseline,SH_BR,-0.0680883579181454,FALSE,TRUE
2017,baseline,SH_BR2,-0.0946756896432818,FALSE,TRUE
2017,baseline,SH_SIL,-0.0678831645830748,FALSE,TRUE
2017,baseline,SH_SIL2,-0.0226368523036558,FALSE,TRUE
2017,baseline,VAL_BR,-0.0961117177429862,FALSE,TRUE
2017,baseline,VAL_G,-0.0209655809570166,FALSE,TRUE
2017,baseline,VAL_P,-0.0672306096384381,FALSE,TRUE
2017,baseline,VAL_SIL,0.0390849353451634,FALSE,TRUE
2017,baseline,WEST_BR,-0.0296322039448239,FALSE,TRUE
2017,baseline,WEST_BR_HSA,-0.00663300305103733,FALSE,TRUE
2017,baseline,WEST_G,0.0120129506543651,FALSE,TRUE
2017,baseline,WEST_P,1.892104694094e-4,FALSE,TRUE
2017,baseline,WEST_SIL,-0.006759204055262,FALSE,TRUE
2017,flat_mandate,ANT_BR,-0.610610368128359,FALSE,TRUE
2017,flat_mandate,ANT_BR_HSA,-1.2520098792124,FALSE,TRUE
2017,flat_mandate,ANT_G3,0.147910220989224,FALSE,TRUE
2017,flat_mandate,ANT_SIL,1.09108034418847,FALSE,TRUE
2017,flat_mandate,ANT_SIL3,1.86711127837892,FALSE,TRUE
2017,flat_mandate,BS_BR,0.494447466821667,FALSE,TRUE
2017,flat_mandate,BS_BR_HSA,0.414438005170341,FALSE,TRUE
2017,flat_mandate,BS_G,0.288272986882871,FALSE,TRUE
2017,flat_mandate,BS_G3,0.928648836243096,FALSE,TRUE
2017,flat_mandate,BS_SIL,3.77540415101497,FALSE,TRUE
2017,flat_mandate,BS_SIL3,-0.370393386500191,FALSE,TRUE
2017,flat_mandate,CC_BR,-0.0356898329793565,FALSE,TRUE
2017,flat_mandate,CC_SIL,0.473615756599604,FALSE,TRUE
2017,flat_mandate,HN_BR,0.0253927338590748,FALSE,TRUE
2017,flat_mandate,HN_G3,-0.980709179479047,FALSE,TRUE
2017,flat_mandate,HN_P3,-1.21258583743375,FALSE,TRUE
2017,flat_mandate,HN_SIL,-0.826870183151192,FALSE,TRUE
2017,flat_mandate,HN_SIL3,-0.161169624842338,FALSE,TRUE
2017,flat_mandate,KA_BR,-0.116239585097711,FALSE,TRUE
2017,flat_mandate,KA_BR_HSA,-0.126318142377801,FALSE,TRUE
2017,flat_mandate,KA_G,0.087684892519847,FALSE,TRUE
2017,flat_mandate,KA_G_COIN,-0.0266789525644303,FALSE,TRUE
2017,flat_mandate,KA_P,0.110274072481506,FALSE,TRUE
2017,flat_mandate,KA_SIL,1.6569144811365,FALSE,TRUE
2017,flat_mandate,LA_G,-0.00942461316817106,FALSE,TRUE
2017,flat_mandate,LA_P,-0.455855612681788,FALSE,TRUE
2017,flat_mandate,LA_SIL,0.416844083068551,FALSE,TRUE
2017,flat_mandate,MOL_BR,-0.277384503299687,FALSE,TRUE
2017,flat_mandate,MOL_G,0.016377805198607,FALSE,TRUE
2017,flat_mandate,MOL_P,0.158004421248233,FALSE,TRUE
2017,flat_mandate,MOL_SIL,1.89647444318666,FALSE,TRUE
2017,flat_mandate,OSC_BR,0.0574761315621892,FALSE,TRUE
2017,flat_mandate,OSC_G,0.178616184539838,FALSE,TRUE
2017,flat_mandate,OSC_P,0.070492942030854,FALSE,TRUE
2017,flat_mandate,OSC_SIL,0.180747356074819,FALSE,TRUE
2017,flat_mandate,SH_BR,0.24773039513434,FALSE,TRUE
2017,flat_mandate,SH_BR2,0.247678002848106,FALSE,TRUE
2017,flat_mandate,SH_SIL,-0.906734920343373,FALSE,TRUE
2017,flat_mandate,SH_SIL2,-0.906400074833621,FALSE,TRUE
2017,flat_mandate,VAL_BR,0.64774862923917,FALSE,TRUE
2017,flat_mandate,VAL_G,-0.616767981765597,FALSE,TRUE
2017,flat_mandate,VAL_P,-1.12527485848102,FALSE,TRUE
2017,flat_mandate,VAL_SIL,0.655098825342794,FALSE,TRUE
2017,flat_mandate,WEST_BR,-0.307427808842692,FALSE,TRUE
2017,flat_mandate,WEST_BR_HSA,0.0393569928702661,FALSE,TRUE
2017,flat_mandate,WEST_G,-0.648361596245488,FALSE,TRUE
2017,flat_mandate,WEST_SIL,-0.510515720854892,FALSE,TRUE
2017,scale_0.50,ANT_BR,0.13028726546174,FALSE,TRUE
2017,scale_0.50,ANT_BR_HSA,0.146333191493545,FALSE,TRUE
2017,scale_0.50,ANT_G3,-0.0327465718342691,FALSE,TRUE
2017,scale_0.50,ANT_SIL,-0.113636455351997,FALSE,TRUE
2017,scale_0.50,ANT_SIL3,0.129664231155942,FALSE,TRUE
2017,scale_0.50,BS_BR,0.0563277074938714,FALSE,TRUE
2017,scale_0.50,BS_BR_HSA,0.225283879826298,FALSE,TRUE
2017,scale_0.50,BS_G,0.23665831908159,FALSE,TRUE
2017,scale_0.50,BS_G3,0.270955977898298,FALSE,TRUE
2017,scale_0.50,BS_SIL,0.62621806961233,FALSE,TRUE
2017,scale_0.50,BS_SIL3,2.70905049341095,FALSE,TRUE
2017,scale_0.50,CC_BR,-0.00147003746823271,FALSE,TRUE
2017,scale_0.50,CC_SIL,-0.818635585418198,FALSE,TRUE
2017,scale_0.50,HN_BR,0.0875076889584531,FALSE,TRUE
2017,scale_0.50,HN_G3,0.00721164281627331,FALSE,TRUE
2017,scale_0.50,HN_P3,0.445831944456854,FALSE,TRUE
2017,scale_0.50,HN_SIL,-0.0819686043363806,FALSE,TRUE
2017,scale_0.50,HN_SIL3,0.0220907837718052,FALSE,TRUE
2017,scale_0.50,KA_BR,0.335780559411971,FALSE,TRUE
2017,scale_0.50,KA_BR_HSA,0.437408558676168,FALSE,TRUE
2017,scale_0.50,KA_G,0.161134865102975,FALSE,TRUE
2017,scale_0.50,KA_G_COIN,0.00756152265417219,FALSE,TRUE
2017,scale_0.50,KA_P,0.198631065208449,FALSE,TRUE
2017,scale_0.50,KA_SIL,-4.81321883120962,FALSE,TRUE
2017,scale_0.50,LA_G,-0.0320739701433518,FALSE,TRUE
2017,scale_0.50,LA_P,0.358219240513127,FALSE,TRUE
2017,scale_0.50,LA_SIL,0.0551856382675533,FALSE,TRUE
2017,scale_0.50,MOL_BR,-0.071677833470615,FALSE,TRUE
2017,scale_0.50,MOL_G,-0.035058428609905,FALSE,TRUE
2017,scale_0.50,MOL_P,0.165198386157392,FALSE,TRUE
2017,scale_0.50,MOL_SIL,0.0994453174571245,FALSE,TRUE
2017,scale_0.50,OSC_BR,-0.0677506681939691,FALSE,TRUE
2017,scale_0.50,OSC_G,0.062563700051327,FALSE,TRUE
2017,scale_0.50,OSC_SIL,-0.138694549495456,FALSE,TRUE
2017,scale_0.50,SH_BR,-0.079638551219626,FALSE,TRUE
2017,scale_0.50,SH_BR2,-0.0796303589767195,FALSE,TRUE
2017,scale_0.50,SH_SIL,0.13165700443397,FALSE,TRUE
2017,scale_0.50,SH_SIL2,0.13169186719575,FALSE,TRUE
2017,scale_0.50,VAL_BR,-0.012404983915479,FALSE,TRUE
2017,scale_0.50,VAL_G,0.158252607559527,FALSE,TRUE
2017,scale_0.50,VAL_P,0.901750034284313,FALSE,TRUE
2017,scale_0.50,VAL_SIL,0.0559269682232526,FALSE,TRUE
2017,scale_0.50,WEST_BR,0.831495039639594,FALSE,TRUE
2017,scale_0.50,WEST_BR_HSA,1.38391551545545,FALSE,TRUE
2017,scale_0.50,WEST_G,-0.174161044256692,FALSE,TRUE
2017,scale_0.50,WEST_SIL,0.214210426722773,FALSE,TRUE
2017,uniform_low,ANT_BR,-0.00858452229908767,FALSE,TRUE
2017,uniform_low,ANT_BR_HSA,0.374931404022731,FALSE,TRUE
2017,uniform_low,ANT_G3,0.117380955589432,FALSE,TRUE
2017,uniform_low,ANT_SIL,0.458005737669413,FALSE,TRUE
2017,uniform_low,ANT_SIL3,0.663342544372609,FALSE,TRUE
2017,uniform_low,BS_BR,-0.107795068041496,FALSE,TRUE
2017,uniform_low,BS_BR_HSA,-0.0904316998842864,FALSE,TRUE
2017,uniform_low,BS_G,0.0720701093002992,FALSE,TRUE
2017,uniform_low,BS_G3,0.0714119832136366,FALSE,TRUE
2017,uniform_low,BS_SIL,2.1512825233856,FALSE,TRUE
2017,uniform_low,BS_SIL3,-1.62640515945214,FALSE,TRUE
2017,uniform_low,CC_BR,0.0802578330208719,FALSE,TRUE
2017,uniform_low,CC_SIL,3.14237814049263,FALSE,TRUE
2017,uniform_low,HN_BR,0.0932478579125255,FALSE,TRUE
2017,uniform_low,HN_G3,-0.224536904607021,FALSE,TRUE
2017,uniform_low,HN_P3,-0.112787161560809,FALSE,TRUE
2017,uniform_low,HN_SIL,0.137474145988525,FALSE,TRUE
2017,uniform_low,HN_SIL3,0.0563146479696639,FALSE,TRUE
2017,uniform_low,KA_BR,0.314271602320641,FALSE,TRUE
2017,uniform_low,KA_BR_HSA,0.262961548942458,FALSE,TRUE
2017,uniform_low,KA_G,0.0366518312458905,FALSE,TRUE
2017,uniform_low,KA_G_COIN,0.0305652923894926,FALSE,TRUE
2017,uniform_low,KA_P,-0.0186322273349504,FALSE,TRUE
2017,uniform_low,KA_SIL,0.859037815860274,FALSE,TRUE
2017,uniform_low,LA_G,-0.00542897488385932,FALSE,TRUE
2017,uniform_low,LA_P,-0.189086358767456,FALSE,TRUE
2017,uniform_low,LA_SIL,0.0217732362655165,FALSE,TRUE
2017,uniform_low,MOL_BR,0.159928225246373,FALSE,TRUE
2017,uniform_low,MOL_G,-0.0525592589036752,FALSE,TRUE
2017,uniform_low,MOL_P,-0.166288811771836,FALSE,TRUE
2017,uniform_low,MOL_SIL,0.130130677786581,FALSE,TRUE
2017,uniform_low,OSC_BR,0.076229655856979,FALSE,TRUE
2017,uniform_low,OSC_G,0.0208655961521155,FALSE,TRUE
2017,uniform_low,OSC_SIL,0.0774476665812191,FALSE,TRUE
2017,uniform_low,SH_BR,0.103695595918308,FALSE,TRUE
2017,uniform_low,SH_BR2,0.103702994328928,FALSE,TRUE
2017,uniform_low,SH_SIL,0.0653205211382255,FALSE,TRUE
2017,uniform_low,SH_SIL2,0.0656136323126678,FALSE,TRUE
2017,uniform_low,VAL_BR,1.22883460270346,FALSE,TRUE
2017,uniform_low,VAL_G,-0.1746940205535,FALSE,TRUE
2017,uniform_low,VAL_P,0.0240062298766613,FALSE,TRUE
2017,uniform_low,VAL_SIL,0.299471339049056,FALSE,TRUE
2017,uniform_low,WEST_BR,0.147681501736506,FALSE,TRUE
2017,uniform_low,WEST_BR_HSA,0.0966466943028661,FALSE,TRUE
2017,uniform_low,WEST_G,-0.111714353903296,FALSE,TRUE
2017,uniform_low,WEST_SIL,0.057269672536304,FALSE,TRUE
2017,uniform_low_k0.75,ANT_BR,0.224712105821733,FALSE,TRUE
2017,uniform_low_k0.75,ANT_BR_HSA,0.609659674632296,FALSE,TRUE
2017,uniform_low_k0.75,ANT_G3,-0.0637122537106749,FALSE,TRUE
2017,uniform_low_k0.75,ANT_SIL,0.0206523827683465,FALSE,TRUE
2017,uniform_low_k0.75,ANT_SIL3,0.267551837796012,FALSE,TRUE
2017,uniform_low_k0.75,BS_BR,0.0518224543052307,FALSE,TRUE
2017,uniform_low_k0.75,BS_BR_HSA,0.0662010539676008,FALSE,TRUE
2017,uniform_low_k0.75,BS_G,-0.252780329485674,FALSE,TRUE
2017,uniform_low_k0.75,BS_G3,-0.221204742837984,FALSE,TRUE
2017,uniform_low_k0.75,BS_SIL,1.8399658115247,FALSE,TRUE
2017,uniform_low_k0.75,BS_SIL3,-1.98041091830424,FALSE,TRUE
2017,uniform_low_k0.75,CC_BR,0.722694120221122,FALSE,TRUE
2017,uniform_low_k0.75,CC_SIL,3.23493722394321,FALSE,TRUE
2017,uniform_low_k0.75,HN_BR,0.436951288721831,FALSE,TRUE
2017,uniform_low_k0.75,HN_G3,-0.313213347447809,FALSE,TRUE
2017,uniform_low_k0.75,HN_P3,-1.2627550912518,FALSE,TRUE
2017,uniform_low_k0.75,HN_SIL,-0.293940376643635,FALSE,TRUE
2017,uniform_low_k0.75,HN_SIL3,-0.440824981946825,FALSE,TRUE
2017,uniform_low_k0.75,KA_BR,0.702880211305862,FALSE,TRUE
2017,uniform_low_k0.75,KA_BR_HSA,0.651754436583427,FALSE,TRUE
2017,uniform_low_k0.75,KA_G,0.0924853275458969,FALSE,TRUE
2017,uniform_low_k0.75,KA_G_COIN,0.0967292908091575,FALSE,TRUE
2017,uniform_low_k0.75,KA_P,0.172838143891438,FALSE,TRUE
2017,uniform_low_k0.75,KA_SIL,0.806010320450434,FALSE,TRUE
2017,uniform_low_k0.75,LA_G,0.0111352440545518,FALSE,TRUE
2017,uniform_low_k0.75,LA_P,-1.68938399405543,FALSE,TRUE
2017,uniform_low_k0.75,LA_SIL,-0.62060553623715,FALSE,TRUE
2017,uniform_low_k0.75,MOL_BR,0.533915763425927,FALSE,TRUE
2017,uniform_low_k0.75,MOL_G,-0.119224357064477,FALSE,TRUE
2017,uniform_low_k0.75,MOL_P,-0.933336607718695,FALSE,TRUE
2017,uniform_low_k0.75,MOL_SIL,-0.311707781416425,FALSE,TRUE
2017,uniform_low_k0.75,OSC_BR,0.419336769939688,FALSE,TRUE
2017,uniform_low_k0.75,OSC_G,-0.241574254369578,FALSE,TRUE
2017,uniform_low_k0.75,OSC_SIL,-0.486111781084353,FALSE,TRUE
2017,uniform_low_k0.75,SH_BR,0.468601587667901,FALSE,TRUE
2017,uniform_low_k0.75,SH_BR2,0.468609003461596,FALSE,TRUE
2017,uniform_low_k0.75,SH_SIL,-0.79754831541074,FALSE,TRUE
2017,uniform_low_k0.75,SH_SIL2,-0.797254906607182,FALSE,TRUE
2017,uniform_low_k0.75,VAL_BR,1.62412791658833,FALSE,TRUE
2017,uniform_low_k0.75,VAL_G,-0.577000616106535,FALSE,TRUE
2017,uniform_low_k0.75,VAL_P,-2.86993675510456,FALSE,TRUE
2017,uniform_low_k0.75,VAL_SIL,0.247221257573189,FALSE,TRUE
2017,uniform_low_k0.75,WEST_BR,0.543875479491,FALSE,TRUE
2017,uniform_low_k0.75,WEST_BR_HSA,0.495514760244807,FALSE,TRUE
2017,uniform_low_k0.75,WEST_G,-0.0492780923088484,FALSE,TRUE
2017,uniform_low_k0.75,WEST_SIL,-0.496561684900073,FALSE,TRUE
2017,uniform_low_k1.25,ANT_BR,-0.18204992885239701,FALSE,TRUE
2017,uniform_low_k1.25,ANT_BR_HSA,0.200360466721465,FALSE,TRUE
2017,uniform_low_k1.25,ANT_G3,0.303586098301657,FALSE,TRUE
2017,uniform_low_k1.25,ANT_SIL,0.895763608086407,FALSE,TRUE
2017,uniform_low_k1.25,ANT_SIL3,1.07877468161239,FALSE,TRUE
2017,uniform_low_k1.25,BS_BR,-0.213661875738156,FALSE,TRUE
2017,uniform_low_k1.25,BS_BR_HSA,-0.194374469534017,FALSE,TRUE
2017,uniform_low_k1.25,BS_G,0.385731884263215,FALSE,TRUE
2017,uniform_low_k1.25,BS_G3,0.356934514262402,FALSE,TRUE
2017,uniform_low_k1.25,BS_SIL,2.48861428350217,FALSE,TRUE
2017,uniform_low_k1.25,BS_SIL3,-1.26201687835813,FALSE,TRUE
2017,uniform_low_k1.25,CC_BR,-0.436028046855825,FALSE,TRUE
2017,uniform_low_k1.25,CC_SIL,3.12767507172155,FALSE,TRUE
2017,uniform_low_k1.25,HN_BR,-0.16209869663673,FALSE,TRUE
2017,uniform_low_k1.25,HN_G3,-0.103916905843523,FALSE,TRUE
2017,uniform_low_k1.25,HN_P3,0.935403277870919,FALSE,TRUE
2017,uniform_low_k1.25,HN_SIL,0.592937587048332,FALSE,TRUE
2017,uniform_low_k1.25,HN_SIL3,0.586920856505582,FALSE,TRUE
2017,uniform_low_k1.25,KA_BR,-0.0106471917223389,FALSE,TRUE
2017,uniform_low_k1.25,KA_BR_HSA,-0.0621083538482798,FALSE,TRUE
2017,uniform_low_k1.25,KA_G,0.00140227284443841,FALSE,TRUE
2017,uniform_low_k1.25,KA_G_COIN,-0.0136644386149564,FALSE,TRUE
2017,uniform_low_k1.25,KA_P,-0.17085353053454,FALSE,TRUE
2017,uniform_low_k1.25,KA_SIL,0.929530792164399,FALSE,TRUE
2017,uniform_low_k1.25,LA_G,0.0368829183758035,FALSE,TRUE
2017,uniform_low_k1.25,LA_P,1.17816911898662,FALSE,TRUE
2017,uniform_low_k1.25,LA_SIL,0.712239077582469,FALSE,TRUE
2017,uniform_low_k1.25,MOL_BR,-0.116389561246426,FALSE,TRUE
2017,uniform_low_k1.25,MOL_G,0.0611437096483885,FALSE,TRUE
2017,uniform_low_k1.25,MOL_P,0.562615370086329,FALSE,TRUE
2017,uniform_low_k1.25,MOL_SIL,0.633492047850118,FALSE,TRUE
2017,uniform_low_k1.25,OSC_BR,-0.168837494058387,FALSE,TRUE
2017,uniform_low_k1.25,OSC_G,0.309618565218153,FALSE,TRUE
2017,uniform_low_k1.25,OSC_SIL,0.68672779558926,FALSE,TRUE
2017,uniform_low_k1.25,SH_BR,-0.165882936667196,FALSE,TRUE
2017,uniform_low_k1.25,SH_BR2,-0.165875553809219,FALSE,TRUE
2017,uniform_low_k1.25,SH_SIL,0.920704646178498,FALSE,TRUE
2017,uniform_low_k1.25,SH_SIL2,0.920997531269555,FALSE,TRUE
2017,uniform_low_k1.25,VAL_BR,0.950854758519922,FALSE,TRUE
2017,uniform_low_k1.25,VAL_G,0.242983448389314,FALSE,TRUE
2017,uniform_low_k1.25,VAL_P,2.61560577912937,FALSE,TRUE
2017,uniform_low_k1.25,VAL_SIL,0.464278106364968,FALSE,TRUE
2017,uniform_low_k1.25,WEST_BR,-0.141772975392415,FALSE,TRUE
2017,uniform_low_k1.25,WEST_BR_HSA,-0.195253633951293,FALSE,TRUE
2017,uniform_low_k1.25,WEST_G,-0.116420014215844,FALSE,TRUE
2017,uniform_low_k1.25,WEST_SIL,0.630503977070295,FALSE,TRUE
2017,zero_tau0.00,ANT_BR,0.0821807520106818,FALSE,TRUE
2017,zero_tau0.00,ANT_BR_HSA,0.0046586482198456,FALSE,TRUE
2017,zero_tau0.00,ANT_G3,-0.173026822721328,FALSE,TRUE
2017,zero_tau0.00,ANT_SIL,-1.13309128164096,FALSE,TRUE
2017,zero_tau0.00,ANT_SIL3,0.350782304051707,FALSE,TRUE
2017,zero_tau0.00,BS_BR,0.100339831820719,FALSE,TRUE
2017,zero_tau0.00,BS_BR_HSA,0.0364913180533137,FALSE,TRUE
2017,zero_tau0.00,BS_G,0.00869338487738861,FALSE,TRUE
2017,zero_tau0.00,BS_G3,-0.37669243070594,FALSE,TRUE
2017,zero_tau0.00,BS_SIL,0.683875756330414,FALSE,TRUE
2017,zero_tau0.00,BS_SIL3,-2.80535748783225,FALSE,TRUE
2017,zero_tau0.00,CC_BR,-0.135212380880795,FALSE,TRUE
2017,zero_tau0.00,CC_SIL,-2.84681449307285,FALSE,TRUE
2017,zero_tau0.00,HN_BR,0.144833044422895,FALSE,TRUE
2017,zero_tau0.00,HN_G3,-0.0514650069266975,FALSE,TRUE
2017,zero_tau0.00,HN_P3,-0.0220705260560814,FALSE,TRUE
2017,zero_tau0.00,HN_SIL,0.0217477637877659,FALSE,TRUE
2017,zero_tau0.00,HN_SIL3,0.0114271953995504,FALSE,TRUE
2017,zero_tau0.00,KA_BR,-0.263150695020889,FALSE,TRUE
2017,zero_tau0.00,KA_BR_HSA,-0.298332693096347,FALSE,TRUE
2017,zero_tau0.00,KA_G,-0.168210368348077,FALSE,TRUE
2017,zero_tau0.00,KA_G_COIN,-0.238793168958152,FALSE,TRUE
2017,zero_tau0.00,KA_P,-0.26773997436039,FALSE,TRUE
2017,zero_tau0.00,KA_SIL,2.37308551605946,FALSE,TRUE
2017,zero_tau0.00,LA_G,-0.219687347922092,FALSE,TRUE
2017,zero_tau0.00,LA_P,0.00205481314470907,FALSE,TRUE
2017,zero_tau0.00,LA_SIL,-0.0431919894870115,FALSE,TRUE
2017,zero_tau0.00,MOL_BR,-0.0580621781652936,FALSE,TRUE
2017,zero_tau0.00,MOL_G,-0.243540630653442,FALSE,TRUE
2017,zero_tau0.00,MOL_P,-0.0088973171966269,FALSE,TRUE
2017,zero_tau0.00,MOL_SIL,-0.0662149373943151,FALSE,TRUE
2017,zero_tau0.00,OSC_BR,-0.161030679331335,FALSE,TRUE
2017,zero_tau0.00,OSC_G,-0.0690760385259076,FALSE,TRUE
2017,zero_tau0.00,OSC_SIL,-0.136263655950448,FALSE,TRUE
2017,zero_tau0.00,SH_BR,-0.0424532486475376,FALSE,TRUE
2017,zero_tau0.00,SH_BR2,-0.0424541034496095,FALSE,TRUE
2017,zero_tau0.00,SH_SIL,-0.075621283984054,FALSE,TRUE
2017,zero_tau0.00,SH_SIL2,-0.0756181070643953,FALSE,TRUE
2017,zero_tau0.00,VAL_BR,0.652002359701005,FALSE,TRUE
2017,zero_tau0.00,VAL_G,0.0156974523949815,FALSE,TRUE
2017,zero_tau0.00,VAL_P,0.105851444750971,FALSE,TRUE
2017,zero_tau0.00,VAL_SIL,7.22115691873298,TRUE,TRUE
2017,zero_tau0.00,WEST_BR,-0.229101383760788,FALSE,TRUE
2017,zero_tau0.00,WEST_BR_HSA,-0.257684770916165,FALSE,TRUE
2017,zero_tau0.00,WEST_G,-0.00882112156129574,FALSE,TRUE
2017,zero_tau0.00,WEST_SIL,-0.0617764303626491,FALSE,TRUE
2017,zero_tau0.50,ANT_BR,-0.584809305612822,FALSE,TRUE
2017,zero_tau0.50,ANT_BR_HSA,-0.586036787114851,FALSE,TRUE
2017,zero_tau0.50,ANT_G3,-0.663750946482762,FALSE,TRUE
2017,zero_tau0.50,ANT_SIL,0.409147930496607,FALSE,TRUE
2017,zero_tau0.50,ANT_SIL3,0.29746734147377,FALSE,TRUE
2017,zero_tau0.50,BS_BR,0.489726684616239,FALSE,TRUE
2017,zero_tau0.50,BS_BR_HSA,-0.0868526933571148,FALSE,TRUE
2017,zero_tau0.50,BS_G,-0.662521050594699,FALSE,TRUE
2017,zero_tau0.50,BS_G3,-0.546979773835798,FALSE,TRUE
2017,zero_tau0.50,BS_SIL,-2.48292618768753,FALSE,TRUE
2017,zero_tau0.50,BS_SIL3,1.10023407210272,FALSE,TRUE
2017,zero_tau0.50,CC_BR,-0.810691751089156,FALSE,TRUE
2017,zero_tau0.50,CC_SIL,1.18513471941553,FALSE,TRUE
2017,zero_tau0.50,HN_BR,-0.475169237263342,FALSE,TRUE
2017,zero_tau0.50,HN_G3,-1.44624690432686,FALSE,TRUE
2017,zero_tau0.50,HN_P3,-0.665629622433087,FALSE,TRUE
2017,zero_tau0.50,HN_SIL,-1.50025116083667,FALSE,TRUE
2017,zero_tau0.50,HN_SIL3,-0.237977775933063,FALSE,TRUE
2017,zero_tau0.50,KA_BR,-0.338232864487232,FALSE,TRUE
2017,zero_tau0.50,KA_BR_HSA,-0.298840256272578,FALSE,TRUE
2017,zero_tau0.50,KA_G,-1.72033492147725,FALSE,TRUE
2017,zero_tau0.50,KA_G_COIN,-0.631947942238609,FALSE,TRUE
2017,zero_tau0.50,KA_P,-0.64521029288893,FALSE,TRUE
2017,zero_tau0.50,KA_SIL,-4.54444119317879,FALSE,TRUE
2017,zero_tau0.50,LA_G,-0.474739274242835,FALSE,TRUE
2017,zero_tau0.50,LA_P,-0.904513738076094,FALSE,TRUE
2017,zero_tau0.50,LA_SIL,-0.757350960823335,FALSE,TRUE
2017,zero_tau0.50,MOL_BR,-0.701906141506632,FALSE,TRUE
2017,zero_tau0.50,MOL_G,-0.684477696886645,FALSE,TRUE
2017,zero_tau0.50,MOL_P,-1.65237644653452,FALSE,TRUE
2017,zero_tau0.50,MOL_SIL,-2.28814964991168,FALSE,TRUE
2017,zero_tau0.50,OSC_G,-1.76038117706416,FALSE,TRUE
2017,zero_tau0.50,OSC_SIL,-0.356214675926606,FALSE,TRUE
2017,zero_tau0.50,SH_BR,-0.169121776898651,FALSE,TRUE
2017,zero_tau0.50,SH_BR2,-0.169121757855232,FALSE,TRUE
2017,zero_tau0.50,SH_SIL,-0.659466133391243,FALSE,TRUE
2017,zero_tau0.50,SH_SIL2,-0.659465958513992,FALSE,TRUE
2017,zero_tau0.50,VAL_BR,-0.0717933425932201,FALSE,TRUE
2017,zero_tau0.50,VAL_G,-0.79925033681327,FALSE,TRUE
2017,zero_tau0.50,VAL_P,-1.12323947313344,FALSE,TRUE
2017,zero_tau0.50,VAL_SIL,0.798335948634049,FALSE,TRUE
2017,zero_tau0.50,WEST_BR,-0.425333821618498,FALSE,TRUE
2017,zero_tau0.50,WEST_BR_HSA,-0.260442234069554,FALSE,TRUE
2017,zero_tau0.50,WEST_G,-0.189425722238236,FALSE,TRUE
2017,zero_tau0.50,WEST_SIL,-0.973317278173506,FALSE,TRUE
2017,zero_tau1.00,ANT_BR,-2.53023854283191,FALSE,TRUE
2017,zero_tau1.00,ANT_BR_HSA,-2.50191630409354,FALSE,TRUE
2017,zero_tau1.00,ANT_G3,-0.561706646516444,FALSE,TRUE
2017,zero_tau1.00,ANT_SIL,-0.905455946552336,FALSE,TRUE
2017,zero_tau1.00,ANT_SIL3,2.02340434825477,FALSE,TRUE
2017,zero_tau1.00,BS_BR,-0.673933919036725,FALSE,TRUE
2017,zero_tau1.00,BS_BR_HSA,-0.654588510224943,FALSE,TRUE
2017,zero_tau1.00,BS_G,-1.63460466283955,FALSE,TRUE
2017,zero_tau1.00,BS_G3,-0.652649160495101,FALSE,TRUE
2017,zero_tau1.00,BS_SIL,0.273674404935304,FALSE,TRUE
2017,zero_tau1.00,BS_SIL3,-2.76540063863384,FALSE,TRUE
2017,zero_tau1.00,CC_BR,-1.84054155366724,FALSE,TRUE
2017,zero_tau1.00,CC_SIL,3.73519837392836,FALSE,TRUE
2017,zero_tau1.00,HN_BR,-1.77213057093186,FALSE,TRUE
2017,zero_tau1.00,HN_G3,-1.37900456493765,FALSE,TRUE
2017,zero_tau1.00,HN_P3,1.39998752713581,FALSE,TRUE
2017,zero_tau1.00,HN_SIL,-1.26699706235617,FALSE,TRUE
2017,zero_tau1.00,HN_SIL3,-0.983883851031042,FALSE,TRUE
2017,zero_tau1.00,KA_BR,-0.868382197948085,FALSE,TRUE
2017,zero_tau1.00,KA_BR_HSA,-0.868679463983476,FALSE,TRUE
2017,zero_tau1.00,KA_G,0.241081369646865,FALSE,TRUE
2017,zero_tau1.00,KA_G_COIN,0.348893320494552,FALSE,TRUE
2017,zero_tau1.00,KA_P,0.305775280892288,FALSE,TRUE
2017,zero_tau1.00,KA_SIL,1.62580023871974,FALSE,TRUE
2017,zero_tau1.00,LA_G,-0.279132957338916,FALSE,TRUE
2017,zero_tau1.00,LA_P,0.195065818522933,FALSE,TRUE
2017,zero_tau1.00,LA_SIL,-0.435984175559778,FALSE,TRUE
2017,zero_tau1.00,MOL_BR,-0.450234762661659,FALSE,TRUE
2017,zero_tau1.00,MOL_G,-0.282890115573894,FALSE,TRUE
2017,zero_tau1.00,MOL_P,0.140969977770893,FALSE,TRUE
2017,zero_tau1.00,MOL_SIL,0.713016649190492,FALSE,TRUE
2017,zero_tau1.00,OSC_G,0.550965657273269,FALSE,TRUE
2017,zero_tau1.00,OSC_SIL,-0.813077458612907,FALSE,TRUE
2017,zero_tau1.00,SH_BR,-2.06168224559788,FALSE,TRUE
2017,zero_tau1.00,SH_BR2,-2.06168223983634,FALSE,TRUE
2017,zero_tau1.00,SH_SIL,0.115793571273716,FALSE,TRUE
2017,zero_tau1.00,SH_SIL2,0.115793588826205,FALSE,TRUE
2017,zero_tau1.00,VAL_BR,-0.613151363701013,FALSE,TRUE
2017,zero_tau1.00,VAL_G,-0.445174473240226,FALSE,TRUE
2017,zero_tau1.00,VAL_P,2.71886360860695,FALSE,TRUE
2017,zero_tau1.00,VAL_SIL,-0.425727024129624,FALSE,TRUE
2017,zero_tau1.00,WEST_BR,-0.576435066650585,FALSE,TRUE
2017,zero_tau1.00,WEST_BR_HSA,-0.549517905815837,FALSE,TRUE
2017,zero_tau1.00,WEST_G,-1.19540403703904,FALSE,TRUE
2017,zero_tau1.00,WEST_SIL,-0.597878736244901,FALSE,TRUE
2018,aligned,ANT_BR,-0.433843707540347,FALSE,TRUE
2018,aligned,ANT_BR_HSA,-1.0678681887451,FALSE,TRUE
2018,aligned,ANT_SIL,0.434925996476517,FALSE,TRUE
2018,aligned,BS_BR,-0.212857943165701,FALSE,TRUE
2018,aligned,BS_BR_HSA,-0.244711330715909,FALSE,TRUE
2018,aligned,BS_G,-0.303094150833308,FALSE,TRUE
2018,aligned,BS_G3,0.479164497397672,FALSE,TRUE
2018,aligned,BS_SIL,1.04159821303958,FALSE,TRUE
2018,aligned,BS_SIL3,0.859631579487128,FALSE,TRUE
2018,aligned,CC_BR,-0.855862002462432,FALSE,TRUE
2018,aligned,CC_BR_HSA,-0.771057409629681,FALSE,TRUE
2018,aligned,CC_G,0.542836359712381,FALSE,TRUE
2018,aligned,CC_P,0.662287967475949,FALSE,TRUE
2018,aligned,CC_SIL,-0.707345305160916,FALSE,TRUE
2018,aligned,HN_BR,-3.22811149710337,FALSE,TRUE
2018,aligned,HN_G,-0.0649722969151604,FALSE,TRUE
2018,aligned,HN_G3,-0.696491724655933,FALSE,TRUE
2018,aligned,HN_P3,-3.31097631718014,FALSE,TRUE
2018,aligned,HN_SIL,0.460713406095008,FALSE,TRUE
2018,aligned,HN_SIL3,-1.16053250977167,FALSE,TRUE
2018,aligned,KA_BR,-0.18422907899007,FALSE,TRUE
2018,aligned,KA_BR_HSA,-0.142340757816354,FALSE,TRUE
2018,aligned,KA_G,0.125354403203852,FALSE,TRUE
2018,aligned,KA_G_COIN,0.425294115129577,FALSE,TRUE
2018,aligned,KA_P,0.127755044835983,FALSE,TRUE
2018,aligned,KA_SIL,3.3313995067227,FALSE,TRUE
2018,aligned,LA_BR,-0.387752753175099,FALSE,TRUE
2018,aligned,LA_G,-0.183448854142424,FALSE,TRUE
2018,aligned,LA_P,1.86973077939719,FALSE,TRUE
2018,aligned,LA_SIL,-0.00550932424784082,FALSE,TRUE
2018,aligned,MOL_BR,-0.0948469445204623,FALSE,TRUE
2018,aligned,MOL_G,0.0936339427662282,FALSE,TRUE
2018,aligned,MOL_SIL,0.912031883467549,FALSE,TRUE
2018,aligned,OSC_BR,-0.91537374461123,FALSE,TRUE
2018,aligned,OSC_BR_HSA,-1.01998294920588,FALSE,TRUE
2018,aligned,OSC_SIL,4.18515493265446,FALSE,TRUE
2018,aligned,SH_BR,2.53445034687059,FALSE,TRUE
2018,aligned,SH_BR2,2.53924239375552,FALSE,TRUE
2018,aligned,SH_G,0.0849942118080048,FALSE,TRUE
2018,aligned,VAL_BR,-0.470263016021371,FALSE,TRUE
2018,aligned,VAL_G,-0.211796990256224,FALSE,TRUE
2018,aligned,VAL_SIL,-0.520248056653464,FALSE,TRUE
2018,aligned,WEST_BR,-0.743206777639665,FALSE,TRUE
2018,aligned,WEST_BR_HSA,-0.517471044410361,FALSE,TRUE
2018,aligned,WEST_G,0.24463244780098,FALSE,TRUE
2018,aligned,WEST_SIL,10.5014226932653,TRUE,TRUE
2018,baseline,ANT_BR,-0.447042318370059,FALSE,TRUE
2018,baseline,ANT_BR_HSA,-1.58860076725621,FALSE,TRUE
2018,baseline,ANT_SIL,-0.0946987104250593,FALSE,TRUE
2018,baseline,BS_BR,0.0520064977397322,FALSE,TRUE
2018,baseline,BS_BR_HSA,0.0414410757144705,FALSE,TRUE
2018,baseline,BS_G,-0.0492403476329814,FALSE,TRUE
2018,baseline,BS_G3,-0.015218642362146,FALSE,TRUE
2018,baseline,BS_SIL,-1.1267778315153,FALSE,TRUE
2018,baseline,BS_SIL3,-0.277477997452798,FALSE,TRUE
2018,baseline,CC_BR,-0.0619018385465237,FALSE,TRUE
2018,baseline,CC_BR_HSA,-0.0428884203258449,FALSE,TRUE
2018,baseline,CC_G,-0.0025229800034493,FALSE,TRUE
2018,baseline,CC_P,0.0875578829247548,FALSE,TRUE
2018,baseline,CC_SIL,0.242999219899861,FALSE,TRUE
2018,baseline,HN_BR,-0.0147951893347093,FALSE,TRUE
2018,baseline,HN_G,-0.0961622227893189,FALSE,TRUE
2018,baseline,HN_G3,-0.0262251893695725,FALSE,TRUE
2018,baseline,HN_P3,0.0515423333723922,FALSE,TRUE
2018,baseline,HN_SIL,-0.101223316554383,FALSE,TRUE
2018,baseline,HN_SIL3,0.0178020991314316,FALSE,TRUE
2018,baseline,KA_BR,0.0522389157133426,FALSE,TRUE
2018,baseline,KA_BR_HSA,0.0359188875602642,FALSE,TRUE
2018,baseline,KA_G,-0.0401127521263747,FALSE,TRUE
2018,baseline,KA_G_COIN,0.0259097186622019,FALSE,TRUE
2018,baseline,KA_P,-0.0716264808930308,FALSE,TRUE
2018,baseline,KA_SIL,5.909239689186,TRUE,TRUE
2018,baseline,LA_BR,-0.024518945248105,FALSE,TRUE
2018,baseline,LA_G,0.0058004175849328,FALSE,TRUE
2018,baseline,LA_P,0.0690356708557765,FALSE,TRUE
2018,baseline,LA_SIL,-0.0155200970881878,FALSE,TRUE
2018,baseline,MOL_BR,0.0169502372877186,FALSE,TRUE
2018,baseline,MOL_G,-0.042017031411064,FALSE,TRUE
2018,baseline,MOL_P,0.0409021149081652,FALSE,TRUE
2018,baseline,MOL_SIL,0.736913768043779,FALSE,TRUE
2018,baseline,OSC_BR,-0.0377425016147045,FALSE,TRUE
2018,baseline,OSC_BR_HSA,-0.038334673929478,FALSE,TRUE
2018,baseline,OSC_SIL,-1.0683800503961,FALSE,TRUE
2018,baseline,SH_BR,-0.0164572473534708,FALSE,TRUE
2018,baseline,SH_BR2,-0.0138923717299915,FALSE,TRUE
2018,baseline,SH_G,-0.0243299842258465,FALSE,TRUE
2018,baseline,SH_P,-0.137854783658332,FALSE,TRUE
2018,baseline,VAL_BR,0.0735758069578345,FALSE,TRUE
2018,baseline,VAL_G,0.00102256828290782,FALSE,TRUE
2018,baseline,VAL_P,0.0996974197031041,FALSE,TRUE
2018,baseline,VAL_SIL,-0.013622727978769,FALSE,TRUE
2018,baseline,WEST_BR,-0.0394484246396872,FALSE,TRUE
2018,baseline,WEST_BR_HSA,0.0499020965000153,FALSE,TRUE
2018,baseline,WEST_G,-0.108917068753256,FALSE,TRUE
2018,baseline,WEST_P,0.635146351269783,FALSE,TRUE
2018,baseline,WEST_SIL,-20.8965826305276,TRUE,TRUE
2018,flat_mandate,ANT_BR,0.0346105332857687,FALSE,TRUE
2018,flat_mandate,ANT_BR_HSA,-0.450142742411547,FALSE,TRUE
2018,flat_mandate,ANT_SIL,-0.262993716930067,FALSE,TRUE
2018,flat_mandate,BS_BR,0.0646661018531315,FALSE,TRUE
2018,flat_mandate,BS_BR_HSA,0.384394545770348,FALSE,TRUE
2018,flat_mandate,BS_G,0.973099588587668,FALSE,TRUE
2018,flat_mandate,BS_G3,0.0606672980535186,FALSE,TRUE
2018,flat_mandate,BS_SIL,0.233280795232916,FALSE,TRUE
2018,flat_mandate,BS_SIL3,0.210788534234127,FALSE,TRUE
2018,flat_mandate,CC_BR,-0.250770076557453,FALSE,TRUE
2018,flat_mandate,CC_BR_HSA,-0.190176623923008,FALSE,TRUE
2018,flat_mandate,CC_G,-0.0165043611469559,FALSE,TRUE
2018,flat_mandate,CC_P,-0.325096874577148,FALSE,TRUE
2018,flat_mandate,CC_SIL,2.50672038258087,FALSE,TRUE
2018,flat_mandate,HN_BR,0.0762614584509352,FALSE,TRUE
2018,flat_mandate,HN_G,0.0949215709184592,FALSE,TRUE
2018,flat_mandate,HN_G3,0.98120848232576,FALSE,TRUE
2018,flat_mandate,HN_P3,1.42339415607363,FALSE,TRUE
2018,flat_mandate,HN_SIL,-0.631326422033884,FALSE,TRUE
2018,flat_mandate,HN_SIL3,0.564936845928512,FALSE,TRUE
2018,flat_mandate,KA_BR,0.16542439257817,FALSE,TRUE
2018,flat_mandate,KA_BR_HSA,-0.0427264997308852,FALSE,TRUE
2018,flat_mandate,KA_G,0.0508100970620715,FALSE,TRUE
2018,flat_mandate,KA_G_COIN,0.397545552389756,FALSE,TRUE
2018,flat_mandate,KA_P,0.389537810645662,FALSE,TRUE
2018,flat_mandate,KA_SIL,0.918301376253338,FALSE,TRUE
2018,flat_mandate,LA_BR,-2.6136296608375,FALSE,TRUE
2018,flat_mandate,LA_G,0.853258968351607,FALSE,TRUE
2018,flat_mandate,LA_P,0.791573629419301,FALSE,TRUE
2018,flat_mandate,LA_SIL,0.781633281054551,FALSE,TRUE
2018,flat_mandate,MOL_BR,-0.289332886646307,FALSE,TRUE
2018,flat_mandate,MOL_G,-0.648359477989894,FALSE,TRUE
2018,flat_mandate,MOL_P,0.263430563256233,FALSE,TRUE
2018,flat_mandate,MOL_SIL,-1.1858205887981,FALSE,TRUE
2018,flat_mandate,OSC_BR,-0.224697299306022,FALSE,TRUE
2018,flat_mandate,OSC_BR_HSA,0.10247725437355,FALSE,TRUE
2018,flat_mandate,OSC_SIL,4.42595116692832,FALSE,TRUE
2018,flat_mandate,SH_BR,0.00831653047081079,FALSE,TRUE
2018,flat_mandate,SH_BR2,0.00831503391550553,FALSE,TRUE
2018,flat_mandate,SH_G,-0.786504550739735,FALSE,TRUE
2018,flat_mandate,VAL_BR,0.0956626078667782,FALSE,TRUE
2018,flat_mandate,VAL_G,1.71540918415331,FALSE,TRUE
2018,flat_mandate,VAL_SIL,-3.44889959100363,FALSE,TRUE
2018,flat_mandate,WEST_BR,-0.551700775675959,FALSE,TRUE
2018,flat_mandate,WEST_BR_HSA,-0.464829885606664,FALSE,TRUE
2018,flat_mandate,WEST_G,-0.00601468614876059,FALSE,TRUE
2018,flat_mandate,WEST_SIL,9.14307436272564,TRUE,TRUE
2018,scale_0.50,ANT_BR,0.0909307880524621,FALSE,TRUE
2018,scale_0.50,ANT_BR_HSA,0.0647838746070635,FALSE,TRUE
2018,scale_0.50,ANT_SIL,0.204613419079225,FALSE,TRUE
2018,scale_0.50,BS_BR,0.064375192723908,FALSE,TRUE
2018,scale_0.50,BS_BR_HSA,0.160288001494886,FALSE,TRUE
2018,scale_0.50,BS_G,0.119012211433393,FALSE,TRUE
2018,scale_0.50,BS_G3,1.01444380852772,FALSE,TRUE
2018,scale_0.50,BS_SIL,0.716569009489707,FALSE,TRUE
2018,scale_0.50,BS_SIL3,-1.28946941490425,FALSE,TRUE
2018,scale_0.50,CC_BR,0.271067231738582,FALSE,TRUE
2018,scale_0.50,CC_BR_HSA,0.346480856869582,FALSE,TRUE
2018,scale_0.50,CC_G,0.218946933325309,FALSE,TRUE
2018,scale_0.50,CC_P,1.68538875697255,FALSE,TRUE
2018,scale_0.50,CC_SIL,-0.0416341236802832,FALSE,TRUE
2018,scale_0.50,HN_BR,-0.128082777932939,FALSE,TRUE
2018,scale_0.50,HN_G,0.0298532036049868,FALSE,TRUE
2018,scale_0.50,HN_G3,0.759738602737327,FALSE,TRUE
2018,scale_0.50,HN_P3,0.994038101666626,FALSE,TRUE
2018,scale_0.50,HN_SIL,-0.831364882068332,FALSE,TRUE
2018,scale_0.50,HN_SIL3,-0.2301170287177,FALSE,TRUE
2018,scale_0.50,KA_BR,-0.494243302458711,FALSE,TRUE
2018,scale_0.50,KA_BR_HSA,-0.414992584037936,FALSE,TRUE
2018,scale_0.50,KA_G,0.579468259952785,FALSE,TRUE
2018,scale_0.50,KA_G_COIN,1.11717685355798,FALSE,TRUE
2018,scale_0.50,KA_P,0.665252855778207,FALSE,TRUE
2018,scale_0.50,KA_SIL,0.999802690273406,FALSE,TRUE
2018,scale_0.50,LA_BR,0.571687040436147,FALSE,TRUE
2018,scale_0.50,LA_G,-1.14235106074125,FALSE,TRUE
2018,scale_0.50,LA_P,0.768109416387431,FALSE,TRUE
2018,scale_0.50,LA_SIL,0.842388845235308,FALSE,TRUE
2018,scale_0.50,MOL_BR,-0.861026247081435,FALSE,TRUE
2018,scale_0.50,MOL_G,1.21607008589775,FALSE,TRUE
2018,scale_0.50,MOL_P,0.660613258259926,FALSE,TRUE
2018,scale_0.50,MOL_SIL,2.49938232423788,FALSE,TRUE
2018,scale_0.50,OSC_BR,0.224421398572185,FALSE,TRUE
2018,scale_0.50,OSC_BR_HSA,0.0836043267149632,FALSE,TRUE
2018,scale_0.50,OSC_SIL,-1.79820256599158,FALSE,TRUE
2018,scale_0.50,SH_BR,0.340421588921153,FALSE,TRUE
2018,scale_0.50,SH_BR2,0.340418898655178,FALSE,TRUE
2018,scale_0.50,SH_G,1.76041642184163,FALSE,TRUE
2018,scale_0.50,VAL_BR,0.0925784918340615,FALSE,TRUE
2018,scale_0.50,VAL_G,0.195720523933828,FALSE,TRUE
2018,scale_0.50,VAL_P,0.554797683267566,FALSE,TRUE
2018,scale_0.50,VAL_SIL,0.17879215563191,FALSE,TRUE
2018,scale_0.50,WEST_BR,-0.539860594918465,FALSE,TRUE
2018,scale_0.50,WEST_BR_HSA,-0.630282653450046,FALSE,TRUE
2018,scale_0.50,WEST_G,-0.00543694640427693,FALSE,TRUE
2018,scale_0.50,WEST_SIL,17.8500565899486,TRUE,TRUE
2018,uniform_low,ANT_BR,0.569290082461281,FALSE,TRUE
2018,uniform_low,ANT_BR_HSA,0.339658292865792,FALSE,TRUE
2018,uniform_low,ANT_SIL,0.262265180669937,FALSE,TRUE
2018,uniform_low,BS_BR,-0.111443252795544,FALSE,TRUE
2018,uniform_low,BS_BR_HSA,0.18045482724391,FALSE,TRUE
2018,uniform_low,BS_G,-0.823156951658582,FALSE,TRUE
2018,uniform_low,BS_G3,-0.313149177680779,FALSE,TRUE
2018,uniform_low,BS_SIL,0.0390679191666456,FALSE,TRUE
2018,uniform_low,BS_SIL3,-1.21639567362632,FALSE,TRUE
2018,uniform_low,CC_BR,-0.261964322780622,FALSE,TRUE
2018,uniform_low,CC_BR_HSA,-0.515258671798875,FALSE,TRUE
2018,uniform_low,CC_G,-0.0240979636968397,FALSE,TRUE
2018,uniform_low,CC_P,-0.251675916890288,FALSE,TRUE
2018,uniform_low,CC_SIL,-1.94459821272209,FALSE,TRUE
2018,uniform_low,HN_BR,-0.569589573924494,FALSE,TRUE
2018,uniform_low,HN_G,0.205015652618666,FALSE,TRUE
2018,uniform_low,HN_G3,0.125857929422371,FALSE,TRUE
2018,uniform_low,HN_P3,-0.390699322833108,FALSE,TRUE
2018,uniform_low,HN_SIL,-1.82215149049173,FALSE,TRUE
2018,uniform_low,HN_SIL3,0.933305822612274,FALSE,TRUE
2018,uniform_low,KA_BR,1.25730253531656,FALSE,TRUE
2018,uniform_low,KA_BR_HSA,1.7639924364716,FALSE,TRUE
2018,uniform_low,KA_G,0.525763723337927,FALSE,TRUE
2018,uniform_low,KA_G_COIN,0.967332806880942,FALSE,TRUE
2018,uniform_low,KA_P,1.40032704838601,FALSE,TRUE
2018,uniform_low,KA_SIL,2.12257741400828,FALSE,TRUE
2018,uniform_low,LA_BR,-1.16531912176917,FALSE,TRUE
2018,uniform_low,LA_G,0.202532126763042,FALSE,TRUE
2018,uniform_low,LA_P,0.621918044485221,FALSE,TRUE
2018,uniform_low,LA_SIL,0.299740513931313,FALSE,TRUE
2018,uniform_low,MOL_BR,-2.40357336544554,FALSE,TRUE
2018,uniform_low,MOL_G,0.102702405407613,FALSE,TRUE
2018,uniform_low,MOL_P,-1.44997856005162,FALSE,TRUE
2018,uniform_low,MOL_SIL,0.883975381804959,FALSE,TRUE
2018,uniform_low,OSC_BR,-0.293187520109685,FALSE,TRUE
2018,uniform_low,OSC_BR_HSA,-0.228932474973887,FALSE,TRUE
2018,uniform_low,OSC_SIL,0.0192428644332011,FALSE,TRUE
2018,uniform_low,SH_BR,-0.637790493002653,FALSE,TRUE
2018,uniform_low,SH_BR2,-0.63779416061048,FALSE,TRUE
2018,uniform_low,SH_G,0.102194986894978,FALSE,TRUE
2018,uniform_low,VAL_BR,0.838044452571362,FALSE,TRUE
2018,uniform_low,VAL_G,-0.688402764889288,FALSE,TRUE
2018,uniform_low,VAL_SIL,-0.988999812407641,FALSE,TRUE
2018,uniform_low,WEST_BR,0.571422991220368,FALSE,TRUE
2018,uniform_low,WEST_BR_HSA,0.450063648237757,FALSE,TRUE
2018,uniform_low,WEST_G,0.279643996245974,FALSE,TRUE
2018,uniform_low,WEST_SIL,12.2930548238677,TRUE,TRUE
2018,uniform_low_k0.75,ANT_BR,0.961491472039643,FALSE,TRUE
2018,uniform_low_k0.75,ANT_BR_HSA,0.732925463772697,FALSE,TRUE
2018,uniform_low_k0.75,ANT_SIL,-0.00577603945282918,FALSE,TRUE
2018,uniform_low_k0.75,BS_BR,0.056104973093303,FALSE,TRUE
2018,uniform_low_k0.75,BS_BR_HSA,0.339628259136725,FALSE,TRUE
2018,uniform_low_k0.75,BS_G,-1.21148486146126,FALSE,TRUE
2018,uniform_low_k0.75,BS_G3,-0.669379588375802,FALSE,TRUE
2018,uniform_low_k0.75,BS_SIL,-0.235146749304361,FALSE,TRUE
2018,uniform_low_k0.75,BS_SIL3,-1.65144514470012,FALSE,TRUE
2018,uniform_low_k0.75,CC_BR,0.375674854064698,FALSE,TRUE
2018,uniform_low_k0.75,CC_BR_HSA,0.12319422353788,FALSE,TRUE
2018,uniform_low_k0.75,CC_G,-0.125374553946632,FALSE,TRUE
2018,uniform_low_k0.75,CC_P,-1.78108021057851,FALSE,TRUE
2018,uniform_low_k0.75,CC_SIL,-1.9307730880233,FALSE,TRUE
2018,uniform_low_k0.75,HN_BR,-0.229975414816908,FALSE,TRUE
2018,uniform_low_k0.75,HN_G,-0.141249697810166,FALSE,TRUE
2018,uniform_low_k0.75,HN_G3,0.0109031971988856,FALSE,TRUE
2018,uniform_low_k0.75,HN_P3,-1.68701333149202,FALSE,TRUE
2018,uniform_low_k0.75,HN_SIL,-2.39585077652338,FALSE,TRUE
2018,uniform_low_k0.75,HN_SIL3,0.494344453657551,FALSE,TRUE
2018,uniform_low_k0.75,KA_BR,1.61084126873919,FALSE,TRUE
2018,uniform_low_k0.75,KA_BR_HSA,2.11788638011398,FALSE,TRUE
2018,uniform_low_k0.75,KA_G,0.507433088622988,FALSE,TRUE
2018,uniform_low_k0.75,KA_G_COIN,1.00225627150464,FALSE,TRUE
2018,uniform_low_k0.75,KA_P,1.52516197628132,FALSE,TRUE
2018,uniform_low_k0.75,KA_SIL,2.16454584958572,FALSE,TRUE
2018,uniform_low_k0.75,LA_BR,-0.775392012695655,FALSE,TRUE
2018,uniform_low_k0.75,LA_G,0.234765933300276,FALSE,TRUE
2018,uniform_low_k0.75,LA_P,-1.1448758328208,FALSE,TRUE
2018,uniform_low_k0.75,LA_SIL,-0.242020878442556,FALSE,TRUE
2018,uniform_low_k0.75,MOL_BR,-1.99227017527451,FALSE,TRUE
2018,uniform_low_k0.75,MOL_G,0.0251612387991992,FALSE,TRUE
2018,uniform_low_k0.75,MOL_P,-2.40335443845214,FALSE,TRUE
2018,uniform_low_k0.75,MOL_SIL,0.48003129285755203,FALSE,TRUE
2018,uniform_low_k0.75,OSC_BR,0.117181428165566,FALSE,TRUE
2018,uniform_low_k0.75,OSC_BR_HSA,0.180733875785847,FALSE,TRUE
2018,uniform_low_k0.75,OSC_SIL,-0.567522052500195,FALSE,TRUE
2018,uniform_low_k0.75,SH_BR,-0.24085356280457,FALSE,TRUE
2018,uniform_low_k0.75,SH_BR2,-0.240857240221459,FALSE,TRUE
2018,uniform_low_k0.75,SH_G,-0.176020033056176,FALSE,TRUE
2018,uniform_low_k0.75,VAL_BR,1.22131126921581,FALSE,TRUE
2018,uniform_low_k0.75,VAL_G,-1.01294773536969,FALSE,TRUE
2018,uniform_low_k0.75,VAL_SIL,-1.20677178022403,FALSE,TRUE
2018,uniform_low_k0.75,WEST_BR,0.962520237522745,FALSE,TRUE
2018,uniform_low_k0.75,WEST_BR_HSA,0.841256364410744,FALSE,TRUE
2018,uniform_low_k0.75,WEST_G,0.326280915769221,FALSE,TRUE
2018,uniform_low_k0.75,WEST_SIL,11.8475026710814,TRUE,TRUE
2018,uniform_low_k1.25,ANT_BR,0.252639015052733,FALSE,TRUE
2018,uniform_low_k1.25,ANT_BR_HSA,0.0226534094212113,FALSE,TRUE
2018,uniform_low_k1.25,ANT_SIL,0.54765005722844,FALSE,TRUE
2018,uniform_low_k1.25,BS_BR,-0.233330449155886,FALSE,TRUE
2018,uniform_low_k1.25,BS_BR_HSA,0.0646922836098411,FALSE,TRUE
2018,uniform_low_k1.25,BS_G,-0.455268313145916,FALSE,TRUE
2018,uniform_low_k1.25,BS_G3,0.0267558652749438,FALSE,TRUE
2018,uniform_low_k1.25,BS_SIL,0.325023361321959,FALSE,TRUE
2018,uniform_low_k1.25,BS_SIL3,-0.778084436134595,FALSE,TRUE
2018,uniform_low_k1.25,CC_BR,-0.795272092381387,FALSE,TRUE
2018,uniform_low_k1.25,CC_BR_HSA,-1.04927604556,FALSE,TRUE
2018,uniform_low_k1.25,CC_G,0.101251768846669,FALSE,TRUE
2018,uniform_low_k1.25,CC_P,1.14638354950756,FALSE,TRUE
2018,uniform_low_k1.25,CC_SIL,-1.90046736394502,FALSE,TRUE
2018,uniform_low_k1.25,HN_BR,-0.83923664262754,FALSE,TRUE
2018,uniform_low_k1.25,HN_G,0.547614217871342,FALSE,TRUE
2018,uniform_low_k1.25,HN_G3,0.25738344507857,FALSE,TRUE
2018,uniform_low_k1.25,HN_P3,0.793906725516698,FALSE,TRUE
2018,uniform_low_k1.25,HN_SIL,-1.25144187351421,FALSE,TRUE
2018,uniform_low_k1.25,HN_SIL3,1.39671102216986,FALSE,TRUE
2018,uniform_low_k1.25,KA_BR,0.953827960634523,FALSE,TRUE
2018,uniform_low_k1.25,KA_BR_HSA,1.46020764918938,FALSE,TRUE
2018,uniform_low_k1.25,KA_G,0.55116093035612,FALSE,TRUE
2018,uniform_low_k1.25,KA_G_COIN,0.946189292200022,FALSE,TRUE
2018,uniform_low_k1.25,KA_P,1.29881837818326,FALSE,TRUE
2018,uniform_low_k1.25,KA_SIL,2.10046690613573,FALSE,TRUE
2018,uniform_low_k1.25,LA_BR,-1.47187091431979,FALSE,TRUE
2018,uniform_low_k1.25,LA_G,0.219138339548345,FALSE,TRUE
2018,uniform_low_k1.25,LA_P,2.24296254181777,FALSE,TRUE
2018,uniform_low_k1.25,LA_SIL,0.889274513731658,FALSE,TRUE
2018,uniform_low_k1.25,MOL_BR,-2.72862806778437,FALSE,TRUE
2018,uniform_low_k1.25,MOL_G,0.212722766342512,FALSE,TRUE
2018,uniform_low_k1.25,MOL_P,-0.552282089914982,FALSE,TRUE
2018,uniform_low_k1.25,MOL_SIL,1.33602736469212,FALSE,TRUE
2018,uniform_low_k1.25,OSC_BR,-0.616137380902961,FALSE,TRUE
2018,uniform_low_k1.25,OSC_BR_HSA,-0.551366313645324,FALSE,TRUE
2018,uniform_low_k1.25,OSC_SIL,0.642471916889432,FALSE,TRUE
2018,uniform_low_k1.25,SH_BR,-0.952303644821911,FALSE,TRUE
2018,uniform_low_k1.25,SH_BR2,-0.952307303586976,FALSE,TRUE
2018,uniform_low_k1.25,SH_G,0.392384244447023,FALSE,TRUE
2018,uniform_low_k1.25,VAL_BR,0.551246076551375,FALSE,TRUE
2018,uniform_low_k1.25,VAL_G,-0.352648981345229,FALSE,TRUE
2018,uniform_low_k1.25,VAL_SIL,-0.707221718997628,FALSE,TRUE
2018,uniform_low_k1.25,WEST_BR,0.263216142602219,FALSE,TRUE
2018,uniform_low_k1.25,WEST_BR_HSA,0.141682354816794,FALSE,TRUE
2018,uniform_low_k1.25,WEST_G,0.273116481385447,FALSE,TRUE
2018,uniform_low_k1.25,WEST_SIL,12.745445717697,TRUE,TRUE
2018,zero_tau0.00,ANT_BR,-0.0491816034036154,FALSE,TRUE
2018,zero_tau0.00,ANT_BR_HSA,-0.0586600229018707,FALSE,TRUE
2018,zero_tau0.00,ANT_SIL,-0.191075263603816,FALSE,TRUE
2018,zero_tau0.00,BS_BR,0.0934914762148338,FALSE,TRUE
2018,zero_tau0.00,BS_BR_HSA,-0.0532711558643924,FALSE,TRUE
2018,zero_tau0.00,BS_G,-1.11392902932471,FALSE,TRUE
2018,zero_tau0.00,BS_G3,-0.280162379450021,FALSE,TRUE
2018,zero_tau0.00,BS_SIL,-0.509248046721262,FALSE,TRUE
2018,zero_tau0.00,BS_SIL3,4.95515237895109,FALSE,TRUE
2018,zero_tau0.00,CC_BR,0.280020984552945,FALSE,TRUE
2018,zero_tau0.00,CC_BR_HSA,0.235883163233923,FALSE,TRUE
2018,zero_tau0.00,CC_G,0.0820806667034461,FALSE,TRUE
2018,zero_tau0.00,CC_P,-0.181773768398201,FALSE,TRUE
2018,zero_tau0.00,CC_SIL,0.730197307547689,FALSE,TRUE
2018,zero_tau0.00,HN_BR,0.0120142348772418,FALSE,TRUE
2018,zero_tau0.00,HN_G,-0.149463894733515,FALSE,TRUE
2018,zero_tau0.00,HN_G3,0.0197708057973828,FALSE,TRUE
2018,zero_tau0.00,HN_P3,0.179563616807931,FALSE,TRUE
2018,zero_tau0.00,HN_SIL,2.60624277063454,FALSE,TRUE
2018,zero_tau0.00,HN_SIL3,-0.102903787531315,FALSE,TRUE
2018,zero_tau0.00,KA_BR,0.169588916079794,FALSE,TRUE
2018,zero_tau0.00,KA_BR_HSA,0.200808034644284,FALSE,TRUE
2018,zero_tau0.00,KA_G,0.414964545800711,FALSE,TRUE
2018,zero_tau0.00,KA_G_COIN,-0.255783373000574,FALSE,TRUE
2018,zero_tau0.00,KA_P,-0.00695857470033718,FALSE,TRUE
2018,zero_tau0.00,KA_SIL,-5.69414526774603,TRUE,TRUE
2018,zero_tau0.00,LA_BR,-0.00854151865365166,FALSE,TRUE
2018,zero_tau0.00,LA_G,0.0448660830272817,FALSE,TRUE
2018,zero_tau0.00,LA_P,0.11107112332994,FALSE,TRUE
2018,zero_tau0.00,LA_SIL,0.156185989892637,FALSE,TRUE
2018,zero_tau0.00,MOL_BR,-0.0767678139780796,FALSE,TRUE
2018,zero_tau0.00,MOL_G,0.0538921268753208,FALSE,TRUE
2018,zero_tau0.00,MOL_SIL,-0.00929859882709663,FALSE,TRUE
2018,zero_tau0.00,OSC_BR,-0.0362562988030776,FALSE,TRUE
2018,zero_tau0.00,OSC_BR_HSA,0.0125897622925469,FALSE,TRUE
2018,zero_tau0.00,OSC_SIL,-0.0255343771671727,FALSE,TRUE
2018,zero_tau0.00,SH_BR,0.149183214099922,FALSE,TRUE
2018,zero_tau0.00,SH_BR2,0.149183020357323,FALSE,TRUE
2018,zero_tau0.00,SH_G,0.0155769180791689,FALSE,TRUE
2018,zero_tau0.00,VAL_BR,0.262372659412661,FALSE,TRUE
2018,zero_tau0.00,VAL_G,0.348185755691051,FALSE,TRUE
2018,zero_tau0.00,VAL_SIL,0.0730588072815836,FALSE,TRUE
2018,zero_tau0.00,WEST_BR,0.640080183583283,FALSE,TRUE
2018,zero_tau0.00,WEST_BR_HSA,0.892809951219343,FALSE,TRUE
2018,zero_tau0.00,WEST_G,-0.891235721867931,FALSE,TRUE
2018,zero_tau0.00,WEST_SIL,9.28580527952822,TRUE,TRUE
2018,zero_tau0.50,ANT_BR,-0.11480624396418,FALSE,TRUE
2018,zero_tau0.50,ANT_BR_HSA,-1.79554196125799,FALSE,TRUE
2018,zero_tau0.50,ANT_SIL,-0.0878738965956104,FALSE,TRUE
2018,zero_tau0.50,BS_BR,-0.424363339722514,FALSE,TRUE
2018,zero_tau0.50,BS_BR_HSA,0.248839913156876,FALSE,TRUE
2018,zero_tau0.50,BS_G,-0.182594321074476,FALSE,TRUE
2018,zero_tau0.50,BS_G3,-0.207513586315399,FALSE,TRUE
2018,zero_tau0.50,BS_SIL,-1.82701473719878,FALSE,TRUE
2018,zero_tau0.50,BS_SIL3,-4.68070010576595,FALSE,TRUE
2018,zero_tau0.50,CC_BR,-3.36233272838482,FALSE,TRUE
2018,zero_tau0.50,CC_BR_HSA,-3.02438661046944,FALSE,TRUE
2018,zero_tau0.50,CC_G,0.0921360091670714,FALSE,TRUE
2018,zero_tau0.50,CC_P,0.0585512481225542,FALSE,TRUE
2018,zero_tau0.50,CC_SIL,-0.00971604379020916,FALSE,TRUE
2018,zero_tau0.50,HN_BR,-0.319213966020366,FALSE,TRUE
2018,zero_tau0.50,HN_G,0.0435427905717432,FALSE,TRUE
2018,zero_tau0.50,HN_G3,0.412066622328364,FALSE,TRUE
2018,zero_tau0.50,HN_P3,0.409434089406177,FALSE,TRUE
2018,zero_tau0.50,HN_SIL,3.61553392936697,FALSE,TRUE
2018,zero_tau0.50,HN_SIL3,-0.0682608308320632,FALSE,TRUE
2018,zero_tau0.50,KA_BR,-1.0857987800274,FALSE,TRUE
2018,zero_tau0.50,KA_BR_HSA,-1.31921508538753,FALSE,TRUE
2018,zero_tau0.50,KA_G,-0.155674746872629,FALSE,TRUE
2018,zero_tau0.50,KA_G_COIN,-0.175456939724976,FALSE,TRUE
2018,zero_tau0.50,KA_P,0.214478366351651,FALSE,TRUE
2018,zero_tau0.50,KA_SIL,-0.870446566888269,FALSE,TRUE
2018,zero_tau0.50,LA_BR,-0.163775411646475,FALSE,TRUE
2018,zero_tau0.50,LA_G,0.111046066380783,FALSE,TRUE
2018,zero_tau0.50,LA_P,0.172901205823641,FALSE,TRUE
2018,zero_tau0.50,LA_SIL,-0.0381772618970189,FALSE,TRUE
2018,zero_tau0.50,MOL_BR,-0.337892426306567,FALSE,TRUE
2018,zero_tau0.50,MOL_G,0.00545497738310358,FALSE,TRUE
2018,zero_tau0.50,MOL_P,0.299630990237912,FALSE,TRUE
2018,zero_tau0.50,MOL_SIL,0.0571979159756357,FALSE,TRUE
2018,zero_tau0.50,OSC_BR,-0.194102942963013,FALSE,TRUE
2018,zero_tau0.50,OSC_BR_HSA,-0.288545690248587,FALSE,TRUE
2018,zero_tau0.50,OSC_SIL,-1.2235701882568,FALSE,TRUE
2018,zero_tau0.50,SH_BR,-0.188704570569256,FALSE,TRUE
2018,zero_tau0.50,SH_BR2,-0.188704574117775,FALSE,TRUE
2018,zero_tau0.50,SH_G,-0.0872374735084888,FALSE,TRUE
2018,zero_tau0.50,VAL_BR,-1.34912125924479,FALSE,TRUE
2018,zero_tau0.50,VAL_G,-1.9480810093158,FALSE,TRUE
2018,zero_tau0.50,VAL_P,1.91594282846838,FALSE,TRUE
2018,zero_tau0.50,VAL_SIL,-1.33476539817777,FALSE,TRUE
2018,zero_tau0.50,WEST_BR,0.449236562186047,FALSE,TRUE
2018,zero_tau0.50,WEST_BR_HSA,0.355232321989339,FALSE,TRUE
2018,zero_tau0.50,WEST_G,0.196738779420279,FALSE,TRUE
2018,zero_tau0.50,WEST_SIL,7.10361987291175,TRUE,TRUE
2018,zero_tau1.00,ANT_BR,-0.0698439182053856,FALSE,TRUE
2018,zero_tau1.00,ANT_BR_HSA,4.66973143844751,FALSE,TRUE
2018,zero_tau1.00,ANT_SIL,-0.0133970940512085,FALSE,TRUE
2018,zero_tau1.00,BS_BR,0.15181260581013,FALSE,TRUE
2018,zero_tau1.00,BS_BR_HSA,0.0619951366889968,FALSE,TRUE
2018,zero_tau1.00,BS_G,0.026303219592596,FALSE,TRUE
2018,zero_tau1.00,BS_G3,-0.225085863731704,FALSE,TRUE
2018,zero_tau1.00,BS_SIL,-1.08728236554732,FALSE,TRUE
2018,zero_tau1.00,BS_SIL3,-2.51964462211084,FALSE,TRUE
2018,zero_tau1.00,CC_BR,-0.00142380821749105,FALSE,TRUE
2018,zero_tau1.00,CC_BR_HSA,0.152941504412789,FALSE,TRUE
2018,zero_tau1.00,CC_G,-0.0262660861932464,FALSE,TRUE
2018,zero_tau1.00,CC_P,0.0198080720927368,FALSE,TRUE
2018,zero_tau1.00,CC_SIL,-0.40564482356381,FALSE,TRUE
2018,zero_tau1.00,HN_BR,0.00790977273304734,FALSE,TRUE
2018,zero_tau1.00,HN_G,-0.127616880901769,FALSE,TRUE
2018,zero_tau1.00,HN_G3,-0.0516826845988994,FALSE,TRUE
2018,zero_tau1.00,HN_P3,-0.0190608559426488,FALSE,TRUE
2018,zero_tau1.00,HN_SIL,-2.3799638877899,FALSE,TRUE
2018,zero_tau1.00,HN_SIL3,0.114954712586755,FALSE,TRUE
2018,zero_tau1.00,KA_BR,-0.00117835659587418,FALSE,TRUE
2018,zero_tau1.00,KA_BR_HSA,0.026819689972908,FALSE,TRUE
2018,zero_tau1.00,KA_G,0.0381356638541366,FALSE,TRUE
2018,zero_tau1.00,KA_G_COIN,-0.050190540244101,FALSE,TRUE
2018,zero_tau1.00,KA_P,-0.0473353791133332,FALSE,TRUE
2018,zero_tau1.00,KA_SIL,-0.626790899257268,FALSE,TRUE
2018,zero_tau1.00,LA_BR,-0.0464942049838271,FALSE,TRUE
2018,zero_tau1.00,LA_G,-0.0324376758734991,FALSE,TRUE
2018,zero_tau1.00,LA_P,0.00461373120915965,FALSE,TRUE
2018,zero_tau1.00,LA_SIL,-0.0197099628736708,FALSE,TRUE
2018,zero_tau1.00,MOL_BR,-0.0938954712066865,FALSE,TRUE
2018,zero_tau1.00,MOL_G,-0.0237151212520771,FALSE,TRUE
2018,zero_tau1.00,MOL_P,-0.0438021748650422,FALSE,TRUE
2018,zero_tau1.00,MOL_SIL,-0.0157001037752786,FALSE,TRUE
2018,zero_tau1.00,OSC_BR,-0.035673719179455,FALSE,TRUE
2018,zero_tau1.00,OSC_BR_HSA,-0.0168304604541015,FALSE,TRUE
2018,zero_tau1.00,OSC_SIL,0.254940729848396,FALSE,TRUE
2018,zero_tau1.00,SH_BR,-0.0622233537306806,FALSE,TRUE
2018,zero_tau1.00,SH_BR2,-0.0622233537330437,FALSE,TRUE
2018,zero_tau1.00,SH_G,-0.0320946456621363,FALSE,TRUE
2018,zero_tau1.00,VAL_BR,0.0153400221777065,FALSE,TRUE
2018,zero_tau1.00,VAL_G,0.0287883417933343,FALSE,TRUE
2018,zero_tau1.00,VAL_P,-0.175490522499845,FALSE,TRUE
2018,zero_tau1.00,VAL_SIL,0.9718143215018,FALSE,TRUE
2018,zero_tau1.00,WEST_BR,0.550509754779103,FALSE,TRUE
2018,zero_tau1.00,WEST_BR_HSA,0.429061120196513,FALSE,TRUE
2018,zero_tau1.00,WEST_G,-0.318655385129214,FALSE,TRUE
2018,zero_tau1.00,WEST_SIL,8.2122398505589,TRUE,TRUE
