metal,att_all,att_new
BR,-0.09489260485991188,-0.11183097736478623
G,-0.02734471882944005,-0.0378333131096021
P,-7.231988508313893e-4,0.0014926513728380116
SIL,0.1229605225401833,0.1481716391015504
