region,year,scenario,cs_weighted,cs_nocomm,cs_welfare_nav,cs_welfare_obj,obj_prem,obj_eoop,obj_risk,obj_insured,share_unins,unins_oop,unins_mort,unins_cat,producer_surplus,gov_subsidy,gov_csr,gov_penalty,gov_uc_raw,rs_unins,gov_uc,gov_total
1,2014,aligned,3789.624226633914,3686.582225824523,172.56269230505555,-5064.493804015113,-1044.0453263084412,-1228.9972063203863,-2791.451271386286,-2299.4400399004885,0.2978660216951055,157.13805640385624,0.0011476535392519775,0.018382504260997187,892.4109423755258,2499.780484496158,192.65747561570348,50.06187281140691,629.7148133354298,1.552010380584237,629.6324138184066,3272.008501118861
1,2014,baseline,3782.4572837144547,3677.844241815589,170.94140502216743,-5069.743539762829,-1057.5990681739524,-1226.5863484783094,-2785.558123110567,-2311.143154623138,0.2975193481578006,156.88318583672944,0.001144699756268427,0.018360308198090394,895.404464391012,2491.2517034827524,188.9496259450724,49.98885210494319,628.9819151666827,1.5522134910070304,628.9819151666827,3259.194392489564
1,2014,defund_0.50,3791.8314027820047,3650.345687631594,170.50899287268584,-5076.195038318756,-1060.2337081990697,-1227.2457454940682,-2788.7155846256182,-2314.5033884825302,0.2981354449902587,157.0663988994201,0.0011456575297954816,0.018425841471670538,887.6738146022817,2488.427934602222,186.97362386095585,49.98964473573098,630.2843977380081,1.552628297525056,630.4528320918558,3255.8647458193027
1,2014,endog_tau0.50,3763.004347193461,3708.096027013149,169.4888423117704,-5089.468247673275,-1063.589901657012,-1225.4205412389704,-2800.457804777293,-2314.235472017907,0.298674449828042,157.6731988632777,0.0011522362029368902,0.018402744992262916,878.8711331269508,2453.608803800431,191.23712547404125,50.32109376179267,631.4239010921671,1.5517593382349546,631.2391565858879,3225.763992098567
1,2014,flat_mandate,3785.3878681014894,3678.0194125913863,171.10605008426234,-5071.5528750558715,-1057.252832435013,-1228.5797469904078,-2785.7202956304504,-2313.4745090084193,0.29713433240506654,156.70168152336035,0.0011447151121598495,0.018347325805921896,896.435801692027,2492.176465138935,188.9779153013411,49.9358307071613,628.1679582021239,1.5523669875275823,628.2300769741,3259.4486267072148
1,2014,scale_0.50,3743.784235534021,3670.889095686219,169.40153379499955,-5116.276811050919,-1057.4940058071636,-1220.3721794721266,-2838.410625771628,-2299.9177997664938,0.3035104147785733,160.0840660441976,0.0011688754366319485,0.018727383457131982,892.2777669528823,2466.604660979313,188.04202726817377,50.94413119208737,641.6475538229834,1.552224299954201,641.6520219805864,3245.354579035986
1,2014,uniform_low,3746.247642835155,3674.9343546667224,169.97693393966753,-5109.5547281401805,-1057.2720877601528,-1217.909572166966,-2834.3730682130617,-2297.2528854499014,0.30253152234993846,159.6448486804777,0.0011676279629685429,0.018670026475243084,886.291061598307,2465.5850975228063,188.39772286695015,50.81595019186183,639.5780896408476,1.5521103980477455,639.5356109493938,3242.7024811472884
1,2014,uniform_low_k0.75,3730.9430688710545,3674.9343546667224,169.7088468997196,-5124.228793869156,-1054.0012774962881,-1215.6624565702127,-2854.5650598026546,-2289.9311564830814,0.30472962572754175,160.84428010267197,0.0011769135961432599,0.018801582872433165,885.7699791413352,2457.950437874266,187.99551502338102,51.17072249872005,644.225072368996,1.552028155376281,644.1481513392382,3238.923381738165
1,2014,uniform_low_k1.25,3759.8264829698464,3674.9343546667224,170.21152396678988,-5096.658391360009,-1060.1506007732223,-1219.8870451230375,-2816.6207454637483,-2303.6955537265612,0.3005977127028472,158.59001462509448,0.001159465182467823,0.018554214675681836,886.5008964893696,2472.297597256337,188.75087767008225,50.503692278816374,635.4898469671302,1.5521862057193248,635.4786761305095,3246.023458778113
1,2014,zero_tau0.00,3444.4782531079795,3444.4782531079795,161.80653728891542,-5456.165023906585,-987.3177479850887,-1186.0806824617325,-3282.766593459763,-2160.144432526182,0.3507247355052501,185.7596614976568,0.0013717568127815528,0.021613218526793702,876.2985079616365,2375.9528782384077,174.09142619524485,58.423364633867784,741.4627559529914,1.5515557121256556,741.1485475370631,3232.7694873368478
1,2014,zero_tau0.50,3594.8956796085026,3594.8956796085026,166.70517627701906,-5255.1370408459325,-1019.6264391939536,-1207.678824267535,-3027.831777384444,-2234.044491174735,0.3231466212324909,170.98708126668518,0.0012560252546530953,0.01988895835606698,872.9898331798026,2411.193353995005,184.01767030299118,54.2234059955984,683.1602111290309,1.5510592080200905,682.6521880937789,3223.6398063961765
1,2014,zero_tau1.00,3764.9470547621863,3764.9470547621863,170.94019235061793,-5073.675939215217,-1055.579458183128,-1225.4017099997616,-2792.6947710323284,-2306.299809284301,0.2974786511966734,157.25102545869095,0.0011494139039768833,0.018284383471938292,871.0496694400395,2445.2177765489814,194.677610189406,50.27583502701452,628.8958782325815,1.5511836653575144,628.4786333690165,3218.0981850803896
2,2014,aligned,4450.182850957442,4386.503466273372,154.5344052126489,-5008.819137047339,-1131.142873900807,-1249.517558356944,-2628.158704789588,-2410.9121053623594,0.29893246269964385,157.96462135402774,0.0010667275952746676,0.017299081035807223,1043.420314728535,2513.7887256483173,148.3406545130386,49.645663718202826,631.9693628617047,1.3427267304534911,632.0016051471287,3244.485321590282
2,2014,baseline,4430.507779758363,4373.421644640651,152.3954264802548,-5040.0482045553035,-1139.5497717652825,-1247.4709939661998,-2653.0274388238204,-2414.953899744158,0.3020570194874579,159.56783066985335,0.001077888515626211,0.017485823149051897,1040.8331465146432,2489.015955453974,147.51741328986435,50.11966862821626,638.5749491021127,1.3426582297121368,638.5749491021127,3224.9886492177347
2,2014,defund_0.50,4448.193746423753,4330.899562556286,151.85344123008215,-5049.36574480072,-1145.0786092431226,-1247.9614903851764,-2656.3256451724205,-2421.060078138383,0.3026449866956226,159.70684247777012,0.0010789187810426126,0.01755540844667077,1032.3082949673808,2485.77294532376,146.03183664561413,50.10418072479755,639.8179631882101,1.3426504442257516,639.8142531643699,3221.514854408946
2,2014,endog_tau0.50,4411.785977245037,4371.444765937814,150.8897312810451,-5061.183773706503,-1145.5282507408938,-1246.5793118651973,-2669.076211100412,-2418.2140336059456,0.30354256347305786,160.53438915977267,0.0010858110999486263,0.01753896038703023,1022.090061880974,2449.95595015018,149.02524779674968,50.499920620763575,641.715518973997,1.342610921219265,641.6929081610713,3190.1741854872375
2,2014,flat_mandate,4432.183303004543,4373.45498196708,152.6351439182489,-5042.403933099958,-1140.0725692580909,-1248.8762546208172,-2653.4551092210495,-2417.3782033937923,0.30176100819008506,159.4166357176744,0.001078051908861177,0.017480724159039222,1039.6878745836755,2489.7319517197775,147.5834460210173,50.075442783940986,637.9491553381597,1.3427686275231834,638.0016096327448,3225.2415645895985
2,2014,scale_0.50,4407.1665249904445,4366.257700130393,150.81107374469676,-5080.453455659186,-1139.405654722414,-1241.83771028184,-2699.2100906549313,-2404.5186102669904,0.3077381439749754,162.6105736581689,0.0010989123911891452,0.017810876893083385,1031.5133525434767,2465.222538820097,146.94173938439127,51.006386794371515,650.5853429893831,1.3430538066930056,650.7770199031964,3211.9349113133135
2,2014,uniform_low,4396.101399874936,4359.451524326412,149.76279807195942,-5096.992540758513,-1145.3365289612907,-1238.4315760529846,-2713.2244357442382,-2405.678048103191,0.30879266338678707,163.22759868865901,0.0011057760648933693,0.017882815280785162,1024.1012156582337,2445.911644466289,146.63089337313818,51.186849274351125,652.8146892262871,1.3431511357947858,653.0543453979334,3194.41003396301
2,2014,uniform_low_k0.75,4388.05606502059,4359.451524326412,149.56699069617443,-5108.917117097165,-1142.0846669740026,-1236.2790488940993,-2730.553401229063,-2398.578502121788,0.3108286913967845,164.348887947913,0.0011137268677185934,0.017995440285321698,1021.3637309118941,2438.7580601244795,146.33013626976785,51.50932635333049,657.1190304564984,1.3432806464412972,657.423651445336,3191.002521486253
2,2014,uniform_low_k1.25,4403.3684246845705,4359.451524326412,149.9365304666446,-5086.350844306916,-1148.2424082455486,-1240.3549957712403,-2697.753440290127,-2412.0212920763165,0.3069739454711838,162.22640043540832,0.0010986785067369441,0.017782134773866035,1026.370634379912,2452.2982678683497,146.8990387005648,50.89868729233012,648.9697605358094,1.3430365868385592,649.1526382989643,3197.4512575755484
2,2014,zero_tau0.00,4243.158991414719,4243.158991414719,143.71598792264433,-5378.450210493385,-1076.583599198739,-1200.9967273800087,-3100.869883914638,-2264.5312391623766,0.3538455228385031,187.88853664222523,0.0012823369266699162,0.020431997590838316,988.137517823412,2373.109069295865,137.57494027813294,58.16431214170286,748.0603732368809,1.3459342779972878,749.8856194899482,3202.4053169222434
2,2014,zero_tau0.50,4266.731441411034,4266.731441411034,145.66221353282046,-5246.478234135138,-1121.0991535516991,-1222.5952593938885,-2902.7838211895505,-2348.311701434413,0.33060725725222684,175.26503278459086,0.0011924937093242358,0.0190909230951233,994.0164514713243,2373.894118450822,144.06185649860186,54.72078884380092,698.9326479843517,1.3441921412450204,699.7311392353099,3162.9663253409326
2,2014,zero_tau1.00,4394.2613225793775,4394.2613225793775,151.2184962071498,-5064.609247383269,-1145.7694500223934,-1243.8442640784626,-2674.9955332824125,-2414.3237953518096,0.3039620721554538,160.96538149171064,0.001089306228454657,0.017519662995600902,1013.2504429985917,2428.1446897069,150.77688827998173,50.71979834598845,642.6023970076988,1.3425501720791087,642.550680128107,3170.752459769001
3,2014,aligned,3080.8941463177757,3004.7875787490084,138.5926385845683,-4571.311173391267,-949.0842405929047,-1145.4314279265577,-2476.795504871806,-2115.2739031737046,0.30167041975564,152.37710995659856,9.906715723298088e-4,0.018330658187056294,978.7220130909295,2406.268742612903,156.9898733397667,47.767636374740164,637.7576434672778,1.343510186988961,637.7407832443789,3153.2317628223086
3,2014,baseline,3057.774186633493,2993.4058620519,136.2514322928684,-4605.277150579452,-955.5031337884391,-1145.4445856127616,-2504.329431178251,-2119.5537645004024,0.30529105043366445,154.15850871149775,0.00100265216976156,0.018558623981146914,979.0670063278358,2381.1766865762347,156.1455795372623,48.29214235974648,645.4119732850725,1.3435457059361802,645.4119732850725,3134.442097038823
3,2014,defund_0.50,3060.3849603685385,2970.9681940426494,135.6829710989232,-4614.959808293107,-957.9114730727755,-1145.8684002545815,-2511.1799349657495,-2122.1635234711384,0.3063118993076813,154.55144736464015,0.0010052895929570885,0.018648519412370432,973.9480520396373,2376.8961795331074,154.47974792408937,48.351445798013,647.570137061145,1.3437307286271403,647.6593153963628,3130.683797055546
3,2014,endog_tau0.50,3051.386403402558,3024.943049975027,134.73245308326304,-4623.159496757448,-963.4347592911982,-1145.244923347153,-2514.4798141190977,-2126.05732390164,0.3061383910689824,154.74445854624022,0.0010077903197878082,0.018583009630522906,963.6402606841789,2346.2116924902025,157.90275101992646,48.5572699994283,647.2033254741011,1.3433874374260297,647.1270854878956,3102.6842589985963
3,2014,flat_mandate,3062.6433642345582,2993.8014950661845,136.36890537355345,-4608.075265433903,-955.7380948107984,-1147.2360163355775,-2505.1011542875267,-2122.1246388804016,0.3049977306657172,154.03090893103095,0.0010029609289300444,0.01855223245428105,980.3495375610348,2381.7591089601297,156.1479742955396,48.25095850461925,644.791869649655,1.3437842582668273,644.9063552251049,3134.562479976155
3,2014,scale_0.50,3029.0783424725055,2986.39571222981,134.57213661461952,-4650.0270351369045,-954.5288699113563,-1140.2019644112609,-2555.296200814288,-2108.348067061556,0.3119221102424104,157.54578675339158,0.0010254176823222961,0.018961738189197355,972.9161401593144,2355.2860659941675,155.3490818678799,49.28053792871086,659.4306134975998,1.3441177789299337,659.7113947494541,3121.06600468279
3,2014,uniform_low,3020.4769149912586,2979.938416852307,133.50065713607725,-4666.496512186413,-960.6657703616803,-1136.4531711468858,-2569.3775706778474,-2109.206264812946,0.3131478531160845,158.23387242837194,0.0010322540584765342,0.019044355271830172,964.6192224489912,2336.6373469949403,155.01089000039133,49.47877172470649,662.0219411035494,1.3444391637764506,662.4621856676878,3104.631650938313
3,2014,uniform_low_k0.75,3011.463356575414,2979.938416852307,133.30104280989352,-4678.275914053881,-957.6983935013616,-1134.4392273809897,-2586.1382931715298,-2102.564171421884,0.31526980888724637,159.33875746219803,0.001039808200759381,0.01917033631344774,962.5133604118447,2329.5511703447555,154.68032437886995,49.79795614452834,666.5079411338281,1.3446128654162652,667.0373390283621,3101.4708776074594
3,2014,uniform_low_k1.25,3028.7159305985215,2979.938416852307,133.68012170054584,-4655.8456188499185,-963.3529242761721,-1138.2765570765623,-2554.2161374971834,-2115.219780876636,0.3112273516681325,157.23417903707906,0.0010254214345265216,0.01893027668169031,966.370577064059,2343.0470568473775,155.30929618838212,49.189745134929666,657.961833126395,1.3442829312780338,658.3228674665073,3107.4894753673375
3,2014,zero_tau0.00,2833.374949696773,2833.374949696773,126.60507261071805,-4966.742770190495,-892.0846152000422,-1103.4892597476282,-2971.1688952428253,-1971.9671482818408,0.3633386076990811,184.21368885848315,0.001211623812422243,0.02208088690148723,936.553414982476,2248.6408804243288,143.69157529506688,56.859757165365146,768.129584645879,1.3488290891698589,771.150191202753,3106.6228897567835
3,2014,zero_tau0.50,2936.281904849254,2936.281904849254,127.38424231701673,-4838.780141983141,-945.314093813851,-1123.305731783751,-2770.1603163855393,-2063.011700111496,0.3378680020963664,171.09171141703362,0.0011221737113058384,0.020527049209799798,939.9039040490184,2248.332575697439,150.84152291870646,53.25837120705191,714.2824974172743,1.3462095053052536,715.6986794329316,3061.6144068420253
3,2014,zero_tau1.00,3030.8253946133023,3030.8253946133023,132.38100328754527,-4658.760806806816,-978.1090283742737,-1142.7867185386613,-2537.8650598938807,-2135.799556861032,0.30858012409335484,156.13026248041538,0.0010189014414784651,0.01871105990240143,952.9904061244968,2300.6947579781745,159.81476787806537,49.05453404458388,652.3653625769148,1.343449679553495,652.3187364847166,3063.7737282963726
4,2014,aligned,2829.386714460752,2816.546665383713,79.90965735502516,-4943.526407220636,-1176.7720433612137,-1173.9426639594578,-2592.811699899964,-2360.85140199312,0.3314640979476312,163.92203726742335,0.0010393338828461585,0.01848868351928138,1133.5885736557789,2189.1673034178134,117.89861513457811,56.54301579141194,700.7440841310265,1.103213351636186,700.5816891153137,2951.104591876293
4,2014,baseline,2810.784783037863,2801.1524118059124,77.59928434170645,-4980.6328083524095,-1185.5852700639878,-1170.7583779545794,-2624.289160333842,-2363.4900097613677,0.3355320836518719,165.8959913013208,0.001053424511431794,0.0187361457715303,1127.6544789448951,2157.937148306697,117.24376512639604,57.174322939161534,709.3441615880627,1.10346907677482,709.3441615880627,2927.350752081994
4,2014,defund_0.50,2809.4378321779604,2766.7237368439796,76.85137802369017,-4988.80724942933,-1190.0004199020427,-1173.3277073703334,-2625.479122156954,-2371.2706921546464,0.3356831109091693,165.8371946171557,0.0010533791151263495,0.018780814384291637,1120.7088050035723,2155.9959181092822,115.58195128724418,57.09257143923484,709.6634464148328,1.1034687306503537,709.6632238151362,2924.148521772428
4,2014,endog_tau0.50,2815.7779254692277,2809.1700656460084,78.82058236305159,-4964.293509486408,-1178.8599850723435,-1171.212535940475,-2614.2209884735885,-2357.3681739135686,0.334177743272187,165.41621309123255,0.0010495971301528685,0.018593362913839517,1117.3383838008517,2152.912310838603,118.89616128299818,57.13109254908832,706.4809676106747,1.1030324573201904,706.2014279830795,2920.878807555592
4,2014,flat_mandate,2811.352266624868,2801.7882401239062,77.82277854709443,-4986.858406277847,-1184.8828373765728,-1171.6429996466504,-2630.332569254624,-2363.6265175801846,0.33601299977970744,166.1495632389515,0.001056050949566936,0.018777484894086885,1126.2462147619394,2155.7327083399564,117.0543536588516,57.24380416257314,710.3608603304923,1.1038018639549474,710.575092874528,2926.1183507107626
4,2014,scale_0.50,2810.1762232801466,2802.9867541936374,77.57156300685514,-5005.016322446936,-1175.8199572680353,-1165.474779749956,-2663.7215854289443,-2344.1711441751136,0.3410007193711484,168.66268225760626,0.0010711258991023362,0.019036154315769306,1118.275171633458,2145.8493655140915,116.78450121779852,58.073930839788375,720.9053356406324,1.1041172605281755,721.3287993661726,2925.888735258274
4,2014,uniform_low,2821.874428326241,2815.2128054512723,79.37686126843097,-4975.585025462181,-1171.2013202095886,-1165.6651527225604,-2638.7185525300324,-2341.7142133054263,0.337467671683981,166.98947458179714,0.001060380214620052,0.018822262426336833,1119.011721858024,2163.7288426103437,117.18118097697706,57.53405300428513,713.4361639231981,1.1040146923520207,713.7889258560584,2937.1648964390943
4,2014,uniform_low_k0.75,2820.327119612334,2815.2128054512723,79.27845194734614,-4988.286706337525,-1166.7314396590496,-1162.925122360941,-2658.6301443175344,-2332.463302585671,0.34006492805934524,168.32041535123793,0.00106938628147778,0.018965915948185495,1113.6064639011818,2155.015045345132,116.82882385456668,57.9622073861567,718.9269909879611,1.1043470286143782,719.4989900475908,2933.3806518611327
4,2014,uniform_low_k1.25,2823.29204164066,2815.2128054512723,79.46127158687743,-4964.521045863977,-1175.1035670406393,-1168.05671719628,-2621.360761627058,-2349.788563562216,0.3352017615090949,165.82872904553778,0.0010525302305755334,0.018696870269074906,1123.5789218486195,2171.324469473973,117.48736386157691,57.16035709099272,708.6458316970077,1.1037254686797169,708.8104861114449,2940.4619623560015
4,2014,zero_tau0.00,2790.0579817344433,2790.0579817344433,74.47641890300957,-5283.7934446202935,-1090.5348347019917,-1115.168657262013,-3078.089952656289,-2168.4136991610544,0.3939959271542118,195.8045828558209,0.001257976207315855,0.022027410386611802,1048.0865850800863,2043.6728240925727,107.58679778483393,66.70032786622168,832.941838451092,1.111293210985508,838.8478025337344,2923.407096544919
4,2014,zero_tau0.50,2801.4671796674625,2801.4671796674625,78.02994024914237,-5101.889780378628,-1128.9712981416465,-1145.0114365866264,-2827.9070456503546,-2260.016969180786,0.36192721484625817,179.61830970586308,0.0011459238835439737,0.020149841930231824,1078.3179196761182,2102.73910348257,114.5865430697624,61.67803586513866,765.1457767519792,1.1067236657331045,767.4025096762704,2923.050120363464
4,2014,zero_tau1.00,2836.448601193506,2836.448601193506,81.94862997656888,-4919.150500302956,-1161.476071264493,-1174.763979347447,-2582.910449691015,-2345.9674398480765,0.330177376193725,163.6422772031465,0.001036062896188456,0.01828572755631654,1114.6624329015517,2175.495463482852,120.70780914865983,56.677530745285,698.0238418406686,1.1023445700625758,697.3125101758516,2936.838252062078
5,2014,aligned,3124.167704819781,3075.3749464249668,139.6101542280763,-4877.052674117949,-1125.136465860543,-1173.9319246021294,-2577.984283655277,-2307.169705328286,0.3133126216291182,164.51079972418904,0.0010413648808593012,0.01788902628716383,863.3033819918605,2194.350343230669,140.5845533669497,51.96385628384427,662.3702761463921,1.2675183262392085,662.2127195334082,2945.183759847183
5,2014,baseline,3105.666293976526,3065.1488180848946,137.542559418202,-4909.340354983157,-1131.4824978954514,-1172.018349192486,-2605.8395078952203,-2309.1899328115696,0.3170011457840271,166.38504246005593,0.0010536180050747198,0.018108455370081177,863.5458123195335,2170.2306980425924,139.14836459730094,52.51037685742669,670.1681387104856,1.2678198998702888,670.1681387104856,2927.036824492952
5,2014,defund_0.50,3111.232198059199,3033.0423986260803,136.94496016619252,-4921.7381657860515,-1135.310455791808,-1173.2316458759358,-2613.1960641183086,-2314.2116305902246,0.3181073463251548,166.78258196258528,0.0010563332894232384,0.01820769474047055,859.6998592469565,2165.6878964716198,137.30429859861738,52.574476415637704,672.5067433734264,1.2679741906015285,672.588585878982,2923.006304533582
5,2014,endog_tau0.50,3086.324993702771,3059.659528203481,135.93372484181847,-4925.969963583965,-1137.9805488261445,-1171.6406270416912,-2616.3487877161297,-2313.9998003735923,0.31782792313315406,167.0180007125389,0.001059017640804535,0.018122531097076962,848.326874202221,2136.9544684109424,140.6723038837794,52.78025268538916,671.916018314586,1.267550321415877,671.7731477998306,2896.619667409163
5,2014,flat_mandate,3107.5144424789896,3064.892676040449,137.56807598800646,-4913.430511086896,-1132.505758198944,-1174.23443548584,-2606.6903174021127,-2313.1552387198976,0.31660788350934993,166.168917772991,0.0010539379973157554,0.01810473326349416,862.9076637467358,2170.7683847564713,139.23674272820756,52.450067672928284,669.3367478775168,1.2678191344413583,669.3363437746067,2926.8914035863572
5,2014,scale_0.50,3085.777634705226,3057.2870464635516,135.72061683204632,-4951.202272426226,-1130.1521104014312,-1167.2674905364408,-2653.782671488354,-2298.2995941164004,0.32320438887263847,169.69368862589897,0.001075182789064212,0.018459980796331436,856.0501336276757,2146.8179482143605,138.57892025526564,53.47169367383626,683.2823369711306,1.268919980838172,683.8752176276573,2915.8003924234467
5,2014,uniform_low,3082.3555968759547,3050.232973450113,135.0172030180366,-4951.7263532828165,-1139.2341475502824,-1165.6283375067646,-2646.86386822577,-2306.331484882858,0.32170958936760863,168.93101555048628,0.0010725775298869615,0.01838691762151426,849.1343178200896,2137.278385403167,138.66628010016322,53.24947027737147,680.122200121929,1.2686929123466062,680.5905278127844,2903.2857230387426
5,2014,uniform_low_k0.75,3075.474318754822,3050.232973450113,134.80833728810774,-4964.654395965098,-1135.2134206080257,-1163.2843352083382,-2666.156640148735,-2297.992822489547,0.3241409214769815,170.2643915287532,0.001081342162279904,0.018519188957787227,846.5586854673288,2129.581781900527,138.30569147195337,53.6309483088512,685.2622487810451,1.2691558213818064,685.9843202513471,2900.240845314976
5,2014,uniform_low_k1.25,3088.41629769274,3050.232973450113,135.19673014909148,-4940.521642430978,-1142.72435384664,-1167.6629635003608,-2630.1343250839773,-2313.5685801913296,0.31960010549695533,167.77471333120292,0.0010649783525135013,0.01827204955715207,851.1628184151213,2143.952232093426,138.9781829177502,52.91830543360629,675.6625667797877,1.2682903621484012,675.9132914690239,2905.925401046594
5,2014,zero_tau0.00,2953.8972021208056,2953.8972021208056,128.1055208290769,-5257.45623956745,-1060.307429705464,-1130.316078559466,-3066.8327313025197,-2153.1816823083395,0.3739077432618223,197.32162369524062,0.0012616773970452798,0.021298966978693545,820.4087344824222,2046.9258120362829,128.868009534362,61.26823376419132,790.4736613221405,1.2776991011216143,796.6332494346733,2911.158837241127
5,2014,zero_tau0.50,2966.030913209473,2966.030913209473,129.01142190350689,-5130.895156886318,-1112.347895391018,-1150.9621828446436,-2867.5850786506558,-2244.657032068644,0.34871315748878673,183.68468081865655,0.0011722113689150184,0.019879555118423955,821.3249604558621,2045.7217574294077,135.12500315265353,57.54074366237393,737.2101041468602,1.2727283235671314,740.0642473458402,2863.370264265527
5,2014,zero_tau1.00,3066.2097756841113,3066.2097756841113,133.318972363472,-4959.589128072625,-1149.4397467792553,-1170.267626875223,-2639.8817544181456,-2321.8702412774546,0.3201495530060942,168.4154160916505,0.0010701989827264068,0.018232198375821674,835.685840219374,2093.7179522567403,141.86559766575544,53.26986023130773,676.8241468542317,1.2674646082093373,676.6344748232654,2858.9481645144538
6,2014,aligned,3637.1131139472673,3599.543679681222,144.64708563589016,-4701.313076451806,-992.4066244107323,-1195.5470394529436,-2513.35941258813,-2206.4399337989103,0.30910735295357705,160.29073866749803,0.0010090217626027925,0.017379787131396675,894.3609018053164,2253.3316443336857,126.32599936231813,50.61562439308609,653.4799704848947,1.1664804935522624,653.6801329536332,2982.7221522565515
6,2014,baseline,3618.8774330877195,3585.474950162159,141.95647776752347,-4720.375834699904,-1007.1485698628917,-1194.4447656693571,-2518.782499167655,-2219.689469355994,0.3102080203091216,160.7249904323072,0.001011087812750223,0.017446012735546676,895.1440898085592,2233.5228095792318,124.63021187829159,50.753103309852975,655.8068775097269,1.166123307210573,655.8068775097269,2963.206795657397
6,2014,defund_0.50,3623.426008961977,3552.123463338681,141.37404241421405,-4727.556851312584,-1010.0603105176003,-1195.1440012563758,-2522.3525395386077,-2223.403855714625,0.3109086703450031,160.91512525033568,0.0010121750129951355,0.017517867604148182,886.9872340418606,2230.3402205232937,123.32882011933253,50.75699502110696,657.2881129458726,1.1661588489441217,657.3081461266097,2960.2201917481293
6,2014,endog_tau0.50,3624.3537761606367,3609.7627700861385,143.70691916616562,-4698.521579122089,-998.5994956685936,-1195.103988917443,-2504.8180945360527,-2212.3312786427045,0.30812481993578517,159.8953500049034,0.0010056298584444987,0.01727387140478428,882.2615802476396,2229.252161692397,126.63047323585377,50.59373268818315,651.4028097789716,1.1657632162188574,651.2016609962235,2956.490563236291
6,2014,flat_mandate,3620.731628338768,3585.33832445333,142.2354942111296,-4722.084837532482,-1006.9700078562031,-1196.9943203762343,-2518.120509300045,-2223.028796672633,0.3094497289368144,160.36565330835083,0.0010108029904599693,0.01742184755690497,892.3946387483925,2234.5588398974814,124.6754819860828,50.63770388768057,654.2037832485926,1.1663838597269363,654.3499551335775,2962.9465731294613
6,2014,scale_0.50,3611.1422956465494,3588.309787015192,142.01467981505888,-4741.152145589936,-997.0276859649385,-1188.999151578992,-2555.1253080460046,-2199.8706607797017,0.31527863901005565,163.43587947266192,0.0010274978999110249,0.01771755511297886,886.2004695732335,2223.294608394405,124.25638665268632,51.54379565405502,666.5266087854955,1.1671432666876929,667.109591843273,2963.116791236309
6,2014,uniform_low,3623.4354183423457,3601.3105877929734,144.01609463103713,-4719.89225187845,-990.2371348642865,-1187.450191454714,-2542.2049255594497,-2192.518551591539,0.31285124063783526,162.31144120856243,0.0010224274737772507,0.017579665981406263,883.8077615413445,2235.6212953449394,124.6731248327789,51.199446587163294,661.3948763906601,1.1672636681069666,662.0416594962265,2971.1366330867813
6,2014,uniform_low_k0.75,3618.5398311082313,3601.3105877929734,143.75438358528368,-4732.428551823401,-986.901790032585,-1185.0902398618712,-2560.4365219289452,-2184.928171872301,0.31518769286696996,163.56910267413744,0.0010306981902164657,0.01770774983129987,880.3425390870436,2227.9838401980433,124.35894604624986,51.56269810772585,666.3343406872718,1.1676961407895659,667.2330732821772,2968.013161418745
6,2014,uniform_low_k1.25,3627.8685839669706,3601.3105877929734,144.24744756075805,-4708.75049803055,-993.2069407772661,-1189.551054315043,-2525.992502938241,-2199.2752605208766,0.3107722877423808,161.19281838967314,0.0010150735755465631,0.017465626696521463,886.6907689133602,2242.412431077665,124.95175347532319,50.87605853211767,656.9997881995193,1.1668781350891013,657.4250620562835,2973.913188077154
6,2014,zero_tau0.00,3527.173384373554,3527.173384373554,136.08266949531574,-5023.887477142136,-923.7037555071021,-1144.62209144342,-2955.5616301916143,-2043.3399619897439,0.3652163475678998,190.3303667879733,0.0012086215806710312,0.020514484882597096,832.102418488689,2137.1745124839945,114.65295139973131,59.18334710975484,772.0992909059505,1.1763420022835605,778.8651682115938,2971.5092849855646
6,2014,zero_tau0.50,3588.1536169800943,3588.1536169800943,142.2354040348207,-4829.508535328313,-950.5429517767583,-1171.8973390649894,-2707.0682444865656,-2120.684995563459,0.333820556235135,173.74894073513943,0.0010971541496700309,0.018698615952619537,847.9130093485978,2188.2990179611047,122.2650157461745,54.56157977818317,705.7258429842303,1.170698145271663,708.4944879698983,2964.496941898994
6,2014,zero_tau1.00,3653.8021755152063,3653.8021755152063,148.27658052403027,-4642.302588884304,-976.3199939335557,-1197.36073873791,-2468.6218562128383,-2194.770947514733,0.30342624564876985,157.74828957920195,9.901441710431663e-4,0.016936081472571356,874.555903259785,2251.9884386199183,129.3071773790794,50.04268896616672,641.4696129233763,1.165187143402752,640.9546411088843,2972.2075681417155
7,2014,aligned,3182.0391888149397,3124.73505355826,132.82555313745624,-4483.220507262485,-1028.8873634211802,-1108.8662539943145,-2345.4668898469904,-2157.6645296436486,0.28179404567661265,147.60538656872737,9.451377627034243e-4,0.015881067523054918,1092.8672201378845,2473.1824968910973,116.15637190869008,47.03732500830893,595.7372508030495,1.1900827717942928,596.0281218101629,3138.3296656016414
7,2014,baseline,3206.5842571698786,3152.4592237657853,137.09259630976095,-4413.4093666675335,-1009.3443406207232,-1108.455127815158,-2295.609898231653,-2141.822323127687,0.2760624198355719,144.68531345169404,9.227184306530034e-4,0.015506177791756438,1106.7333880833778,2527.4137649715885,114.50651562581425,46.13190530533246,583.6200926389205,1.1895019928650556,583.6200926389205,3179.408467930991
7,2014,defund_0.50,3214.382166813015,3129.8827332181654,136.74120602682723,-4424.443198616638,-1012.4072856877061,-1110.295480304287,-2301.740432624645,-2146.84291218638,0.27679562681104636,144.92550791934414,9.250357268066083e-4,0.015585784448112315,1098.1360846397783,2523.713297409185,114.01254419309201,46.15429335526598,585.1701562919334,1.1896281779748046,585.2322324892298,3176.8037807362407
7,2014,endog_tau0.50,3211.3467070514203,3180.30189939356,138.38179712247663,-4390.3729141805925,-1003.0639565490086,-1108.2079439853449,-2279.1010136462387,-2135.828777035298,0.27405200315205386,143.85211218893613,9.159758191605212e-4,0.015325667562330827,1096.6474553347962,2521.9321667230715,116.56103499723619,45.967929826142154,579.3698959921749,1.188951905889564,579.10196551733,3171.6272374114956
7,2014,flat_mandate,3162.1990893628677,3110.6860925187525,130.9542884336448,-4505.81344512863,-1039.9559849066668,-1105.237169293385,-2360.6202909285776,-2164.0969787211297,0.2835678350153269,148.48513104834547,9.518266411867092e-4,0.015993948816049215,1090.5491895428258,2449.0581697123293,113.73775379577802,47.295189887322735,599.4871965537205,1.1903304826004442,599.9047401911594,3115.4054738119444
7,2014,scale_0.50,3198.4707838522586,3161.044338404181,137.81600647989734,-4429.015815432231,-997.5735315610237,-1103.2129972894081,-2328.229286581798,-2120.9738173018786,0.28041118357907463,147.06279682742294,9.376145162696007e-4,0.015737390484028595,1101.2127799484372,2524.0608684443187,114.3207897626051,46.834036416258144,592.8137594203663,1.1904347415327108,593.2786146686834,3184.8262364593493
7,2014,uniform_low,3144.710299442768,3107.888260467865,129.73249311694588,-4525.867883407893,-1037.8582502526951,-1096.9404838716757,-2391.0691492835217,-2149.316881632816,0.28762854557216705,150.73449272348458,9.661851754304e-4,0.016198757597970723,1082.5279760854226,2430.640140278324,112.87317831416192,47.96686041745723,608.0718937130603,1.1910270542748447,608.85150315049,3104.3979613255187
7,2014,uniform_low_k0.75,3136.796563823226,3107.888260467865,129.49699338891787,-4540.6640791653235,-1034.1152513046854,-1094.895817217381,-2411.653010643257,-2141.52142154543,0.29019928935599315,152.12865372959854,9.755012060170046e-4,0.01634120963096405,1080.512495553856,2422.0455208894464,112.57845621059587,48.378731223776796,613.5066708412228,1.1914914459530546,614.5327664241929,3100.778012300458
7,2014,uniform_low_k1.25,3151.7077003706286,3107.888260467865,129.9359168078584,-4513.00112177474,-1041.119748404507,-1098.7210499321186,-2373.160323438115,-2156.106667595067,0.2853902779963447,149.52113951200735,9.580809128596914e-4,0.016074661084355207,1083.9710050934482,2438.116748840024,113.1289044036937,47.608035395633756,603.34000035817985,1.190621475632006,603.9078251597053,3107.545443007789
7,2014,zero_tau0.00,3014.4344389394173,3014.4344389394173,127.00819599633175,-4801.92597220651,-944.8732886214937,-1048.7970938658757,-2808.255589719141,-1966.6045427029771,0.339927184280981,179.07754725169198,0.0011552162874204218,0.019111763160640578,1028.6017067626042,2345.7846926603042,101.33189716987152,56.19489037795596,718.635788597077,1.2002362692790018,725.1208850845364,3116.0425845367563
7,2014,zero_tau0.50,3089.871381797947,3089.871381797947,131.9894771526809,-4594.741643522021,-980.0972000545332,-1080.54589518508,-2534.0985482824076,-2060.0182289228355,0.3058600827008933,160.9380013505235,0.0010314491110849488,0.017129709494495323,1061.3517386539957,2423.230665152013,110.15301733635769,51.01886127255297,646.614957250483,1.1942726545941278,649.2082956799298,3131.5731168957477
7,2014,zero_tau1.00,3200.228949018991,3200.228949018991,136.60230624317063,-4405.720631817295,-1011.9421486747061,-1104.8713318010512,-2288.907151341537,-2139.6368671339674,0.2751607709919148,144.60583430574926,9.210661098068047e-4,0.015342353438436184,1086.1815469107182,2484.2596031768708,117.37636114797567,46.28929773591392,581.7139281491056,1.188663586178898,581.303913832428,3136.6505804213607
8,2014,aligned,2933.8068926925434,2905.9539164833022,104.67856271186382,-5147.739220446908,-1174.3358550354467,-1217.3369784902975,-2756.0663869211635,-2397.4228269423634,0.3315045100083199,173.79128509655376,0.0011219497845921236,0.018153270969815,1133.767351565307,2490.564659355374,115.4060778939681,58.45949452402054,700.8295187606907,1.1723870018891525,700.7799123653405,3248.2911550906615
8,2014,baseline,2923.5785817837855,2900.502480460487,103.21157704768964,-5173.0637581983165,-1176.8854208721057,-1215.3504487638238,-2780.8278885623877,-2395.7182249120674,0.33447593334630193,175.3274452708234,0.0011331778403587949,0.01832738409743375,1133.4862359038693,2471.831071785376,114.98249907511867,58.93220093547386,707.1113674991586,1.1724699921291593,707.1113674991586,3234.9927374241797
8,2014,defund_0.50,2940.877999764004,2869.5295637826575,102.0420795071079,-5186.039499859276,-1184.3751782039192,-1217.4054059185014,-2784.258915736855,-2405.779200309576,0.334942730377838,175.36350733680624,0.0011341339945332295,0.01839962963869474,1128.7609040235625,2468.2481811062917,113.56512508775651,58.87090278034139,708.0982172375292,1.1725616674292483,708.1535833594713,3231.0959867731776
8,2014,endog_tau0.50,2926.4997424837584,2911.334661650775,104.74863818341385,-5150.520402504381,-1167.4252058447894,-1217.0060467394733,-2766.0891499201193,-2388.499128382426,0.3326237258430202,174.66419149598752,0.0011271619763422779,0.018150140010663843,1122.396017685676,2470.985998449669,116.6272026470981,58.82344388865994,703.1956388922167,1.1720884750724523,702.9668218374176,3231.7565790455246
8,2014,flat_mandate,2906.7041953074254,2884.5222126149706,100.96976541681242,-5212.281282033061,-1188.2248291377673,-1214.3798326978342,-2809.6766201974597,-2404.138811317652,0.33759815961320194,176.91723113240838,0.0011461152701636567,0.018530161300561922,1128.074482283992,2442.640177707557,114.41710812029176,59.416649112815634,713.7120268145889,1.172909978719709,713.9798577385532,3211.620494453586
8,2014,scale_0.50,2916.7466989735362,2899.682740201671,102.50445395774496,-5205.476144714832,-1170.870865829649,-1210.5028096213493,-2824.1024692638343,-2380.3794393445155,0.3400849429490524,178.31945148037235,0.0011528031975806391,0.018625792926454124,1124.871692957427,2455.5477032990852,114.56677443952523,59.85407103607924,718.969304214774,1.1733010148499072,719.4788949346506,3229.7393016371816
8,2014,uniform_low,2923.417924354333,2906.5165717114405,104.04339071842189,-5178.929310135112,-1169.004356842441,-1209.6975850601482,-2800.2273682325226,-2379.4540021635194,0.33693033924224997,176.74681982723752,0.0011424469724803483,0.018437542978127018,1120.72861041563,2467.7712040329834,114.76327907814672,59.364621316714015,712.3001961605169,1.1731545557837848,712.7160829881095,3235.8859447825257
8,2014,uniform_low_k0.75,2919.724514723719,2906.5165717114405,103.88407034721601,-5192.478612916869,-1164.6533413827522,-1207.030101173529,-2820.795170360588,-2370.3573145937344,0.3394475865229067,178.11946457188367,0.0011518731970673222,0.018569435789315657,1115.0712957291842,2458.4099129379697,114.44556012854034,59.78220028902112,717.6218770035921,1.1735304923634284,718.270966680759,3231.344239458248
8,2014,uniform_low_k1.25,2926.7022008446,2906.5165717114405,104.17995426997871,-5167.1825351154885,-1172.7839155068655,-1212.0141930141472,-2782.384426594476,-2387.35407210158,0.33474483910202646,175.55564459704036,0.001134270747184028,0.01832293369692468,1125.4799052107735,2475.892461654575,115.03832650339314,59.00189789952856,707.6798577781346,1.1728277774541815,707.895809972755,3239.8247002311946
8,2014,zero_tau0.00,2868.309297660048,2868.309297660048,100.04876343314821,-5466.657463433306,-1077.9649134339397,-1166.8659795788528,-3221.826570420513,-2205.9281842921523,0.3879617328769469,204.45246602581696,0.0013344024535726284,0.021171594560061926,1053.742047962638,2378.47700106443,107.20520432259438,67.69545309688743,820.1850241581644,1.180357613582245,825.7026996939804,3243.6894519841176
8,2014,zero_tau0.50,2882.780078872014,2882.780078872014,103.33115574557753,-5293.7224506651755,-1118.4643536096987,-1194.6686988801043,-2980.589398175373,-2296.6343738436526,0.35875416036249946,188.8763758479399,0.0012249084335780864,0.019541890526975313,1082.0313157320859,2423.4742212058054,112.82556295493245,63.12548499719723,758.4376621420204,1.1759712711879677,760.702540494299,3233.87683965784
8,2014,zero_tau1.00,2929.3032379752817,2929.3032379752817,105.36243315160222,-5144.279628651906,-1163.3808020500126,-1218.4256423827464,-2762.473184219147,-2385.9477200047427,0.33197684203581695,174.6125012086181,0.0011260101678472023,0.01805140538641152,1115.2770562001883,2462.1635394463556,117.97953259873114,58.89810451059081,701.8280699644667,1.1718194597591263,701.4386682051257,3222.683635739622
9,2014,aligned,3964.281518796213,3800.9551633532296,207.63077296718302,-4198.726632753279,-595.786279991325,-1254.00654432825,-2348.933808433704,-1897.0075409181013,0.2719343547038916,143.18130680096,9.406867835906311e-4,0.015423958534255499,1266.985585488169,3279.448336938108,164.8826450499647,47.73102418683928,574.8930020193218,1.2797742913239614,574.9635221584406,3971.5634799596733
9,2014,baseline,3962.982529177626,3810.4169854352076,207.8832236509184,-4182.810963491781,-591.2777740663088,-1253.112221932775,-2338.4209674926974,-1892.031917827875,0.2710871147685438,142.71723256042853,9.358948305565642e-4,0.01536374467878378,1276.266164481585,3295.710930742782,164.39928822704798,47.55585452245473,573.1018627188346,1.2796173250859537,573.1018627188346,3985.6562271662096
9,2014,defund_0.50,3968.4004299648086,3773.051461443875,206.8587505185123,-4197.28669564239,-597.0281010845723,-1252.086779143402,-2348.171815414416,-1896.1476556083533,0.27239513109732305,143.23367698633209,9.399585719804518e-4,0.015473919074999736,1264.2988673950688,3288.774870424355,163.06925770414318,47.6685577753648,575.8671236023335,1.2796944203535079,575.901818842152,3980.0773891952854
9,2014,endog_tau0.50,3961.321407616139,3870.778994674407,206.9045130213638,-4193.960739088271,-595.9090736231253,-1253.7874261600002,-2344.2642393051465,-1896.061722621562,0.27166990919236916,143.17664560297743,9.391351278255274e-4,0.015361517835872335,1254.3759056239257,3254.424279564306,166.75594020961935,47.80350896115809,574.3339410865639,1.279364073992572,574.2202737457933,3947.5969845585605
9,2014,flat_mandate,3982.880905225803,3810.4804088254796,208.25883780168857,-4181.82126813928,-592.6655227470692,-1254.99160418177,-2334.1641412104404,-1896.3794195551213,0.2700358074979154,142.1806022887138,9.339873563269978e-4,0.015321352177160151,1272.3828676886033,3298.957871088848,164.66586379544526,47.3930957403788,570.8793072292407,1.2798302954845506,570.9743203173161,3987.204959461231
9,2014,scale_0.50,3924.232676324602,3810.572005294583,207.11263065605905,-4204.333556678157,-591.4518447985619,-1246.5732507697649,-2366.30846110983,-1882.0034872281678,0.275041945167595,144.82988513763456,9.486464692418753e-4,0.015573835356095078,1267.1342853829503,3279.834246569795,163.8411966740353,48.20611644228992,581.4627199671347,1.2802605453467262,581.7550015696378,3977.2243283711787
9,2014,uniform_low,3920.8062171816277,3800.1249762068933,205.99184731090827,-4229.9298638245855,-598.281024973188,-1247.992778653874,-2383.6560601975234,-1889.4405046674135,0.2761287939664147,145.45983133011612,9.5685398666456e-4,0.015658375760215452,1257.3716203743318,3249.9159773258575,164.26319191835614,48.42640797654549,583.7604133548455,1.2803254109392217,584.0834415620219,3949.8362028296906
9,2014,uniform_low_k0.75,3896.4684141941593,3800.1249762068933,205.56261766943067,-4244.159816003091,-596.3833020409012,-1245.6187490658315,-2402.1577648963585,-1883.299855364227,0.27837598147924375,146.69040629822382,9.653236017043765e-4,0.01578035425925789,1256.0924437867736,3240.2098524077537,163.9142323260455,48.79962200185577,588.5111642364594,1.2806167719313148,588.9708216785907,3944.295284410534
9,2014,uniform_low_k1.25,3941.1867779177114,3800.1249762068933,206.346579458236,-4218.126082888069,-599.8581269865431,-1249.965162701263,-2368.302793200263,-1894.541651931496,0.2742627188807633,144.43843540581526,9.498265386302079e-4,0.015557004592137519,1257.8604800435705,3257.9709339739898,164.5523352017643,48.11632851038642,579.8153674662825,1.2800831903276084,580.0264585643666,3954.4333992297347
9,2014,zero_tau0.00,3501.89995615424,3501.89995615424,197.52600363631086,-4511.55347686131,-563.46295743059,-1204.827723192787,-2743.2627962379324,-1777.1192521103376,0.3191769824142346,168.99329678038754,0.0011208007139582137,0.018039392174317135,1217.600632865855,3161.1897658830076,152.08092222517357,55.39680986102577,674.7680475877794,1.2859255347286296,678.0944938783349,3935.9683721254905
9,2014,zero_tau0.50,3690.761764183691,3690.761764183691,201.5997380071005,-4362.0826955545035,-581.8419746568611,-1233.0224888552398,-2547.218232042402,-1842.1549848406016,0.29579158631914876,156.32014660089763,0.001031614778635222,0.01670890043248531,1213.4208364349875,3171.511896760559,161.04548349751934,51.75629743791907,625.3292755754895,1.2825760535926873,626.7751606205485,3907.576243440708
9,2014,zero_tau1.00,3941.3748781565478,3941.3748781565478,208.0019131189823,-4187.781024372574,-589.2690688360017,-1255.5080946701835,-2343.003860866389,-1890.8247951944647,0.27137725737352303,143.19670220310874,9.390222706773754e-4,0.015305531329566717,1231.8590004637786,3222.2871369873883,168.9015100622899,47.89188815164317,573.7152495539473,1.2792686656203944,573.5589284035758,3916.855687301611
10,2014,aligned,2599.3947668661094,2549.014573370098,99.83700569587249,-4752.814446679062,-854.3960770008933,-1083.6606875096302,-2814.757682168538,-1923.4359572673068,0.3365540723549489,170.57721106631055,0.0011468489385248538,0.021209955300013714,638.3565805332261,2143.136874227523,174.41598823712047,51.33858395831206,711.5047350624275,1.312050307570719,711.3867660848741,2977.6010445912057
10,2014,baseline,2589.482853419618,2546.1102673836795,98.81185128189922,-4769.07832988395,-855.4014451009466,-1084.5587296599624,-2829.11815512304,-1924.5340874807641,0.33844078436024094,171.5031143747679,0.0011529251063012707,0.02133116805157891,639.3792744487716,2134.003059235777,173.1685112241821,51.592443441635595,715.493409203469,1.3122678843386066,715.493409203469,2971.0725362217927
10,2014,defund_0.50,2589.0214867575296,2501.7030469158494,98.10736162955779,-4781.404420204252,-857.3116588158076,-1085.4953708537514,-2838.597390534693,-1927.1013756855932,0.3397988042073235,172.06113305595758,0.0011566090835699692,0.021447994587168492,630.0556842680062,2128.851679395344,171.2185187613934,51.68151076367168,718.3643818966443,1.3127532629265402,718.6300888406822,2967.0187762337478
10,2014,endog_tau0.50,2583.6401081655954,2550.5409883193774,97.63355314677534,-4784.996873489481,-862.1512279837211,-1083.6459044043975,-2839.1997411013617,-1929.0290032134114,0.33921796537615523,172.04581115601707,0.001158128622352488,0.021356001717260372,626.8926227412986,2103.6313052624255,175.28065323311012,51.8227551485172,717.1364378227765,1.3119590236719563,716.9676496958181,2944.056853042837
10,2014,flat_mandate,2590.54675437918,2545.512888096487,98.68044552960731,-4771.887045323435,-856.1654173526147,-1086.278613463193,-2829.443014507627,-1927.537618512992,0.3381525790491603,171.3619924008496,0.001153026388259015,0.021324061539878886,638.0835673520053,2133.998818164253,173.28557768259435,51.552345830599265,714.8841179770425,1.3123582343511235,714.9333379494111,2970.665387965659
10,2014,scale_0.50,2573.2155036510944,2543.665535601879,97.9282751465339,-4807.468030310045,-851.1347163439455,-1079.802812077325,-2876.530501888775,-1911.0412137208025,0.34434513705540487,174.54794071298346,0.0011741856488841915,0.021700114989245796,634.403830249536,2115.7010391703225,172.41259757560005,52.4344501836088,727.9757270393297,1.3133450363191272,728.5732730933861,2964.2524596556996
10,2014,uniform_low,2571.97771232016,2540.326249591474,97.70541911163046,-4807.012952372112,-856.7521379170682,-1078.002959884259,-2872.2578545707847,-1914.9943374708103,0.3434106328909526,174.11278472995744,0.0011727190260741017,0.021647208377000057,629.7928917414548,2108.3739576711478,172.44987463141595,52.31219702713511,726.000103528698,1.3132784100591728,726.5591675631875,2955.0708028386166
10,2014,uniform_low_k0.75,2565.244878622579,2540.326249591474,97.54013348370727,-4821.393286679304,-853.4760701075311,-1075.7704839500882,-2892.1467326216853,-1907.597598859244,0.3458492452244818,175.3847057749164,0.0011816837365835374,0.021797191744194498,628.3040878884984,2100.755272957004,171.9979289755623,52.66180717471546,731.155543218216,1.3137196184023792,731.9644050525061,2952.0557998103573
10,2014,uniform_low_k1.25,2577.8757945254893,2540.326249591474,97.84683620101283,-4794.593631511681,-859.5855639704959,-1079.9336365169486,-2855.074431024237,-1921.3905673124516,0.34130263896190033,173.01361673163623,0.0011649745496281315,0.02151749263415497,630.8471989305117,2114.9558990651844,172.83944685374888,52.00980335088747,721.5436200533718,1.312895631305073,721.8887834335532,2957.674326001599
10,2014,zero_tau0.00,2437.5677636622163,2437.5677636622163,91.42020772846051,-5145.635983816989,-790.5594982727773,-1042.042346154134,-3313.0341393900785,-1774.8625725360878,0.3969145142725862,201.8192531113272,0.0013697096881996524,0.024994869475988602,604.3196401911507,2002.7426548117255,158.62358661235885,59.81669891211164,839.1119868016534,1.3225979394878287,845.7174011408172,2947.2669436527895
10,2014,zero_tau0.50,2475.3378947924994,2475.3378947924994,94.91752916595576,-4957.0239476740335,-825.967917664421,-1065.0352145785942,-3066.0208154310185,-1854.5255211936621,0.366721109944645,186.31763560873614,0.0012596032922948973,0.023075367718118273,612.8027358338433,2047.6239125114573,168.32760866064802,55.717661596996436,775.2804901370471,1.3169342733882903,778.0373665589922,2938.271226134101
10,2014,zero_tau1.00,2578.667904142172,2578.667904142172,97.89195276682575,-4782.250531595595,-861.9856634693871,-1083.9445516085639,-2836.320316517644,-1929.1828404906319,0.33848230049304695,171.82723785798566,0.0011573852968438207,0.02127876865933728,621.867342202805,2090.0979541397346,177.41587162543485,51.837373588768344,715.5811779381222,1.3114808469355308,715.1520055422297,2930.8284577186305
11,2014,aligned,2218.942151044242,2182.7359872040624,104.47032183377536,-4539.353310901151,-747.2707773160573,-1073.3423543812526,-2718.7401792038413,-1818.990003136397,0.31739891864745284,159.54582048009198,0.0011058076608642853,0.020611822444464807,668.158381506443,2233.773857385634,162.80769273964106,45.90128503856836,671.0090653224454,1.269257475837961,671.1296231560077,3021.8098882427144
11,2014,baseline,2209.571381880565,2179.0492601774304,103.50011874123803,-4537.237730718846,-750.1502411596028,-1075.1248981835076,-2711.962591375736,-1824.7036561259781,0.3169990743848245,159.27500347068346,0.0011022472970285651,0.020575242042596743,671.9858105737306,2232.511151722147,161.22039342859756,45.834440356068995,670.1637595914616,1.2690294737855403,670.1637595914616,3018.0608643861374
11,2014,defund_0.50,2204.6567145397075,2148.396718121858,102.84327297273278,-4548.584685383294,-751.1824461110695,-1075.32040891021,-2722.0818303620144,-1825.4724915848199,0.31845228162159256,159.89623092580516,0.0011062831838477742,0.020693107835601368,662.4312096104507,2227.3337835550346,159.09420631484477,45.94444832738203,673.2359667489997,1.2695238142900676,673.4982205534569,3013.9817620959548
11,2014,endog_tau0.50,2198.6485897861953,2179.4659265573678,102.59961324414763,-4549.56942762518,-756.184648015215,-1075.0455872302557,-2718.3391923797094,-1829.838176730601,0.31723578585406315,159.53659829968504,0.0011057354636017627,0.02057381324126675,657.7474175913972,2202.9074093955905,163.10064898435678,45.97137627386067,670.6641883339466,1.2686708620630351,670.4746670936845,2990.5113491997713
11,2014,flat_mandate,2212.5974772620348,2180.305445375282,103.80081591692499,-4533.372857941959,-749.6343392195602,-1076.6534234536246,-2707.085095268775,-1826.6117158615666,0.3159114301393943,158.77749919286686,0.0011001998955210864,0.020514920278428623,671.5775531343384,2234.6914067300077,161.32662465950577,45.69554633835799,667.8643845600675,1.2691282985549108,667.9163940248894,3018.238879076045
11,2014,scale_0.50,2198.490010805624,2177.8101051184863,103.06058655437035,-4573.32376489858,-744.8438591582088,-1069.568236406448,-2758.9116693339233,-1809.2867937291567,0.3228250719279923,162.24413614283264,0.0011233452610267748,0.020950390606938502,665.2390158489068,2214.4380944905342,160.44719584730694,46.621866916821034,682.4804277851365,1.270148294519745,683.0821263816373,3011.3455498026574
11,2014,uniform_low,2196.7822515295816,2176.592817009727,102.71450011491761,-4580.722219914775,-749.3730381475451,-1067.3605176386309,-2763.9886641285993,-1810.9710509050221,0.3227869240210619,162.30165973226048,0.0011262094163923002,0.020959931979934347,662.0999678709494,2203.6514824931173,160.57741252779675,46.631140175693744,682.3997797744801,1.2702965032991036,683.0811041084564,3000.6788589536764
11,2014,uniform_low_k0.75,2192.35612217198,2176.592817009727,102.53057900114975,-4595.380204027535,-746.6498835653545,-1065.2773621748572,-2783.452958287323,-1804.366216863952,0.32514576989072785,163.50990400561636,0.0011349613773988805,0.021111329104844413,660.266325258797,2196.2286167169523,160.18999356823355,46.95035184673509,687.3865861851293,1.2707192151495412,688.3018569268495,2997.7701153653
11,2014,uniform_low_k1.25,2200.7570293461426,2176.592817009727,102.87549401291187,-4567.795705047936,-751.7782326546701,-1069.1998491851436,-2746.8176232081223,-1816.8029736522096,0.3207050270899518,161.23546698385664,0.0011184892281882297,0.020826262751360222,663.536988830331,2210.1993316880817,160.9183337195592,46.34926918189177,677.9984676345559,1.2699218124962952,678.475213282313,3003.243609508062
11,2014,zero_tau0.00,2112.598546572346,2112.598546572346,96.76073736537842,-4926.051347362039,-695.0631217045604,-1026.6703913521455,-3204.317834305334,-1677.5613835119223,0.3757859277976846,189.31511541557686,0.0013232439146357235,0.024398301002132774,633.986253149651,2100.9962013885224,147.5243124622119,53.67513545083277,794.444307647221,1.279554197862455,801.0330491265819,2995.8784275264834
11,2014,zero_tau0.50,2140.316100852435,2140.316100852435,100.7496865758069,-4721.691528880288,-722.7201653792258,-1052.5700792050127,-2946.401284296049,-1753.3824561053768,0.3446425918956092,173.55309995409127,0.0012081223901014794,0.02235156921881799,638.9855243126306,2147.4597773643663,157.02495591149108,49.647844649494374,728.6045725790427,1.2737323642654543,731.3047049075553,2986.1415935339182
11,2014,zero_tau1.00,2202.3120591758134,2202.3120591758134,103.66169777460587,-4536.277054757294,-753.21426736376,-1075.2612733848005,-2707.8015140087323,-1827.5002673667145,0.3156119609164134,158.8648116768383,0.001101658952070874,0.020441954360277768,649.0018614162484,2191.4790920515725,165.57685382119607,45.85712200777843,667.2312804390402,1.268077152764989,666.7305683696538,2977.929392234644
12,2014,aligned,3622.2800397521614,3543.339759469586,144.37291647409373,-4970.876040230011,-975.0206288393001,-1163.6809931521595,-2832.174418238551,-2136.886695833083,0.3286186867742779,172.03221018859568,0.001159266886687473,0.019600002593383556,763.6744725999947,2201.3452797430546,148.3825384246556,53.164204682767846,694.7286361262695,1.319458404736389,694.7828426211496,2991.346456106092
12,2014,baseline,3612.7527811782875,3533.0400979667506,142.23435304332108,-4977.359388512035,-992.3526954276487,-1161.1832087419969,-2823.8234843423897,-2152.7819026658326,0.32789403881744417,171.56011795066001,0.0011551229815506988,0.019559377961077762,770.665551454648,2191.678069162365,144.65798651628396,53.02868006892561,693.1966669870083,1.3193554614699854,693.1966669870083,2976.504042596732
12,2014,defund_0.50,3619.8232074871835,3512.314521078824,141.66909422551348,-4987.579315871702,-994.6594144689107,-1161.7405851790043,-2831.179316223787,-2155.408534935438,0.329023509922803,171.9817622335373,0.001157916076394889,0.019661297603094093,764.6038118971697,2187.2341304811744,143.16425822025437,53.09654279235404,695.5844676573606,1.3195476460438214,695.6857903170892,2972.987636226164
12,2014,endog_tau0.50,3610.3962462714985,3551.5594607374483,140.7008321363729,-4997.2258575919195,-1000.1693340531725,-1159.7223506192313,-2837.3341729195163,-2157.4214138388975,0.32902446869570345,172.31807143495203,0.0011619697984423534,0.01960049724206672,757.5838185738298,2157.172577225021,146.55192431790476,53.32540871002497,695.586494587101,1.319305198781448,695.5599952483335,2945.9590880812343
12,2014,flat_mandate,3616.2024747433784,3533.015763336802,142.30266378022364,-4981.162967220089,-992.4561966103032,-1163.6088652877042,-2825.0979053220813,-2156.0424823103012,0.3275438589168113,171.38617258674236,0.0011556285708766662,0.019554368729053966,770.8287361787761,2192.12068806192,144.68655997575797,52.979769065426225,692.4563560596122,1.319462876477669,692.5127322273538,2976.3402111996056
12,2014,scale_0.50,3579.9580382683625,3526.2151329031785,140.70170242726584,-5022.906569008051,-991.0561973009923,-1155.6953368534303,-2876.1550348536275,-2140.9778004504997,0.3342498618310531,174.95365082611195,0.0011788345395990143,0.019934160186895297,766.4383624197283,2167.611947537313,143.91838551629627,53.998258072757366,706.6334325496965,1.3201307209605657,707.0486536867927,2964.5807286676445
12,2014,uniform_low,3575.2515424831304,3519.814451384519,140.07472129793942,-5031.287068212333,-997.6157665742412,-1152.6083204991846,-2881.062981138907,-2143.8497244184405,0.33420499963625566,174.98113184256448,0.001181613451683436,0.019943185639596846,757.2855046592135,2153.5439550391047,143.72109379521592,54.00603461294629,706.5385899474354,1.320263957249964,707.0251057849824,2950.2841200063567
12,2014,uniform_low_k0.75,3563.274839782224,3519.814451384519,139.85610423306838,-5044.48358468544,-994.3011316802391,-1150.4698320659559,-2899.7126209392454,-2136.603001171782,0.3364146425193287,176.18627786317938,0.0011901232674661308,0.02006947825169435,755.5838184200646,2146.4742148925807,143.39102284136413,54.34603178484653,711.2099681990863,1.320526306814685,711.841122504873,2947.3603284539713
12,2014,uniform_low_k1.25,3585.9340848084166,3519.814451384519,140.26660774596743,-5019.630673717462,-1000.5473277931441,-1154.499621048421,-2864.5837248758967,-2150.2580659764412,0.3322513620843504,173.91605499465456,0.0011740949007329176,0.019831439501445742,758.5696172704515,2159.7914678274788,144.01226317775698,53.70530605574257,702.4084293493181,1.3200321631294933,702.7686968918222,2952.8671218413156
12,2014,zero_tau0.00,3340.69946498767,3340.69946498767,133.27709137803765,-5344.780822467274,-926.2857077153028,-1122.6157243684274,-3295.8793903835444,-2007.1548718051465,0.3826165669188177,201.21110852001266,0.001369009476608415,0.022771100843144525,736.6379040268633,2074.2920313653894,133.27197754335273,61.31001227017096,808.8848759760547,1.3256215393813808,812.7265515534372,2958.980548192009
12,2014,zero_tau0.50,3399.0655372120495,3399.0655372120495,133.9815588528523,-5214.912927516334,-976.5790521371656,-1141.181989644393,-3097.151885734775,-2093.2285062388232,0.35903534813063664,188.4698743853886,0.0012794594139596337,0.0213871597089189,735.982337108596,2068.113515867632,140.41940105511995,57.87622436493109,759.0321176690961,1.3226683097240832,760.9380166472401,2911.594709205061
12,2014,zero_tau1.00,3577.108070195341,3577.108070195341,138.3662182621978,-5032.794537424307,-1010.4195326928651,-1158.1199956658993,-2864.255009065543,-2163.699938911549,0.33158873825729807,173.81801588775107,0.0011747037268567593,0.019736135384351563,745.5855654800034,2112.9996271004566,147.8759691526829,53.83108662240272,701.007584643402,1.3194409371271418,701.0530000645821,2908.097509695319
13,2014,aligned,2021.828952567641,1977.0641093572974,169.67619662844123,-3489.469813577132,-261.644842661935,-909.5464588110435,-2318.278512104153,-1161.257858012596,0.2733838873617572,139.76749786669976,9.413923788287311e-4,0.018186438938071207,349.67082316958897,3385.9027258455203,125.72976600500274,41.22549552866146,577.9574407957788,1.2485695578844913,577.828249184897,4048.2352455067585
13,2014,baseline,2001.8593442480003,1965.7115978289173,165.70703642839717,-3545.8683154057076,-275.23736716406654,-913.3825405031723,-2357.248407738469,-1177.4117468370036,0.27764198285270547,141.90772227621642,9.579780199297274e-4,0.018496546814657826,364.8229230073135,3354.592595465926,123.91406487020558,41.896307335476315,586.9594269638808,1.2488487147320644,586.9594269638808,4023.569779964536
13,2014,defund_0.50,1996.5041263877722,1944.0047886854586,163.6608427033196,-3600.575000685008,-278.28652051525285,-912.9705287447127,-2409.3179514250423,-1176.5680812050155,0.28354220674949254,144.8890928821947,9.808191243143884e-4,0.01893066549663076,363.82436844364605,3326.7629382857594,122.7523663728139,42.7491305497488,599.4330161589775,1.2496578179052142,599.8213763740649,4006.5875504828896
13,2014,endog_tau0.50,1997.0815503111426,1968.6381909624588,163.92406477491195,-3550.708535302835,-285.06136856063574,-918.661751773908,-2346.9854149682915,-1193.9445491619888,0.2764053902843239,141.28750828386654,9.532095281367775e-4,0.01839645290625613,353.9891522567071,3325.723010168017,127.14028605639707,41.77707004282094,584.3451621546926,1.2472480441834377,583.5961970636774,3994.682423245271
13,2014,flat_mandate,2000.0008552995146,1964.637906137628,165.04996420632736,-3557.5499877914976,-277.2188000963259,-914.9071837320863,-2365.4240039630854,-1180.7572533604061,0.27847803530221266,142.32470339852443,9.614406916534992e-4,0.01856099102443605,366.4031561139668,3352.0025402878164,124.10140123862894,42.027097715235854,588.7269149411397,1.2489845884188464,588.7909679329051,4022.8678117441145
13,2014,scale_0.50,1979.3282196595303,1957.560153861297,163.1237735658479,-3602.8548727489497,-280.410014444452,-913.7676313034556,-2408.6772270010424,-1179.274377463269,0.2838088424866887,145.10184063284575,9.804990902255615e-4,0.01891249021588097,362.2523914276328,3325.710205902456,124.38788140101596,42.82210268440461,599.9967074203087,1.2499992985842225,600.5494937704584,4007.825478389526
13,2014,uniform_low,1984.3504799193,1953.146913813349,164.24229273499174,-3575.2622453533163,-279.8150060742159,-912.6732776036126,-2382.773961675488,-1179.2404076091932,0.28073198663842447,143.51968117151566,9.69267167352687e-4,0.01869736885858528,340.8973579681624,3324.887820705795,124.36105408619088,42.37313044532544,593.4919651367695,1.2490800336966654,593.6018951429064,4000.477639489567
13,2014,uniform_low_k0.75,1977.75852554926,1953.146913813349,163.88401369006178,-3589.453035034326,-279.00050440061864,-911.5874832840684,-2398.8650473496386,-1175.9500519053042,0.28267591553763777,144.54019390428707,9.764270304355218e-4,0.018825763266444362,336.83623438091166,3316.1568288726376,124.12195414918828,42.66114218960817,597.6016007942345,1.2496469111841286,597.9835553671743,3995.601196199392
13,2014,uniform_low_k1.25,1990.1074466844677,1953.146913813349,164.55126064624807,-3563.0026642402627,-280.5192971136431,-913.6116739586774,-2368.871693167942,-1182.084403264266,0.27905177234203254,142.63777467472238,9.6308178300751e-4,0.01858636517228595,344.26000359936216,3332.4322587279357,124.56744373210792,42.124156489378805,589.9398452071624,1.2485868473406578,589.8161424667674,4004.6916884374323
13,2014,zero_tau0.00,1845.6156026031579,1845.6156026031579,152.28119889287314,-3948.5074968185777,-266.9099028286155,-905.4536762992217,-2776.143917690741,-1130.4493387506398,0.32696425464710227,167.64846388658913,0.0011424737030605613,0.021823331405881587,305.6477208688324,3216.8769421332818,117.78183905867098,49.154633964939045,691.2310219566111,1.2607912058250355,697.8411263075399,3983.3452735345536
13,2014,zero_tau0.50,1865.5874058033553,1865.5874058033553,154.78918226715388,-3787.4456380530005,-289.08644498506453,-918.9528189314983,-2579.4063741364375,-1182.0215283368016,0.30373479967139977,155.50086972385,0.001055201233182359,0.020244658549212407,322.9468812295042,3222.207697995099,125.59796979294254,45.826586999767144,642.1219231051774,1.2532950721046623,644.4081115867966,3946.3871923750708
13,2014,zero_tau1.00,1986.6018382044563,1986.6018382044563,161.73922126612055,-3570.979525378484,-296.91326261815226,-923.7542608384418,-2350.31200192189,-1211.4535945884707,0.27672522730133486,141.4656147569855,9.543960565749092e-4,0.018403473864862088,347.0861210612933,3288.2396969345236,130.42899790761211,41.89163389832534,585.0213255731271,1.2457173149967635,583.5544260180131,3960.3314869618234
14,2014,aligned,2969.2061206833905,2926.7921206529313,115.34764519830472,-4517.385229605007,-745.586965584747,-1092.6246685163428,-2679.173595503917,-1835.280269835942,0.31329955048445807,159.71869273991226,0.0010887058931547925,0.020359755632452136,406.3902666649005,2190.936775115417,194.7007088135053,44.88988951573277,662.3426426037245,1.3297145706720064,662.2534370605481,3003.0010314737374
14,2014,baseline,2949.290175633564,2911.150058018097,112.34984773934153,-4547.688734528421,-759.4623734191538,-1093.0799944592864,-2695.1463666499812,-1848.881653309387,0.31534556489128773,160.69957669547944,0.0010953936095481208,0.02049989878476649,408.80079583885345,2168.8912038635694,192.1823782634662,45.15071211952683,666.6680959499848,1.3298936832351254,666.6680959499848,2982.5909659574936
14,2014,defund_0.50,2933.1735669201175,2811.4889373392734,111.65274320050348,-4561.094614839616,-760.3257241091766,-1093.4716226594173,-2707.297268071022,-1849.5855924029072,0.3170262471560988,161.4600259587655,0.0011002939192646098,0.020633444943939264,395.89018567890287,2163.0881020509264,189.90446045985715,45.28788905388177,670.2212052057462,1.3304362426921945,670.4946367272255,2978.199310184127
14,2014,endog_tau0.50,2954.1479606255675,2924.1116416936816,113.43310492606498,-4531.1218589071395,-755.7963375843831,-1093.8705342455567,-2681.4549870772003,-1846.6047893386685,0.31345384840946144,159.85364438261414,0.0010898674849754535,0.020351317422780967,396.6556082648851,2159.714056616761,194.85099703764806,44.99562190400154,662.668841907991,1.3291705351357148,662.3085065521611,2971.8779383025685
14,2014,flat_mandate,2951.965072866927,2911.0423748316484,112.56587410595901,-4546.512376015651,-759.6352947467541,-1095.1681037157798,-2691.7089775531176,-1852.052342586252,0.31442987663957594,160.25735572432714,0.0010939190202408516,0.02045419153356771,405.8231779164742,2170.812778715249,192.49565520810825,45.03432378683132,664.7322509240277,1.3298931034623023,664.73196113116785,2983.0060712676936
14,2014,scale_0.50,2941.0432712800266,2914.389515194881,112.52852394872562,-4569.963134215038,-751.4106427152119,-1088.8080963700206,-2729.7443951298046,-1833.0831668848525,0.3196609245967513,162.9520563385237,0.0011109893743980834,0.020771055304242912,402.69715065498224,2160.917679233682,191.8222840493863,45.73443003542392,675.7911436743835,1.3308738390669534,676.289214038143,2983.2947472857873
14,2014,uniform_low,2946.697107625688,2920.1134614896064,113.67426399102108,-4556.50474420239,-749.5946222785534,-1087.4834625830995,-2719.426659340737,-1830.5622861958325,0.31797813218850307,162.15037109740075,0.0011068725110097136,0.020665435782240036,401.09629881190523,2163.8942391584033,192.19277957013088,45.52362634747215,672.2335733908989,1.3306951040166421,672.6386749133289,2983.202067294391
14,2014,uniform_low_k0.75,2940.9753211819284,2920.1134614896064,113.48429027794002,-4570.23695630795,-747.0001998735321,-1085.456471103761,-2737.7802853306566,-1824.2268420766745,0.3201931409046375,163.30761763610346,0.0011151409089915482,0.020805701099625443,400.6260028356967,2157.1307779001822,191.76407711507437,45.82357057770394,676.9162954827952,1.3311569187432013,677.5592827465357,2980.6305671840887
14,2014,uniform_low_k1.25,2951.7654131030267,2920.1134614896064,113.83896909440715,-4544.514545245752,-751.8632965195181,-1089.255727910469,-2703.3955208157645,-1836.1011433650988,0.3160424328110784,161.13927844752615,0.001099651079971457,0.02054279969818614,401.29635551419494,2169.8019534202786,192.56644908671566,45.26138286692931,668.141335662031,1.3302896164517557,668.3402533285537,2985.4472729686186
14,2014,zero_tau0.00,2834.506658168244,2834.506658168244,107.6280007867182,-4879.464178508638,-699.270382123608,-1050.411078709636,-3129.7827176753935,-1707.534787725857,0.3669577622630778,187.58996268598364,0.0012907143621520214,0.023809782048593155,395.62501226375707,2078.0413157995,178.8769377092986,52.040608762698184,775.7807938295572,1.3403050029676076,781.854137878557,2986.731782624657
14,2014,zero_tau0.50,2860.165051018087,2860.165051018087,111.64686683157441,-4689.168556467224,-723.1928201912314,-1074.6565394745423,-2891.319196801451,-1776.2493496878621,0.33847082982429677,172.88528290849078,0.001184066483062061,0.02195600132596678,388.9790953717034,2113.400905403383,188.79294550447432,48.35241416377334,715.5569279414635,1.3343902641154728,717.9763390880408,2971.817775832125
14,2014,zero_tau1.00,2953.2015670414635,2953.2015670414635,114.35547493468668,-4519.746993570569,-752.5313029984645,-1094.732413710061,-2672.4832768620436,-1844.65159997731,0.31208980388332597,159.27149942438726,0.0010863456958951064,0.020239365974633602,388.3653517460167,2147.5873295864935,197.21069720183576,44.90885341789266,659.785132516539,1.3285547498556822,659.120862621642,2959.010035992079
15,2014,aligned,2689.9382040417695,2612.0591532928606,101.054061940102,-4334.212434251568,-906.889282879968,-977.6226498761458,-2449.7005014954543,-1875.5096659169976,0.2914434900994328,147.41621093763075,9.95504112245453e-4,0.018790135720616125,401.3451384195763,1815.4288537306238,162.58986354619176,40.04574163713367,616.1370199976931,1.2080113736827904,616.4244842137715,2554.3974598534533
15,2014,baseline,2680.981172072617,2609.2244421658224,100.12908223512073,-4321.047140947265,-910.9002469436826,-980.2614684153035,-2429.885425588278,-1885.548688962142,0.2892944409004558,146.24448643501174,9.856607294737214e-4,0.01864065175135692,413.9645114360287,1820.1882003142641,157.30862876735728,39.754351931076286,611.5937420921396,1.207448028047692,611.5937420921396,2549.336219242685
15,2014,defund_0.50,2681.409291391077,2597.7763419314538,99.79583112379662,-4331.3395685932765,-911.5265068439869,-980.3271742996326,-2439.485887449657,-1885.7073984622134,0.29066640234753915,146.8360288191377,9.895510406410233e-4,0.018750511059471845,406.47360935106445,1816.1771405548536,156.22501322716357,39.867039737869504,614.4941885466797,1.207806858397451,614.6768044104512,2547.2119184545986
15,2014,endog_tau0.50,2693.814122457844,2655.058962977421,101.87139085034772,-4293.152910562373,-905.4710299205743,-979.8106311085886,-2407.87124953321,-1880.6458478506918,0.2863873464354093,144.9132940066987,9.766220763853886e-4,0.01841886282313441,405.47444570042893,1817.2896033903676,159.96328081236226,39.47502090612028,605.4478902155565,1.2065871007080788,605.0161973979033,2542.7940606945126
15,2014,flat_mandate,2636.413445619569,2563.4355107905785,94.21898413630915,-4419.2315239535365,-943.9142961475739,-976.415948905337,-2498.9012789006256,-1909.596670390745,0.29680182269657107,150.03311926372493,0.0010165652305561797,0.019179839552915932,401.45907017635477,1747.933032454926,156.67562403099652,40.68715687422848,627.4650036058734,1.2089412447404022,628.2409717599568,2492.1624713716506
15,2014,scale_0.50,2664.3965419003557,2616.2663566575143,100.78180044701065,-4337.457179676636,-899.503705354645,-975.8798889486134,-2462.0735853733777,-1866.3919606308875,0.293353443537144,148.3595622671037,0.001000205445608042,0.018895913563224807,412.484793845238,1817.678715017145,156.69895201784243,40.28966476370474,620.1748285589487,1.208465540827019,620.6974479999659,2554.7854502712485
15,2014,uniform_low,2652.6319512375885,2598.78131167994,98.42615169614888,-4370.034198997697,-915.2707178111291,-972.8293459791666,-2481.9341352074007,-1877.1241021737076,0.2952105714153985,149.31772624074975,0.0010095750589865652,0.019041439842481297,403.7483585056134,1784.5395278681522,157.06644306876515,40.5172430853266,624.1009592687889,1.2088869878346626,624.844723109995,2525.9334509615855
15,2014,uniform_low_k0.75,2641.199704290147,2598.78131167994,98.26091420438615,-4385.442011158376,-911.8754196430857,-971.0911633169926,-2502.4754281982973,-1870.171046092088,0.29771635222978643,150.6105551537503,0.0010187475376075782,0.01920299914341434,404.54089390707674,1778.3159773963964,156.66447119976164,40.843017589222654,629.3983989996184,1.2094269001703764,630.4299125032317,2524.567343510167
15,2014,uniform_low_k1.25,2662.6626767566604,2598.78131167994,98.56814945590527,-4356.680817769057,-918.2188965876021,-974.3378529256871,-2464.1240682557686,-1883.1593608148053,0.29303669508247343,148.19632713442144,0.0010016229423684484,0.01890124577748106,402.6605243079323,1789.9341436123477,157.41398157125246,40.2344699119349,619.5051946313456,1.2084162062710884,620.0019377000248,2527.11559297169
15,2014,zero_tau0.00,2435.9162361985086,2435.9162361985086,94.4157409072078,-4699.517526508972,-840.3229305822449,-940.6907572533597,-2918.5038386733672,-1733.169458361658,0.34826170833773473,176.6051016310787,0.0012037139782788348,0.022483714116142313,396.7668721516463,1720.6311245715556,142.1303899422187,47.30821513578681,736.255701169752,1.2198017599640676,743.7885351658128,2559.2418345438005
15,2014,zero_tau0.50,2543.6072972759,2543.6072972759,97.17600216771046,-4504.118666788529,-881.0980636749425,-960.2629923382384,-2662.7576107753475,-1814.7686392618778,0.3170820127201391,160.69101296561277,0.0010903470683286585,0.020430597337006685,396.5039718049437,1748.3196807024096,152.08278737684336,43.42037447953628,670.3390984839064,1.2131061251097612,673.4803050581177,2530.462398657834
15,2014,zero_tau1.00,2697.872580092927,2697.872580092927,101.61876053836873,-4295.688251224585,-910.3570380370796,-976.8255546415298,-2408.5056585459756,-1881.4411946683713,0.2861061548229185,144.89951690086704,9.778068758183338e-4,0.018380778504527226,400.30691473268143,1791.4936811313794,163.04359024570365,39.5237004317063,604.8534265611811,1.206197671424295,604.2270787014658,2519.2406496468425
16,2014,aligned,2406.402060311215,2348.4354224526696,76.85727140305457,-4640.325875357387,-1005.7751727084785,-961.1897594974411,-2673.360943151468,-1937.882890051477,0.3286667443669107,165.04112562512915,0.0010905238531370481,0.020546363083421833,607.2911364638253,1663.4629350103842,120.06372927254134,46.23888748586113,694.8302340789393,1.185119908898056,695.2490577741197,2432.536834571184
16,2014,baseline,2426.275317151319,2373.3140027570603,80.093954372467,-4577.203433120417,-989.8497951615149,-966.2784464855329,-2621.0751914733687,-1932.5326833771198,0.3226144270300346,161.9779276325449,0.0010665326583845748,0.020132012136705922,618.2645173799741,1707.6814744822336,118.23460742342465,45.45360310508474,682.0351060534308,1.184405983012179,682.0351060534308,2462.4975848540043
16,2014,defund_0.50,2429.1656986174266,2356.5624003790185,79.82708042505492,-4590.229634714738,-991.8184664928139,-966.8912481444687,-2631.5199200774555,-1934.6894729275507,0.32398530904229383,162.55324053180067,0.0010707699552555932,0.020249469035554586,610.4311397154914,1703.2758673137077,117.33635860757252,45.55060883073419,684.933270488374,1.1846792402207145,685.0912931226828,2460.1529102132286
16,2014,endog_tau0.50,2440.2847986037345,2400.674958595362,81.33558000643559,-4552.890083998473,-984.7957197627098,-966.0475625876962,-2602.0468016480663,-1928.079734662996,0.3201594749578281,160.8818973319027,0.001058687159354735,0.01993888194131979,609.7654545203319,1704.7251250881027,120.1982423346586,45.22674708499811,676.8451227277083,1.1839604961841435,676.5905431400331,2456.287163477796
16,2014,flat_mandate,2382.3386502451754,2331.1183308326886,75.31727256807744,-4668.522511520172,-1016.579461292233,-960.7248704596409,-2691.2181797682983,-1948.152294743327,0.3306347879201484,165.96940293756325,0.0010978761419641837,0.020689559455903086,602.9696301481877,1636.4340757702937,117.21528107394204,46.46596633252873,698.9908502234406,1.185423972417647,699.591628411201,2406.7750189229077
16,2014,scale_0.50,2415.9678502219253,2379.9332532345984,80.68033925499662,-4590.603456595692,-979.7145262103858,-962.1814420060552,-2648.7074883792507,-1915.21888896248,0.3262273168437828,163.8696103028458,0.0010790648439864521,0.020344643852942025,616.0276687513857,1706.2301637498106,117.80986541941931,45.95375881639379,689.6730710073347,1.185074768534933,690.062501128373,2468.148771481209
16,2014,uniform_low,2382.745135807841,2343.4481738735026,76.05311888306404,-4663.27631318061,-1006.2498471902672,-956.1422316734605,-2700.8842343168817,-1931.0268634179492,0.33202669122713296,166.75765053283533,0.0011027684699143991,0.020757660087978833,602.1012651438265,1642.9712283388458,117.20146178569497,46.678699724305176,701.9334555133987,1.1857479289953539,702.7287544181601,2416.2227448183958
16,2014,uniform_low_k0.75,2374.4061566198993,2343.4481738735026,75.9653414197089,-4677.097855816297,-1002.6461221162773,-954.519471063315,-2719.9322626367048,-1924.0724335772832,0.33440013769742505,167.98418689558764,0.0011112847686110807,0.02090358504909284,601.7542884769892,1637.1058503750173,116.89598231593541,46.9991465706701,706.9511288703534,1.18611711076569,707.9724709729232,2414.975157093206
16,2014,uniform_low_k1.25,2390.0489606428946,2343.4481738735026,76.12796704698219,-4651.317280646674,-1009.3724098289373,-957.5478194570259,-2684.3970513607105,-1937.051314765814,0.32997115040414626,165.695686024382,0.0010953979934221723,0.020631222368065045,602.0838662194892,1648.0474092565687,117.46528308801766,46.40109080736112,697.5878624904543,1.1854273930446826,698.1894494897774,2417.301051027003
16,2014,zero_tau0.00,2228.7990533483576,2228.7990533483576,73.86248152281334,-4951.596107948234,-931.5000349383705,-923.8470348165115,-3096.2490381933526,-1789.0681224881782,0.38112676446379606,192.06670528525967,0.0012791526386013712,0.023790940711225117,585.1043386235073,1583.0614392499665,106.15411772238872,53.23299981260197,805.7353033274801,1.1930829099036133,811.638098839404,2447.6206559991574
16,2014,zero_tau0.50,2282.420441402115,2282.420441402115,76.09930703910844,-4772.090757213112,-968.358855156379,-944.8133748952088,-2858.918527161524,-1867.650671328415,0.3516590375334573,177.02735878266245,0.0011735031123288311,0.02192947596024024,592.4044801378739,1618.2908101272187,113.89486405402769,49.41110172950235,743.4379521299279,1.1885580142007308,746.04413413869,2428.8187065904344
16,2014,zero_tau1.00,2430.912169524804,2430.912169524804,80.93453930531744,-4554.702703434369,-987.236230285419,-962.4676247775593,-2604.9988483713905,-1925.6454161798622,0.3203300999876754,161.0919855732486,0.0010607767882075615,0.019924425218421592,601.1860434104572,1679.3445331349776,121.63509711020322,45.3348737115988,677.2058389591509,1.1838122541884528,676.8663636171208,2432.511120150703
17,2014,aligned,2910.620365964667,2854.252409535612,111.69422660660052,-4590.193645466663,-899.2571378878334,-1024.4236088071527,-2666.5128987716766,-1911.645684862094,0.30680076744455775,158.37220603167808,0.001092686671475143,0.01976862655435139,523.6409113011498,1973.5833290428016,167.0931797681186,42.702809767464316,648.6036470459592,1.3171374357899694,648.633456718591,2746.6071557620467
17,2014,baseline,2895.726072852093,2843.9704853954727,110.02776952855778,-4587.716168966917,-909.268532999514,-1025.714570392208,-2652.7330655751953,-1925.47833058511,0.3054934787156685,157.6020974265956,0.0010855940859180215,0.01967938492177772,532.2023251581754,1967.1426249965139,162.40238482166754,42.505605292064146,645.8399243722444,1.3170769032420948,645.8399243722444,2732.8793288983616
17,2014,defund_0.50,2898.077334635285,2821.870698917637,109.61408033535125,-4603.907999970224,-911.1317907503494,-1025.8106931944665,-2666.965516025409,-1926.641681135663,0.30738835576190493,158.45178373421678,0.0010914876100741127,0.019829597310463527,524.6537737855938,1961.1679809923262,160.88210552084496,42.6702980114742,649.8458601237406,1.3175421543454358,650.0754150591282,2729.4552035608253
17,2014,endog_tau0.50,2896.3151654231156,2856.5815855599913,109.16944701662683,-4594.29420441162,-915.7330121932905,-1024.3531973284464,-2654.207994889883,-1929.8397752139751,0.3052869625937355,157.62610090342926,0.0010869572514727354,0.01964573363012969,520.563787337048,1940.9566567681227,164.49910064127067,42.57374674779457,645.4033312340486,1.3165968845185954,645.168109067113,2708.0501197287117
17,2014,flat_mandate,2898.68738236608,2843.679502297633,110.41254231904254,-4583.966552898875,-908.4113583144415,-1026.9845476142698,-2648.5706469701645,-1926.6015419321416,0.3046181269223041,157.16432445741398,0.0010838372973282111,0.019633162739286867,528.0577135649648,1965.8062306317736,162.64614410157813,42.392267491648695,643.9893541459918,1.3170056992740566,643.9545387170092,2730.014645958712
17,2014,scale_0.50,2874.406551964631,2839.615381696422,108.88101972303743,-4627.729397516416,-907.2832822465892,-1020.6377262760639,-2699.8083889937625,-1913.994618847784,0.3110175543500553,160.5180351471258,0.001106916600219174,0.02003434016253324,528.971703151064,1948.578041409046,161.3986989723071,43.238381146184565,657.5183032526638,1.3181953603510295,658.0766655006976,2724.815024735866
17,2014,uniform_low,2875.520792356078,2836.7890014987192,108.68778814685649,-4627.211623110916,-912.0028919111323,-1019.0570448105321,-2696.1516863892507,-1917.1047931435312,0.3101662825977537,160.10539431625156,0.001105766742637014,0.01999023608853598,522.2999356039098,1939.0150532669086,161.86598189304732,43.13067700566242,655.7186403386205,1.3180050506028917,656.1807268910135,2713.9310850453066
17,2014,uniform_low_k0.75,2867.2417087638746,2836.7890014987192,108.52394013927267,-4641.922787468752,-908.9006156320007,-1017.3582244152185,-2715.6639474215335,-1910.5802087549307,0.31244577260786444,161.31695230787312,0.001114566136280911,0.020134305277825722,522.3606721795705,1932.8152325398291,161.48880938127962,43.434386866015025,660.5376815238087,1.3184706145985474,661.2366527576361,2712.10630781273
17,2014,uniform_low_k1.25,2882.821706859587,2836.7890014987192,108.82932112218023,-4614.401680190482,-914.7080896690621,-1020.5379069880765,-2679.1556835333436,-1922.7927742935774,0.30817956162308036,159.04974838894233,0.0010981029696660915,0.019864614064465866,521.9697477637238,1944.415030764067,162.19388340584305,42.86586519340947,651.5185384921716,1.3175971994571976,651.7759134630729,2715.518962439574
17,2014,zero_tau0.00,2717.9580888283936,2717.9580888283936,104.12901567331858,-4952.906661613656,-848.5372552333741,-986.1609750432403,-3118.208431337042,-1785.0806635155343,0.3591481901452359,186.04350821708528,0.001295465752498192,0.023115665366879,521.6355431728488,1872.0858310118394,148.56180083341823,49.53900658454485,759.2706755541326,1.327567492352983,765.318307747498,2736.4269330082107
17,2014,zero_tau0.50,2746.176438494217,2746.176438494217,104.22258903186263,-4808.5587247089325,-896.4099821875126,-1005.1101265437507,-2907.0386159776685,-1869.8359696541204,0.3343259310238407,172.95304964063547,0.0012008036067106308,0.021524896543854588,513.3776549420718,1868.568248244569,157.5742096366772,46.387773719677455,706.794249474246,1.3221563635819025,709.5200837438861,2689.2747679054546
17,2014,zero_tau1.00,2880.1239954654316,2880.1239954654316,107.85186964946885,-4608.105628366301,-922.939314274109,-1021.9243159398245,-2663.2419981523676,-1933.2284257297636,0.30592116282502096,158.08332146686828,0.001091740579490597,0.01966990243973676,511.28522096871814,1908.1522233158262,166.2649823758823,42.74955396008747,646.7440859733388,1.3162678161863741,646.3467877844199,2678.0144395160414
18,2014,aligned,3091.9240795807523,2998.1298070213,156.1531929437096,-4311.889039670722,-911.576493578248,-1081.997910714863,-2318.314635377611,-2011.3344732331068,0.28035505107704894,145.01948317223605,9.28381584447435e-4,0.016996908666972555,748.1426212644794,2101.0577511821903,150.2774615609143,40.68251316961716,592.6950904032224,1.2694475186319556,592.7475298131711,2803.4002293866583
18,2014,baseline,3076.730486236479,2984.162364102675,153.98104327093324,-4313.652419242817,-922.8149056946113,-1080.6955269187542,-2310.1419866294514,-2022.9187795275327,0.2796030657321808,144.5686977517523,9.241013112855198e-4,0.016941546887415573,759.1791016056832,2092.575013880702,145.62043389749405,40.56792506128417,591.1053276354523,1.2693352126745456,591.1053276354523,2788.732850352364
18,2014,defund_0.50,3081.003476240865,2969.2120561990705,153.6016900747394,-4320.695324430868,-924.1028487359783,-1080.9515933015784,-2315.640882393311,-2024.2102781521621,0.28042211960457164,144.88471676873405,9.262426006386101e-4,0.017016343351182475,751.1576071168846,2089.4223929082973,144.6458878355492,40.608758926799375,592.8368791344421,1.2694528005797474,592.8917979975191,2786.351319814566
18,2014,endog_tau0.50,3075.7327228685403,3029.209947544543,153.6206200523336,-4315.374722970734,-926.0297976372307,-1078.9650485565176,-2310.3798767769854,-2023.5680149635762,0.2794244927925611,144.61862917315017,9.249041088196848e-4,0.016898475864027176,746.9008412820783,2067.6614717409293,147.56493406099503,40.652598699858515,590.7278088278373,1.2690425507709318,590.5916087734128,2765.1654158754786
18,2014,flat_mandate,3088.0404606216453,2987.837027208327,155.00241868392888,-4301.444224332198,-918.5356689987022,-1082.3511636554008,-2300.5573916780954,-2021.4243752120153,0.27811127670122726,143.80105458251137,9.199126991899937e-4,0.016856948317891685,753.9078389008981,2096.508276986333,145.8792335518093,40.3670077896205,587.9515551916645,1.2692788121762746,587.925430681495,2789.945933430017
18,2014,scale_0.50,3043.7870585981195,2980.7444937457344,152.6741299286753,-4351.463757680385,-920.341027085173,-1074.6774308144277,-2356.445299780784,-2009.5440829055356,0.28549591878781655,147.69412652735838,9.450287719838013e-4,0.017298449363669303,755.3695771860422,2072.1481755782183,144.7407895023432,41.37856056061232,603.5633342278968,1.270351564500249,604.0466050696294,2779.5570095895787
18,2014,uniform_low,3045.336657171734,2979.8304922249636,152.75241410524688,-4355.2720653856395,-923.6431088531879,-1072.6215060352474,-2359.0074504972044,-2010.1126081901875,0.2854312573660159,147.67804030819156,9.466784481200436e-4,0.017306390719941618,748.988762520271,2059.6691391108875,145.48356728696203,41.37450314522273,603.426634328635,1.2703720368090727,603.9195280037187,2767.697731256346
18,2014,uniform_low_k0.75,3031.4290037979335,2979.8304922249636,152.46683196355227,-4369.750224056229,-920.4470915351043,-1070.6800136103504,-2378.623118910774,-2003.0765905110527,0.2878879108146072,148.9926949214499,9.554964567728089e-4,0.01745329036576194,748.988965619077,2052.657804064759,145.13201870565413,41.713583130611894,608.6202145127922,1.2707922888472731,609.3188526691689,2765.39509230897
18,2014,uniform_low_k1.25,3057.5471292406046,2979.8304922249636,152.99893489440032,-4342.709219796386,-926.4213076015848,-1074.3084120785866,-2341.9795001162142,-2016.2265585229416,0.2832973315235958,146.53648556854046,9.390246405994878e-4,0.017178729433365538,748.6317618364806,2065.7548840201516,145.7879915546141,41.079819416047094,598.9153285211311,1.270006245882194,599.2319447073003,2769.6950008660187
18,2014,zero_tau0.00,2782.4588626339623,2782.4588626339623,145.93328272385247,-4672.001586975469,-854.8451387134506,-1037.3640359409517,-2779.792412321066,-1867.7685438276499,0.3375851774068785,175.48732776741736,0.0011349307718938604,0.020463997430807474,736.407505121635,1981.0286962412993,132.29683725558073,48.44337494001019,713.6845812953412,1.2789411730188969,719.0855389918136,2783.967697548683
18,2014,zero_tau0.50,2907.4401293039605,2907.4401293039605,146.85222892730434,-4525.237745695735,-906.0510474678953,-1057.6459898152652,-2561.540708412574,-1959.1525250867119,0.31035789468915376,161.0231429468187,0.0010374986659282747,0.01879659949213475,735.7421424893103,1986.3190537156347,140.2519508196721,44.86643834166225,656.1237250531581,1.2739762155646388,658.5226753649628,2740.227241558607
18,2014,zero_tau1.00,3070.910138099706,3070.910138099706,152.94979622108673,-4323.781619509454,-931.6717643721548,-1075.9486888328836,-2316.161166304415,-2024.7363602930184,0.27991724984778227,145.0127440872156,9.28251325593705e-4,0.016899414906663076,740.8937194829325,2037.4951586248626,149.9880394795461,40.82622409128028,591.7695403260541,1.2688570499102043,591.5466187869446,2738.203592800073
19,2014,aligned,2938.4122109972795,2863.3402620216766,90.84749160898569,-4858.965874714446,-1117.0374846843567,-1065.929744754806,-2675.998645275283,-2173.8770008966862,0.3174146741414704,163.21602333436115,0.0010904352145672397,0.019714001073886173,752.3750352792965,1969.970341092334,147.14589766454168,46.54098059178512,671.0423738143567,1.2907245097640159,670.9028038007026,2741.478061965793
19,2014,baseline,2913.9863931893415,2847.910622613709,87.67675745365625,-4891.442134538475,-1129.240643162844,-1064.39172918743,-2697.8097621882007,-2183.2485710082133,0.3200310391852809,164.51410486478125,0.0010998897144934479,0.019887511591245646,757.8601636005442,1946.7109561064426,144.7409688166751,46.887796683989734,676.573598274953,1.290993023230394,676.573598274953,2721.137726514081
19,2014,defund_0.50,2922.417211130154,2830.986372442859,87.1730469424943,-4900.6905311636065,-1131.7413518620713,-1065.1998049276128,-2703.749374373923,-2186.488831102506,0.3209389665443415,164.8379540564012,0.0011020689257013948,0.019974248679676666,751.1712967300243,1943.166437278539,143.45355175088116,46.92971065755374,678.4930360952835,1.291105380505679,678.5520864754665,2718.2423648473327
19,2014,endog_tau0.50,2932.560559959712,2888.488789066461,89.119542871243965,-4868.629261774102,-1122.329022966871,-1064.1333273746127,-2682.1669114326182,-2176.5310379515663,0.3179461471961204,163.63495209225022,0.0010936515501563865,0.019712640692775667,748.6120491572099,1943.3002348047048,147.29833407571226,46.71563848492747,672.1659543204416,1.2906634983105427,671.9943845069425,2715.877314902432
19,2014,flat_mandate,2915.785114534192,2852.472008287878,89.03123401319134,-4892.306673260415,-1125.1570681847109,-1064.6696075728987,-2702.4799975028054,-2179.282466314692,0.32042761577840373,164.73663099510662,0.0011019801253813173,0.01991590715955452,759.8088942815536,1945.6077376628461,144.22457128827187,46.94571472276928,677.4119958668985,1.2911405886699656,677.4894266485854,2720.376020876934
19,2014,scale_0.50,2896.4848518677977,2851.492462930414,87.63794486062989,-4914.4545264243725,-1119.820851216686,-1060.0867606582524,-2734.5469145494335,-2165.707400540377,0.3246873402682012,166.98795708689374,0.0011164992273127014,0.020165608786970803,754.9361526833584,1938.3583959922494,144.43777490895485,47.54857472508504,686.4174258809968,1.2916029891753948,686.7417430897722,2721.9893392658914
19,2014,uniform_low,2917.2877508722054,2863.87929913419,89.9811484258632,-4875.360086535415,-1115.137938076092,-1060.4246396905694,-2699.7975087687532,-2163.9283846906183,0.32037902588120054,164.80140245818308,0.0011012893883523903,0.019887910092370287,752.942751288887,1956.8696199082713,144.97506750847464,46.962439410651726,677.3092725758256,1.291216139377124,677.4263286964415,2732.3085767025354
19,2014,uniform_low_k0.75,2906.17338633885,2863.87929913419,89.88759904840505,-4889.762550409075,-1111.0337300897916,-1058.3669317706147,-2720.361888548668,-2155.8328098908037,0.32289895000787217,166.1401250829848,0.001110552557200651,0.02004002851390964,751.7368173850111,1949.568918999917,144.58384201336423,47.318940969379824,682.6366125054224,1.291544038177168,682.9279719240537,2729.7617919679547
19,2014,uniform_low_k1.25,2926.848967263584,2863.87929913419,90.05934830245977,-4863.11653563718,-1118.631749503896,-1062.1760878439002,-2682.308698289384,-2170.8186872303722,0.3182348756729798,163.66272748456078,0.0010934125143240128,0.019758392069481025,753.657128787295,1963.0781975155803,145.3070721137022,46.6589908889474,672.776351565067,1.2909367169284047,672.7470086114329,2734.473287351768
19,2014,zero_tau0.00,2712.1391410373753,2712.1391410373753,85.18749620959483,-5200.538919007004,-1037.058505920382,-1027.0204024974457,-3136.4600105891764,-2014.258228155809,0.37336608653704306,192.79268414640376,0.0012968150373750724,0.02313448797377479,730.1498739840572,1867.8869240064128,133.58439756910997,54.33243625513766,789.3285516470082,1.2975621028397928,793.3449653691878,2740.483850689573
19,2014,zero_tau0.50,2799.5276806931006,2799.5276806931006,88.36024239099996,-5016.411136238582,-1075.8492917116953,-1047.7444977530204,-2892.817346773866,-2094.9174642981834,0.34359925267911084,177.2381737195583,0.001188079870310162,0.02127502181915803,737.9442675819404,1907.750023403782,141.9211788910105,50.3132395864523,726.3988622525546,1.2938457035963113,728.003970672883,2727.3619333812235
19,2014,zero_tau1.00,2945.053178126356,2945.053178126356,92.56903450786574,-4816.359340028661,-1105.7623712342086,-1064.8986828645914,-2645.6982859298614,-2162.9038919762856,0.31349422699531615,161.55823000306503,0.0010780473825779404,0.019377093015025423,748.4075272801033,1963.7108708661963,150.12364816817305,46.220740056969,662.7542057689294,1.2900785563361123,662.2847479412603,2729.8985269186605
1,2015,aligned,5009.069622706025,4820.925287101129,214.1800163142356,-5091.216185306305,-1072.209717785327,-1317.8868656175962,-2701.119601903382,-2423.8493075218244,0.2744962326193253,149.23787278864717,0.0011193983844091366,0.016374201001093942,979.8017939057619,2702.4774948908853,276.2753878309337,108.22111905406669,607.3502912892021,1.5922031235085934,607.3032368408747,3477.8350005086268
1,2015,baseline,5000.0359738451,4799.786695966406,210.65521085185145,-5121.8304973597205,-1100.2583261080385,-1308.6615153867112,-2712.91065586497,-2441.390866244868,0.2761339009509434,149.98608055080382,0.0011246015312097405,0.016489687661071506,979.192096174598,2678.770676849609,270.46918552428076,108.79471009380535,610.9737958041902,1.5923264889627142,610.9737958041902,3451.4189480842747
1,2015,defund_0.50,5024.377821465211,4773.65917560446,211.69103736527464,-5105.9942910976915,-1094.4165284727378,-1310.8340127901295,-2700.743749834824,-2439.123138064025,0.27514507708002295,149.3276681398296,0.0011185217823023433,0.016446033622925328,991.6168187323412,2709.020218292914,269.2243470731365,108.30947462314816,608.7859243703766,1.5924642529783954,608.8385949716716,3478.7736857145737
1,2015,endog_tau0.50,4977.757757642992,4870.335006856867,212.14119968036553,-5103.855872490654,-1084.9670935816205,-1311.3149653702403,-2707.5738135387937,-2429.10323082978,0.2749982268389109,149.6804527498077,0.00112285546172918,0.01636301467648473,968.7576643811906,2666.691941830496,273.35191869150333,108.58677247351963,608.4610035659481,1.5918762974688474,608.2889760514566,3439.7460640999366
1,2015,flat_mandate,5025.800851757638,4815.043926433983,213.271460723861,-5090.63424792804,-1087.7196831550204,-1313.8224364589908,-2689.092128314029,-2436.883578439535,0.2731150214732481,148.3976526497769,0.0011136078570531855,0.016312080716423594,989.3841676910837,2705.5904955618003,271.63989728084135,107.65737036300592,604.294223874735,1.5925106844302486,604.3641267858945,3473.9371492655305
1,2015,scale_0.50,4956.416858802839,4808.30502439717,211.09239235980488,-5140.064032502764,-1091.104049795411,-1301.5924791408181,-2747.3675035665347,-2421.3119457922153,0.2801790933923508,152.25928617672966,0.0011406605690905147,0.016709275743709548,983.5588918854116,2672.243757230002,270.09405303755705,110.3616909161164,619.9241875241992,1.5921803719623673,619.8673012867652,3451.8434206382076
1,2015,uniform_low,4950.252828462481,4811.095778980646,210.47484025372003,-5148.745625790389,-1096.2434294557424,-1298.688008875068,-2753.814187459579,-2423.0984683922857,0.27999813393619033,152.2317177027511,0.0011442398330678014,0.016714893150302095,977.3328417242955,2663.276867867592,270.53882810951075,110.35808997439003,619.523796679626,1.5918732393022048,619.3474515943254,3442.805057597038
1,2015,uniform_low_k0.75,4920.844732109062,4811.095778980646,210.06874850828655,-5166.445161155482,-1092.466339782206,-1295.8466620518452,-2778.1321593214316,-2414.3519041894283,0.28255775496222635,153.67441602820674,0.001155494467040416,0.01686060333576447,978.0606891817589,2654.0355804355954,269.85088377292675,111.36040181000565,625.1872134810828,1.5917130995679392,624.9463814600391,3437.472443858556
1,2015,uniform_low_k1.25,4976.002297603206,4811.095778980646,210.82533439145962,-5133.400608000418,-1099.5229959688186,-1301.1556333958688,-2732.7219786357305,-2430.692348924616,0.27777664854755074,150.9802172067763,0.0011344792231598923,0.016588315136501677,976.2184363801659,2671.2921647466155,271.1348295280184,109.48799856470087,614.6085386995426,1.592017852549073,614.4894107590778,3447.4284064690114
1,2015,zero_tau0.00,4385.244503869382,4385.244503869382,198.74505387518312,-5564.005841435032,-1018.9192577313722,-1253.9878013635189,-3291.0987823401415,-2259.243854675545,0.33587928302067904,183.45109672417374,0.0013905871039598065,0.019974148542576686,972.9584561511094,2502.384007060345,247.75847077208368,131.9970897105175,743.166412281958,1.5900403844125786,742.099447605805,3360.2448357277162
1,2015,zero_tau0.50,4642.372463014107,4642.372463014107,205.35141041916236,-5324.49746477522,-1052.3583086645283,-1284.204189149605,-2987.9349669610856,-2347.073005113188,0.30402303918077594,165.9095338883243,0.001251733081356286,0.01806210176409643,968.3789417345316,2579.5069756626967,259.946982843378,119.88836892833876,672.6812956341936,1.5903338662479871,671.839508451261,3391.405098028997
1,2015,zero_tau1.00,4939.086046969104,4939.086046969104,210.48255489234992,-5129.820860197765,-1091.2392665250734,-1308.893920383779,-2729.6876732889123,-2430.519641221646,0.27669848756108273,150.85362447051472,0.001133977247566534,0.016425540702518605,944.534259721753,2603.01157404288,277.3403623876072,109.47632836935352,612.2229999876283,1.5915213788748546,611.9134485754485,3382.789056636582
2,2015,aligned,5168.832269977053,5034.550007567368,188.97032639480602,-5030.921883683098,-1196.2648074824558,-1331.7408240866807,-2502.916252113962,-2567.8142965362476,0.27515028633158467,149.29669566112514,0.0010207241103123038,0.015142994741949287,1178.1862914533017,2701.2832275247324,208.95124078569012,105.40519467999053,608.7974503589968,1.3872097472474791,608.934374890873,3413.7636485213047
2,2015,baseline,5135.83026973571,5013.979811174806,185.55052890475366,-5066.608002905954,-1211.9486218419129,-1325.1194047576778,-2529.5399763063624,-2573.470096024304,0.27888188615600645,151.20466946594726,0.0010328804892836975,0.015351510446498823,1163.8358572918312,2671.153372409569,207.4415478177554,106.76692791498346,617.0539871380656,1.386897820292641,617.0539871380656,3388.881979450406
2,2015,defund_0.50,5174.2034556348635,4979.43432687227,185.91764016493156,-5059.326949855659,-1213.4204646860328,-1326.161486938319,-2519.744998231307,-2577.247852840537,0.27806468003430546,150.59744509865902,0.0010278950221106382,0.015329593377927797,1181.4930952880918,2700.0910311021876,205.93164183055165,106.37264171608858,615.245837090532,1.3865962169265205,615.1120419307566,3414.762073147407
2,2015,endog_tau0.50,5124.7551161384235,5058.471405893921,186.46418706062914,-5058.5718764092935,-1199.9308649177376,-1328.2505334502343,-2530.3904780413213,-2564.8978783437824,0.2782185628419953,151.22257113206314,0.0010338475759417104,0.015256205207086582,1153.253130895091,2657.550119086303,208.85947803660486,106.71736758933092,615.5863181499001,1.387269691061625,615.7513761333773,3375.4436056669538
2,2015,flat_mandate,5158.185284377729,5032.562424206664,189.21155615897516,-5043.013864159354,-1196.7038134266973,-1330.3298943542895,-2515.980156378367,-2565.8175489848413,0.27662487991051493,150.08288548629747,0.0010266288605303806,0.015229660170990108,1176.1427052682343,2694.5937735593525,207.96759050215618,105.95261726146586,612.0601357195586,1.3872031094438027,612.194864692782,3408.8036114928245
2,2015,scale_0.50,5105.041350426199,5019.359206939535,185.8690404717643,-5086.4631944465755,-1202.3634655131204,-1319.743403233701,-2564.3563256997536,-2554.813955833666,0.2833205876159503,153.69978851272373,0.001048781087958103,0.01557509613219156,1164.4774464519346,2663.0298848496045,206.55768475877204,108.42667174258526,626.8750568078317,1.3874627594918985,627.1304082024665,3388.2913060682577
2,2015,uniform_low,5104.887440640112,5020.708282982591,185.39954858619703,-5096.179021861928,-1204.3580204510765,-1317.7412974058982,-2574.0797040049533,-2554.3540704199554,0.2833345975332649,153.8058274971558,0.001053838235386549,0.01559504414827554,1158.522482954311,2652.627379547731,206.8523341075949,108.48172367860394,626.9060551471557,1.387525689665491,627.1898648885237,3378.1878548652458
2,2015,uniform_low_k0.75,5086.697434926011,5020.708282982591,185.11265525580166,-5110.1251570175255,-1200.543518451711,-1315.063851694436,-2594.517786871379,-2545.875277390061,0.2856934229397787,155.14303827097157,0.0010632672798901296,0.015717725623337887,1156.2926727398708,2644.0410791583126,206.35188977664424,109.37271310531244,632.125191614261,1.3876934357740673,632.4878200511143,3373.508075880759
2,2015,uniform_low_k1.25,5121.1205541851305,5020.708282982591,185.65113347952857,-5083.868439931406,-1207.7304163292613,-1320.108929709486,-2556.0290938926596,-2561.8493982806435,0.2812502137957336,152.62486186331407,0.0010455115900907914,0.015486519548807288,1160.1814689745136,2660.2103140786767,207.29368007722624,107.69424581004418,622.2941482438515,1.387378523716719,622.5098374773825,3382.319585823241
2,2015,zero_tau0.00,4739.762147688627,4739.762147688627,175.7156966886288,-5445.952041106362,-1141.4132777824618,-1260.5199101223097,-3044.01885320159,-2390.459180858611,0.33720910259505865,183.98645019546603,0.0012696904405732098,0.01848543618126137,1123.107691733447,2496.317454587642,192.03614208174264,128.60476343997712,746.108770718555,1.390716032307118,748.1628524474189,3307.9116856768264
2,2015,zero_tau0.50,4904.170808946284,4904.170808946284,181.6747194640595,-5247.119330985195,-1171.7302693126983,-1294.6811562134772,-2780.70790545902,-2479.4592478945106,0.3067041685319254,167.2042006813916,0.001149161016313467,0.016790179526557907,1137.4736354339298,2570.834807821171,200.71740377954677,117.41614978035935,678.6135617234806,1.388945617058851,679.6155552639351,3333.7516170842937
2,2015,zero_tau1.00,5092.662052686606,5092.662052686606,185.6034804656857,-5087.403407549107,-1208.9241243226486,-1321.451005336661,-2557.028277889798,-2563.3429939988528,0.2806456995862985,152.83473601653162,0.0010473561305125562,0.015347766079280206,1130.4055827338843,2592.0731074131227,211.34879606846468,107.8250398507322,620.9566002648303,1.38772283816314,621.3259860151912,3316.9228496460464
3,2015,aligned,3975.2078903144916,3849.8090167970163,177.2406494103044,-4565.450271752714,-954.4060284169108,-1235.067589346707,-2375.9766539890966,-2222.5703169049593,0.2758856945302519,142.42885269494064,9.566420236428509e-4,0.01625705969678477,1096.6036767241326,2627.7953531969597,230.48301054841454,103.46126733338167,610.4246143437804,1.359681253611115,610.4855187520699,3365.302615164062
3,2015,baseline,3942.830992930179,3830.2646839243484,173.9205790903456,-4609.685008269706,-964.321197067261,-1233.3002325523387,-2412.063578650106,-2227.6025609012036,0.28065107811091483,144.8114381236553,9.725336410582561e-4,0.016542348536192592,1086.8789034828246,2594.905625346622,228.3462446699612,105.19298072840927,620.9685007869659,1.3595456065242146,620.9685007869659,3339.0273900751404
3,2015,defund_0.50,3964.0782312304464,3808.232389347766,174.86445170991954,-4596.023734601816,-959.174453521551,-1234.5534212983064,-2402.295859781959,-2224.819238528165,0.27974876323290726,144.24591025857043,9.677429478015663e-4,0.01650168605814594,1099.1369320212323,2623.1002702562273,227.43291201440968,104.78879963825526,618.9720391278638,1.3594104102934423,618.9104871753276,3364.6548698077095
3,2015,endog_tau0.50,3941.6925958972097,3881.7131363289573,175.60533306914328,-4590.5256402378345,-953.340179202124,-1235.397410566801,-2401.788050468909,-2219.381117695088,0.27889667578647226,144.2054586728804,9.685996251470359e-4,0.01638593724666002,1076.7906906838039,2586.066960334596,230.8526193485818,104.71858165143628,617.0867106705007,1.359697911955312,617.1558408688861,3329.3568389006277
3,2015,flat_mandate,3960.7294425935625,3845.187400511162,177.54772719493783,-4581.092966952218,-949.8676898549809,-1238.1789056173732,-2393.0463714798643,-2220.6369513204363,0.27786615333297376,143.44612355689998,9.63877259744104e-4,0.016378288974077112,1096.6742482267132,2619.7385185048997,228.93205268610558,104.18602706649222,614.806576963965,1.3598528198947277,614.9455033815976,3359.430047506111
3,2015,scale_0.50,3918.4022948868137,3837.5015020268484,174.56041228336926,-4625.755769988335,-952.9698869419356,-1227.3306258604453,-2445.455257185954,-2206.368264984788,0.2851843663469259,147.23122017048308,9.87695657763322e-4,0.016790952322775696,1085.924580199066,2586.588548388853,228.0409968598479,106.86444978959986,630.9988531323024,1.3600702366952475,631.2423470133842,3339.007442472485
3,2015,uniform_low,3915.0278941633337,3839.622830093128,174.22004987471198,-4631.574649472464,-956.2658709219867,-1224.0685304884512,-2451.2402480620262,-2205.8328592125918,0.2850320398583345,147.24353378473404,9.90974175592405e-4,0.016795358915848983,1078.65162719493,2577.987570835877,228.52406437598245,106.84505675210875,630.6618155841572,1.3602394207668786,630.9836599914775,3330.6502384512282
3,2015,uniform_low_k0.75,3898.753940851942,3839.622830093128,173.89263334119488,-4646.657536530591,-952.7790640769624,-1221.2938622798033,-2472.584610173825,-2197.4918548747023,0.2876390092542612,148.6393575739635,0.0010006730237010894,0.01694395470808871,1077.3568546628203,2568.7711389003907,227.93321530532066,107.8107326087059,636.429995376242,1.360458795234132,636.857476943349,3325.751098540354
3,2015,uniform_low_k1.25,3929.5266641570915,3839.622830093128,174.50655296291413,-4618.299520154529,-959.3406627318147,-1226.5153936212787,-2432.4434638014363,-2213.186776467369,0.2827348763485579,146.0141334405853,9.824338859737896e-4,0.016664323487983693,1079.4460655953958,2586.1033542430064,229.0433311874413,105.99395960558421,625.5791122133734,1.3600473278961798,625.8099734724192,3334.9626992972826
3,2015,zero_tau0.00,3582.7283953953693,3582.7283953953693,163.5805130261571,-5006.140674631818,-890.3577240493622,-1171.2452222266268,-2944.537728355828,-2042.7791370574896,0.3446494146341634,178.8506800986568,0.0012135423962310854,0.020269730067870247,1046.0238897204347,2405.0961458800753,209.293495119289,128.7174694606011,762.5712031574717,1.364898194159158,765.573477721265,3251.245649260028
3,2015,zero_tau0.50,3740.609626986455,3740.609626986455,169.84095525995582,-4788.149594179366,-924.5094196824172,-1203.7911454538823,-2659.8490290430673,-2135.104455764923,0.30999878866575103,160.72830836324178,0.001085412698546515,0.01820128249694038,1061.8031919156701,2492.743822403472,219.83831222594642,116.18404493198123,685.9032373553543,1.3621652772772792,687.2248852954524,3283.6229749928902
3,2015,zero_tau1.00,3927.0628485657985,3927.0628485657985,175.32001961652756,-4603.18315832667,-959.4419227015884,-1231.0662945522654,-2412.674941072817,-2218.85527379971,0.2797611503758525,144.90067485738948,9.746716042868048e-4,0.016396686232539384,1054.9525335589797,2533.6951098582126,234.68153769444547,105.20620422614888,618.99944691705,1.3599462972282927,619.1818809030957,3282.352324229605
4,2015,aligned,3375.8563045518945,3328.377411210815,118.25327217678802,-4733.6726752734985,-1119.5110144571888,-1269.8891362179081,-2344.2725245984016,-2423.338906371877,0.29108611193762746,146.7428130143072,9.357129269135142e-4,0.015702192844494534,1173.8604050960976,2564.4241709752896,162.94299589439794,117.57492485406043,644.0570538566753,1.1245919750747304,644.5872609324272,3254.3795029480543
4,2015,baseline,3396.8994351908495,3352.1404707325323,121.40533899731783,-4689.635768122644,-1100.8641072526095,-1269.158460101515,-2319.6132007685187,-2404.8740763507512,0.28887953854365855,145.59294636541748,9.247260611089493e-4,0.015540321465423614,1173.334764931457,2602.9122894829343,163.4691833588881,116.76121942023289,639.1747901520345,1.1236669387628804,639.1747901520345,3288.795043573624
4,2015,defund_0.50,3417.724237562558,3330.8544492404567,123.07310810390491,-4663.762032122183,-1092.276969270814,-1273.3364847810637,-2298.1485780703056,-2403.259071744439,0.28625785786081226,144.18482482711102,9.145343298416926e-4,0.015406503119632545,1193.0662905214963,2649.596705063753,162.47704330968193,115.67123128401144,633.3740601704243,1.1234089529780973,633.228642076915,3329.6311591663384
4,2015,endog_tau0.50,3392.449063453935,3368.1213490037126,121.47179983141054,-4691.752821092417,-1096.8738597123515,-1271.0981082234669,-2323.7808531565993,-2402.7863912489443,0.28882237381380466,145.8519948548679,9.270874776792191e-4,0.015477986988050035,1163.193587068448,2583.149035330799,164.306060158532,116.9811783757582,639.048307485963,1.1238010621986345,639.1245857421403,3269.5985028557134
4,2015,flat_mandate,3348.386781304633,3306.360616537747,115.69862997977043,-4780.635346886634,-1132.5657411982054,-1265.3188776217255,-2382.750728066703,-2428.3390811672894,0.29583291424857255,149.08498334748268,9.530278868090258e-4,0.015991133168890417,1162.822506097342,2523.137234701713,161.80284874205026,119.39849672019791,654.5598273874251,1.1249302876362177,655.295754904677,3220.8373416282425
4,2015,scale_0.50,3375.8355352215267,3344.5480143312657,119.77080975538216,-4733.847220719598,-1100.0156004431283,-1262.418849146568,-2371.4127711299025,-2392.1768892655136,0.2958587529530739,149.1313248470466,9.478883578913901e-4,0.015924498812315713,1165.163799117339,2571.992262699117,162.13719178656754,119.52391117596929,654.6169980981327,1.1243623947953665,655.022151373174,3269.6276946828893
4,2015,uniform_low,3372.3733580869243,3340.7644129433625,119.23382247389671,-4743.326766755343,-1106.396891716677,-1260.888239252827,-2376.041635785839,-2396.957068925838,0.2953285133576768,148.97785438248408,9.505790771922297e-4,0.015918232207362482,1160.2322845495146,2558.6420865356895,162.3317251998722,119.32024945786617,653.4437901103784,1.1249435553390712,654.1861783975894,3255.8397406752847
4,2015,uniform_low_k0.75,3365.582657136606,3340.7644129433625,119.04348673878205,-4757.601700570708,-1102.0158018356146,-1257.605257083532,-2397.980641651561,-2387.053579558289,0.29815444803627966,150.44467180015022,9.60543374009065e-4,0.01606973398719171,1154.8062293012158,2548.1873274412096,161.83863019155592,120.45794386927001,659.6964524286768,1.125199137279105,660.5959947135843,3250.1640084770797
4,2015,uniform_low_k1.25,3378.3532909007627,3340.7644129433625,119.39623325736991,-4731.013789136834,-1110.1869262881903,-1263.7272617361186,-2357.0996011125253,-2405.521322749352,0.2928866459859787,147.71081953235563,9.419769233176745e-4,0.01578724926444246,1164.6160246649265,2567.666832594214,162.756115145921,118.33701212428304,648.0409150131919,1.124723988447759,648.6505364422582,3260.7364720581104
4,2015,zero_tau0.00,3269.8018274622,3269.8018274622,116.50485612020319,-5017.960249663175,-1012.9833184468549,-1197.451390297123,-2807.5255409191973,-2196.699557090375,0.3507521671680751,177.6828918642379,0.001146156961146728,0.018935162199239602,1082.6095905031063,2432.6253582732675,150.22552497964273,141.52399837357547,776.0741517909322,1.13010316893552,780.5194119473465,3221.8462968266813
4,2015,zero_tau0.50,3324.02998942903,3324.02998942903,119.73426722334675,-4840.032845686291,-1052.9974319908108,-1235.1839737318871,-2551.851439963593,-2299.6710725795347,0.3180039159934687,160.99602987687393,0.0010307212475720254,0.017070686296851423,1123.9750613761496,2509.5950975073956,157.66079766359184,128.70476628814393,703.6153799516394,1.1267406365703936,705.5400615241622,3244.0911904070053
4,2015,zero_tau1.00,3395.5872576277316,3395.5872576277316,123.01263510227183,-4679.657285386587,-1088.8206783808075,-1269.9263704088066,-2320.9102365969734,-2392.8048150793093,0.2881974856270319,145.8064784566931,9.267445673581466e-4,0.015377065698530422,1141.2855417139963,2551.8173780200605,166.52554736888595,116.95696733696934,637.6656800501032,1.123837759978643,637.7626187629537,3239.148576814931
5,2015,aligned,4444.785534097075,4335.361888897156,208.18101433626177,-4711.587318029601,-1048.4379459494207,-1281.9076374572924,-2381.241734622888,-2362.3112736097332,0.2759389396254731,150.27440800407257,9.626032281024706e-4,0.014946350435005671,1064.7577311406449,2573.2036229298183,196.82428424234197,106.1515104199027,610.542424427306,1.2982922932636822,610.6778391628195,3274.554235915077
5,2015,baseline,4429.4091244890315,4326.1632810750825,205.96767420600943,-4728.5268395166,-1057.0513067828185,-1276.511381878099,-2394.9641508556824,-2363.0825803430484,0.2785061438329893,151.55838641370244,9.687330792472883e-4,0.01507900283320186,1056.739678158238,2558.7541067655166,195.33160853478677,107.07693237283449,616.2226197740893,1.2980044034857388,616.2226197740893,3263.231402701558
5,2015,defund_0.50,4457.106114073839,4305.443206427881,207.7595605717922,-4706.141344220939,-1049.289731677001,-1278.917787424826,-2377.933825119111,-2359.691331801128,0.2767864824642671,150.50716967923853,9.605031633608061e-4,0.014997012264683307,1075.5413397091174,2599.0202609221597,194.4611908368152,106.35399454193755,612.4176974870112,1.297830057133036,612.3354382962096,3299.462895513247
5,2015,endog_tau0.50,4439.3997031597055,4383.398084030188,209.8274547769496,-4686.401910563668,-1034.1022877689063,-1281.654606513516,-2370.645016281246,-2347.6440579802884,0.2749632200439291,150.06842561771774,9.58303453146626e-4,0.014814568080228607,1050.8424335968268,2573.0157613921397,197.56725857430337,105.9269817721089,608.3835475406815,1.2980706965587108,608.4146195576977,3273.070657752032
5,2015,flat_mandate,4419.510255127485,4311.189231855544,203.85345529811642,-4759.567660532048,-1068.343601208675,-1280.4061724278042,-2410.817886895569,-2378.7987666078966,0.27924099339491537,151.93033744990004,9.757399138625694e-4,0.015162010357041945,1058.2633557395009,2538.0962154545805,194.95499811110466,107.37039712610056,617.8485477193682,1.2982022043772654,617.9427007077857,3243.62351714737
5,2015,scale_0.50,4411.162295855696,4338.272913680317,207.1954825899769,-4735.70981217666,-1041.2230011200336,-1272.9436604136365,-2421.5431506429904,-2340.6861553999966,0.28222088501990533,153.70035460608452,9.807126648582255e-4,0.015254555255959873,1058.4550816138185,2561.36268642209,194.7860307791895,108.47558307239217,624.4418551362965,1.2990374740137676,624.9388430319281,3272.6119771608155
5,2015,uniform_low,4410.410120055967,4341.545031946369,207.3091722398262,-4740.111664129648,-1041.6543346098476,-1271.3189723031824,-2427.138357216618,-2339.4657602205793,0.28166501549294837,153.50942564132976,9.839281851276229e-4,0.015243588258578128,1051.0661359092283,2554.806143787711,195.22934895185824,108.31143749356902,623.2119383687891,1.2991492079341658,623.7615942847794,3265.48564953078
5,2015,uniform_low_k0.75,4395.43413572133,4341.545031946369,206.93928419598492,-4753.839168846501,-1038.1382577534241,-1268.719826597946,-2446.9810844951303,-2331.319853030109,0.28409961549852636,154.88982648342673,9.93011264209495e-4,0.015369526443787038,1048.9918100119176,2546.3127216473804,194.73447450363258,109.23090372593,628.5987336936311,1.299527373940871,629.3362791880671,3261.15257161315
5,2015,uniform_low_k1.25,4423.8422847186575,4341.545031946369,207.63508853028912,-4727.948584381604,-1044.775705893515,-1273.6263283799663,-2409.5465501081226,-2346.69547234908,0.27950550320492473,152.28560720667295,9.758763222778306e-4,0.015131773688100366,1052.5724648724176,2562.334777540914,195.6670792906241,107.49558968077085,618.4338020546465,1.2988132419389893,618.819172888943,3269.32544003971
5,2015,zero_tau0.00,4114.553841566688,4114.553841566688,197.70866315334908,-5062.859337588869,-966.7143402738382,-1221.827294362162,-2874.317702952869,-2172.1532733786466,0.33612602414602033,184.09441193232118,0.0011872966172802393,0.01813044834901719,1014.4003587229645,2418.464902806537,180.52634895741176,128.6605386301469,743.7123516302654,1.3065328600121495,748.5988669933877,3218.929580127189
5,2015,zero_tau0.50,4250.752128943521,4250.752128943521,203.802299308997,-4867.736020949033,-1002.7054107135519,-1253.3641882161628,-2611.666422019319,-2264.909417214209,0.3039442605657293,166.35351324686573,0.0010681352974967549,0.016364409751570597,1031.7639646964449,2490.3506304499165,188.91574805959542,116.81584100296472,672.5069900914931,1.3021833923203092,674.6721593276034,3237.1226968341507
5,2015,zero_tau1.00,4446.062756751822,4446.062756751822,212.17564487477213,-4665.1899451065965,-1022.3230689021036,-1281.7898421566604,-2361.077034047832,-2335.938084703392,0.27334775733718053,149.54639327425207,9.549667013826157e-4,0.014667805109711309,1027.4717698245763,2545.4810134216395,200.90911903154503,105.49318453645677,604.809175185374,1.2982019728068968,604.9012332229667,3245.7981811396944
6,2015,aligned,4090.791661503672,3991.2117302749907,212.06952365434725,-4136.26029219147,-748.3966496131653,-1268.3977653961933,-2119.4658771821123,-2064.745073448026,0.25170904084998097,133.46730401709246,8.432558149074442e-4,0.01363809251255989,1026.6551755121602,2851.0399325995104,191.48851825010394,95.42122853446625,556.931356840774,1.192775572059609,557.1170735895308,3504.224295904679
6,2015,baseline,4092.456894034413,3998.7414629657,212.48322553998153,-4122.498338996199,-744.8678490189235,-1265.1223314337694,-2112.5081585435055,-2058.013916732226,0.25158471316058206,133.3328059951636,8.398697148630742e-4,0.013616522656045104,1023.383775799393,2860.5323929663723,189.26843067861392,95.33594469553837,556.6562694282759,1.192377956528259,556.6562694282759,3511.1211483777242
6,2015,defund_0.50,4085.2043462182273,3944.724662056481,209.67336478777344,-4155.469217138662,-758.8245868688948,-1265.0296739546257,-2131.6149563151416,-2070.868357602424,0.2540600154621476,134.4537914330967,8.479341967444586e-4,0.0137887874787605,1032.469268293369,2853.799286741711,187.74542365089923,96.19205911170128,562.1331226423949,1.1921361237059862,562.0191132892386,3507.3717645701477
6,2015,endog_tau0.50,4089.3753395889844,4043.160651977634,212.762210848519,-4117.479514333311,-742.2078265421951,-1267.9300007355307,-2107.3416870555857,-2058.628698013863,0.2504881100846942,133.0154590183558,8.380581500152525e-4,0.013506689596841651,1011.2534719748126,2840.1318314506766,191.1466852304628,95.09330426805911,554.2299257542161,1.1921980291342236,554.1462935923739,3490.3315060054547
6,2015,flat_mandate,4089.378709202477,3987.9938221679286,211.32701124542083,-4140.9038413755325,-752.781850604488,-1270.2816859208613,-2117.840304850183,-2072.363708621381,0.25128291180813656,133.1729545077787,8.42049916493793e-4,0.013631802120339107,1027.7826324944779,2852.1650952411437,189.42393368301012,95.23465933912854,555.9885038361213,1.1926621746016326,556.1210305911766,3502.475400176202
6,2015,scale_0.50,4056.832301237588,3989.325074969649,210.2211337413734,-4166.356956742836,-747.6548342113936,-1259.663728693104,-2159.038393838339,-2050.508438547136,0.2578557490638499,136.66578928001562,8.607466719177439e-4,0.013956687551117782,1015.3842338340744,2829.472164206946,188.5270865046277,97.67941280857859,570.5315618000177,1.193270098513524,570.9584358104049,3491.2782737134003
6,2015,uniform_low,4049.2724015741865,3986.8713123494026,209.11361893776007,-4185.960520967043,-754.8825691873566,-1257.266388043189,-2173.8115637364967,-2054.445609232651,0.2584830276854547,137.08900552510102,8.680540082778925e-4,0.014016869776399094,1011.3778347268267,2812.7048378897566,188.68113142135718,97.94742722727888,571.9194783113511,1.1937875564314462,572.5955874568152,3476.0341295406506
6,2015,uniform_low_k0.75,4035.756183962649,3986.8713123494026,208.67779581561894,-4200.237285483009,-752.2333846669661,-1254.6495231865977,-2193.3543776294455,-2047.1702708930336,0.2609604748125379,138.4450936572323,8.769414638779243e-4,0.014148576961295498,1008.4480699687826,2803.621293091382,188.2186259348014,98.8783307909132,577.40107716584,1.1942208576429194,578.2934897460032,3471.2550779812736
6,2015,uniform_low_k1.25,4061.347124828931,3986.8713123494026,209.49599431824763,-4173.384582314238,-757.2233261534759,-1259.5765017384458,-2156.5847544223166,-2060.868837685332,0.256297632947657,135.89325077794004,8.602206077891536e-4,0.013900628806983173,1013.5930227822078,2820.709944273391,189.08776354520515,97.12604455424957,567.0840744957219,1.1934042111019845,567.5721518053969,3480.2438150697435
6,2015,zero_tau0.00,3781.1417781995356,3781.1417781995356,198.21862306469131,-4520.292212594007,-696.2190735740442,-1207.0594327317235,-2617.013706288239,-1903.3851533801944,0.31392442352800737,167.21273439651722,0.0010682472154039317,0.017040949007462343,944.4841603614793,2658.9057722248126,173.55541019231208,118.55490668604108,694.5890960075311,1.2028832528444764,700.7086860516293,3414.6149617827127
6,2015,zero_tau0.50,3932.637956991944,3932.637956991944,205.55471118865677,-4306.12021810196,-723.7967718050671,-1238.4195587201082,-2343.903887576785,-1987.8576800276621,0.27987518675233486,148.98498059274488,9.452165907164714e-4,0.015118321386422487,981.4739514850005,2747.7257773744495,182.5209217067382,106.07521064747371,619.2517637733259,1.1972905149887938,621.8030609309681,3445.974549364682
6,2015,zero_tau1.00,4106.274826267837,4106.274826267837,215.19322802974364,-4087.8718972765746,-731.3904654499895,-1268.5669049712928,-2087.914526855292,-2049.0639314622963,0.247805051328695,131.87881108761397,8.302785972498658e-4,0.01330077330089915,987.3158567152084,2817.225274370466,194.60157529023428,94.24363266330674,548.2933906642718,1.1921448486976876,548.1862002536183,3465.769417251012
7,2015,aligned,3450.397212511178,3335.2850950662255,144.149635794911,-4868.620685487784,-1133.0545481965726,-1242.7680220020711,-2492.7981152891402,-2397.7881634699575,0.28407923754239583,151.07434747236468,0.0010172010320700126,0.015866663854493958,987.1904335099689,2433.258099380508,182.05110878607155,108.61436382146988,628.5536454333164,1.2193290906182124,628.6447279035966,3135.339572248706
7,2015,baseline,3433.7822422718045,3325.312591759411,142.60787266888187,-4886.24678058219,-1141.6030805067003,-1238.7055640816618,-2505.9381359938284,-2400.529242526163,0.28611961512617007,152.07720672290486,0.001023079696229668,0.01598101642314138,986.5180043571561,2419.8828473542926,179.89009734223637,109.3529502858481,633.0681843325217,1.219152425642387,633.0681843325217,3123.4881787432023
7,2015,defund_0.50,3464.613873414341,3315.952894176755,144.496183653945,-4863.3600852870295,-1135.498065810677,-1241.4310125472862,-2486.431006929067,-2399.437420071115,0.2841080636950232,150.88929405054682,0.0010136731525405515,0.01588031839019034,1005.7441908895819,2459.2987112026426,179.3368222908878,108.5203988720292,628.6174261709532,1.2188491740415874,628.4610640649792,3158.5761986864804
7,2015,endog_tau0.50,3450.974885706436,3389.2841089947747,145.72820728042194,-4845.789447694041,-1121.6128784386608,-1241.604373940798,-2482.572195314582,-2385.262066028817,0.28288723269281724,150.76909388297307,0.0010132129327479822,0.015718854849067466,983.4922499319938,2433.3569714219775,181.87924089447714,108.34500335674059,625.9162158201614,1.219015017237584,625.8456699663803,3132.7368789260945
7,2015,flat_mandate,3460.873943625744,3348.292340740894,146.31210092399547,-4844.651041889836,-1124.9949128700487,-1244.6708502494707,-2474.985278770316,-2393.747155160087,0.28201205480012975,149.97477881339782,0.001008832936760607,0.015744734698308588,992.1035078752631,2458.122275041367,181.2394232186589,107.82597208821602,623.979797447561,1.2190819838051445,623.9437442991525,3155.4794704709625
7,2015,scale_0.50,3411.9909985039094,3337.5624356711423,143.53134037373218,-4901.701630074695,-1126.736933837583,-1232.9756944444841,-2541.9890017926273,-2376.1663048075307,0.2906941210894048,154.62568983106297,0.0010395286761473892,0.016214489126781393,989.804935743778,2418.8087491106044,179.0020087624177,111.09527748925879,643.1897350101509,1.220223822108094,643.7549729528191,3130.470453336582
7,2015,uniform_low,3417.643783320505,3340.0088027120755,143.24605185447916,-4897.344967569492,-1129.8687411060146,-1231.415152268679,-2536.0610741947985,-2378.271321937343,0.28930161933895915,153.93645620997262,0.0010373511261561018,0.01614889813309286,980.4593896833574,2416.95526879058,179.70974704093476,110.59862864309187,640.108686007461,1.2202252631644908,640.671972928874,3126.7383601172965
7,2015,uniform_low_k0.75,3401.0754647592157,3340.0088027120755,142.99524704235745,-4914.029095124998,-1125.1743540297318,-1228.299509276703,-2560.5552318185637,-2368.080863784809,0.29223335898982505,155.5506823432223,0.0010485596008083377,0.01630604780520684,977.9491261632284,2407.0912373216406,179.16207140621373,111.71389505723802,646.5954523792491,1.220737719330003,647.4362362447761,3121.9756499153923
7,2015,uniform_low_k1.25,3432.243887354062,3340.0088027120755,143.46173008312098,-4882.844497533767,-1133.9576842775957,-1234.128950715614,-2514.7578625405577,-2387.1454304365193,0.2867503169653676,152.53238278019344,0.0010276039397898672,0.016012005362345885,982.1451712577907,2425.532353318001,180.18468252204758,109.6278515886034,634.4636750541902,1.219777467778516,634.7889555707287,3130.878139822174
7,2015,zero_tau0.00,3095.39175242527,3095.39175242527,135.4376858968207,-5279.042245389182,-1036.9060971967763,-1172.8660217129107,-3069.270126479496,-2178.1574048924585,0.3526881488463882,188.56106252660138,0.0012798242586918658,0.01962363804919925,917.1592738009887,2250.836112975343,162.80991602808075,134.45666969376887,780.3577043374789,1.230010085378857,787.3074985126945,3066.4968578223493
7,2015,zero_tau0.50,3246.4899277715044,3246.4899277715044,140.62241103951627,-5049.906493108701,-1078.2834219099323,-1209.1909930051434,-2762.4320781936267,-2283.8945434521465,0.31598462618401596,168.86062007988394,0.001140649289322685,0.017539482403242594,947.5255071309275,2339.7155628334576,172.54197363423305,120.8638976676626,699.1474998562893,1.2244311785771727,702.1747069873171,3093.568345787345
7,2015,zero_tau1.00,3458.9711306491768,3458.9711306491768,146.89129587054782,-4829.306928111931,-1112.6484580587169,-1240.1804616182876,-2476.478008434927,-2374.3200328218727,0.28171944784656017,150.4969957525421,0.0010115607855720006,0.015587171276801506,963.9764319499425,2406.154761333767,184.59097683042512,108.0973996543995,623.3323753799141,1.2190694127698074,623.2899322776705,3105.9382707874634
8,2015,aligned,4395.9099528147035,4303.799031624094,164.00617319843582,-4724.195150869603,-1033.527226789033,-1328.4364590274056,-2362.231465053165,-2403.271690891325,0.2749007882646444,148.01340684730883,9.528882894162403e-4,0.014296489610389835,1337.410807267339,3064.4354257026257,181.97567385250875,108.2742255986754,608.2454110024405,1.2007095427744285,608.4001308978673,3746.5370048543264
8,2015,baseline,4391.5791360588755,4305.169980101771,163.4537404501992,-4725.801530660715,-1033.6351138939142,-1324.7805334258353,-2367.3858833409654,-2398.1782903558415,0.2760930355471472,148.6324153420049,9.553685195362945e-4,0.014346406465012736,1333.5811540469174,3067.34797726749,181.2868112137566,108.71893795409673,610.8833770226191,1.2004041949523927,610.8833770226191,3750.799227549769
8,2015,defund_0.50,4405.4048533385785,4259.168647224754,161.85030651467594,-4744.198195454799,-1044.1287856191457,-1324.7938793073386,-2375.2755305283144,-2408.7407738917063,0.27705154632834184,148.9586817847757,9.584491146200155e-4,0.014436574981407258,1347.9562617638908,3074.829846945352,179.530794259902,108.97745355197178,613.0041777221672,1.200396911625785,613.0004583835837,3758.3836460368657
8,2015,endog_tau0.50,4370.884541263297,4328.580448021267,163.08271748662315,-4732.319338514615,-1030.9798305963927,-1326.7691770363538,-2374.5703308818684,-2397.1133474830885,0.2764637938947541,149.1489616163439,9.590705135682133e-4,0.014307965677294546,1319.867572781849,3038.628010484608,182.1975035779159,109.09348361826326,611.7037168439283,1.2002046925089551,611.602054098427,3723.3340845426874
8,2015,flat_mandate,4387.110723211609,4301.54658026007,163.90579375448516,-4735.647376737842,-1033.0909313486654,-1326.7395746976467,-2375.81687069153,-2399.824224228488,0.2765358066857611,148.8775997729071,9.59092773996506e-4,0.014387976426465922,1334.537889203576,3055.7145113738234,181.272637519086,108.89997641486411,611.863052326158,1.2008758927596836,612.1034833920925,3740.1906558701376
8,2015,scale_0.50,4354.361356326929,4292.995980103925,160.87560865360987,-4779.350313317116,-1038.327760115291,-1317.4765989012567,-2423.5459543005686,-2389.9409478719776,0.2832427400026679,152.4887999097936,9.80857448864989e-4,0.0147221827746949,1326.1083837538931,3027.4174353708363,179.92137856998283,111.46143311799236,626.702811199387,1.2015221437240247,627.2864659724249,3723.1638467952516
8,2015,uniform_low,4353.342472534233,4289.38788919157,160.54605490515485,-4784.159517550314,-1044.0966046843332,-1315.5760975520184,-2424.486815313963,-2393.944456423526,0.28241631249231947,152.09994100202746,9.818620898531564e-4,0.01469738496034059,1317.3627255678916,3014.9161789374775,180.28578530484765,111.17940087790396,624.8742579097847,1.2016127012923101,625.5033497652702,3709.5259131296916
8,2015,uniform_low_k0.75,4339.883180047177,4289.38788919157,160.2294652440981,-4799.491448244678,-1040.1162572687522,-1312.3724938074456,-2447.0026971684806,-2384.450999204373,0.2851624649939394,153.6345428597162,9.922189080681292e-4,0.01483524948265256,1312.2065952856674,3003.6842881986736,179.79798912425315,112.24517025878194,630.9503942045092,1.2020562526179372,631.818740416316,3703.0558474804607
8,2015,uniform_low_k1.25,4365.03534853719,4289.38788919157,160.81496979501372,-4771.041150117503,-1047.5108281364971,-1318.323709064055,-2405.2066129169507,-2402.085232615918,0.28006296967738187,150.78553646964696,9.729947039091822e-4,0.014579135236066881,1321.3961368198443,3024.5330889551083,180.70234043241143,110.26579372236922,619.6672522233429,1.2012314833790363,620.0943113325079,3715.063946997658
8,2015,zero_tau0.00,4100.159835922552,4100.159835922552,151.02373549763087,-5139.694785255794,-976.2118141000761,-1254.53677722171,-2908.9461939340085,-2218.079836261184,0.340778207001783,184.41219379933966,0.0012035979140775782,0.017720044336787893,1229.891090786674,2831.1327340570933,166.42371344009013,133.56730774067339,754.0057701796433,1.2102464333546923,760.1879416332443,3624.1770813897547
8,2015,zero_tau0.50,4221.076312023981,4221.076312023981,157.08459928612524,-4929.357259982912,-1004.9865817895883,-1292.203031626005,-2632.1676465673186,-2311.363351617154,0.3074147718307399,166.26006516953927,0.001077131959022068,0.015919229070897413,1273.3296000284104,2927.8657999931042,174.25728243869287,121.02683495100933,680.1858423934473,1.2050107984105676,682.79608523244,3663.892332713228
8,2015,zero_tau1.00,4382.164125757617,4382.164125757617,165.31985812406086,-4710.531210034592,-1020.061868262389,-1326.5731235968306,-2363.8962181753723,-2385.8821322719446,0.2750387916237538,148.718437544623,9.550976479369865e-4,0.01415909819760542,1298.298895709005,3012.9131766952496,184.94689429525724,108.77408035342731,608.5507571981028,1.1999151207254175,608.3028186350728,3697.3888092721522
9,2015,aligned,4739.613589894562,4551.360181656679,197.99884367800604,-4738.097048766063,-848.2821906212407,-1308.9547403972665,-2580.8601177475566,-2184.8287359721858,0.28863476198295235,154.74981477917677,0.0010542094399849282,0.016241336380474643,1233.6088375030722,2914.411211742124,216.17222906111635,112.37222590494281,638.6331975989161,1.3432400663617037,638.9136992981909,3657.1249141964886
9,2015,baseline,4725.556458119139,4544.9903603809125,195.8813033503403,-4750.017049748999,-858.656965736811,-1301.13732940494,-2590.222754607247,-2184.512057805261,0.29079270211535674,155.80317507803494,0.0010587103270590524,0.01634712402784524,1222.3231019862692,2900.3410069983065,215.90029702314217,113.15198928954491,643.4078553619538,1.342650344899224,643.4078553619538,3646.4971700938577
9,2015,defund_0.50,4754.637963601869,4528.922215905341,197.35698947218265,-4731.0246366188785,-851.8223403580865,-1303.8532019134052,-2575.349094347386,-2182.387933224567,0.2893087032094834,154.88033474591353,0.0010513335675861382,0.016283797234950086,1244.6158975663698,2942.45028414374,214.6050308911104,112.47337901204781,640.124359777499,1.3424291005701119,640.0188789387495,3684.6008149615523
9,2015,endog_tau0.50,4743.967272388915,4623.731000275843,199.7082381562337,-4704.372331523952,-833.4670425208491,-1305.855562209928,-2565.0497267931746,-2166.298538627315,0.28731787314926654,154.34694438205162,0.0010478748037466218,0.01607973104903809,1220.5795672264508,2915.0163508825185,217.9736545649917,112.04174262684226,635.7194497157392,1.3430214665709885,635.8951687820233,3656.8434316026915
9,2015,flat_mandate,4716.956040186941,4526.752620819537,193.3277298248145,-4789.431466652989,-872.5442072161385,-1306.2351607485832,-2610.652098688267,-2204.196295630792,0.29189241049826614,156.37702713455116,0.0010676220128396593,0.016456246228889384,1226.0145360100128,2876.830764136035,214.73906295556304,113.6039677952985,645.8410698375035,1.3431811871067931,646.0964153193364,3624.062274615636
9,2015,scale_0.50,4693.93800890881,4557.862259694535,197.33918869667414,-4754.099676372144,-846.2130140185877,-1295.2789878145554,-2612.607674539001,-2163.4621928318074,0.2939712260966855,157.58297937638454,0.001068878911211954,0.016500861099021324,1230.710301313131,2904.3861062309816,214.75854599548413,114.3482611926033,650.4406566776897,1.3433992132047594,650.8034424128352,3655.599833446697
9,2015,uniform_low,4689.343082764603,4560.211509937625,197.3356797267326,-4762.586066585593,-844.2749854432466,-1297.1493471060717,-2621.161734036274,-2163.884357085769,0.2934999372577084,157.46379242455575,0.0010732451327602555,0.016497244740670203,1227.1639277124884,2896.701609845615,214.99138434684363,114.24722008111036,649.3978831179116,1.3437390839484258,649.9244720667809,3647.370246178129
9,2015,uniform_low_k0.75,4662.633052923804,4560.211509937625,196.9181991400302,-4779.0729424435885,-841.1252357076877,-1294.091215177568,-2643.856491558332,-2155.470708887774,0.29614797682825456,158.93626846581517,0.0010836826556108348,0.016639230113121208,1226.3909939314935,2886.254155003147,214.41021461051002,115.26557992797687,655.2569347674362,1.3440248339946508,655.9277300455682,3641.3265197312485
9,2015,uniform_low_k1.25,4712.255177960874,4560.211509937625,197.68814791614696,-4748.591786134683,-846.9539039577058,-1299.7505668992735,-2601.8873152777037,-2171.0389989933406,0.29124932825783695,156.21294871783817,0.0010643817521958905,0.01637645914803696,1227.1194742676978,2905.5745660889265,215.48415765882297,113.38148458855323,644.4181862433624,1.3434964096242188,644.8242632965556,3652.501502455752
9,2015,zero_tau0.00,4210.770356495327,4210.770356495327,188.74149967227333,-5099.974625048101,-776.8414033823667,-1244.8138804375867,-3078.3193412281485,-2003.2926738843712,0.346281000350654,186.62544733856208,0.0012819570761185113,0.01938145801749126,1174.1063204671534,2747.50628622772,197.4896969138469,134.33194564596448,766.1812492798464,1.3487869132191486,769.6830720734822,3580.3471095690843
9,2015,zero_tau0.50,4391.639815817135,4391.639815817135,194.69688342350977,-4893.873204321643,-804.0050071937418,-1277.7985995744916,-2812.0695975534095,-2087.118373544843,0.31549388127300915,169.9230197476797,0.0011606799925955092,0.017632214967224665,1196.9421397897916,2824.5884856213484,207.78142952789977,122.83156106014192,698.061677796713,1.345911476099591,699.7571830530827,3609.295537142189
9,2015,zero_tau1.00,4723.907252403495,4723.907252403495,203.06120302088874,-4675.538204973547,-813.9065471424977,-1306.6885486354286,-2554.9431091956208,-2147.4831424510735,0.28581500921968195,153.89128832427136,0.0010442323869481903,0.015927623888692986,1196.3394354839245,2884.461405875871,221.47932910015913,111.68562917845242,632.3942133848383,1.343406734916165,632.7504764071455,3627.0055822047234
10,2015,aligned,3400.6093546300044,3277.1614682863237,174.832357669769,-4171.620496207053,-641.1400174885528,-1174.918380779367,-2355.5620979391338,-1837.6210561764312,0.2680826886002797,139.6362801969567,9.551194235996612e-4,0.01643286034391521,581.5316785568934,2636.5947875456877,252.9976601036792,99.38172692057837,593.1596854983914,1.3352702371183462,593.1646953925319,3383.3754161213205
10,2015,baseline,3397.7341486918417,3284.7859656576993,175.2095742365511,-4166.663804252652,-636.779443626532,-1176.9600185997922,-2352.9243420263274,-1835.938708037609,0.2680823905017578,139.61009650529147,9.534796634050843e-4,0.01642781620062381,582.39981443336,2650.778247046904,251.31344816709426,99.34191288559038,593.1590259256812,1.3352589593693687,593.1590259256812,3395.9088082540893
10,2015,defund_0.50,3377.0538120570623,3220.6132681160016,172.5226501855133,-4207.208408721908,-647.324893327091,-1176.9904566275488,-2382.8930587672685,-1844.8686054282484,0.2716674657561517,141.3303149289587,9.66347970005409e-4,0.016683878075655856,584.5283994951195,2634.370626132045,248.87517353708716,100.55236322094814,601.0913624800758,1.3357534982286379,601.3139882371482,3384.007424685332
10,2015,endog_tau0.50,3399.0281798275782,3334.7071227810006,174.7821114137528,-4166.555470287857,-637.5415871300057,-1178.8266885337828,-2350.187194624069,-1838.7364576765967,0.2673860296627647,139.41843230274816,9.527071574422097e-4,0.016350535475697564,571.6357581391092,2624.863421840637,253.47173550950447,99.23968574275872,591.6182581185275,1.334760365840629,591.3973443902112,3370.492815997594
10,2015,flat_mandate,3396.5159683488682,3274.637816666739,174.04078549519966,-4182.684438602759,-641.9346849279362,-1179.0458827021846,-2361.7038709726376,-1843.252285182271,0.2686217923381622,139.87986936395924,9.573730744394019e-4,0.016478616868834336,580.9995818085883,2634.4835609737183,251.50108043636087,99.5560243551113,594.3525062854517,1.3354146062129753,594.4217880460749,3380.8504051010427
10,2015,scale_0.50,3351.0326549679967,3274.1632172809077,173.00362073386916,-4222.172498999319,-640.2580421879586,-1170.5031954149606,-2411.4112613964003,-1827.5635899637202,0.2751000521194364,143.29047382324438,9.798881605561928e-4,0.0168598989553131,580.0844275896766,2613.8908176600867,249.8334786720689,101.89093387570057,608.6863021545574,1.3365218023489642,609.2619771710463,3371.0953396275013
10,2015,uniform_low,3352.357809462682,3272.3273004120747,172.1805881625058,-4228.992080517012,-646.8406064685983,-1167.651415214646,-2414.5000588337684,-1830.8433819473778,0.2749343808010438,143.23989862377582,9.81781234872766e-4,0.01686014039433134,573.4729144969392,2602.6581826507495,250.17662725946957,101.86398572664439,608.3197378395437,1.3365259671994278,608.8969636020926,3359.867787785667
10,2015,uniform_low_k0.75,3335.246978659958,3272.3273004120747,171.83481773456117,-4245.098360719889,-644.4416772449993,-1165.2309275932782,-2435.4257558816116,-1824.0876694356577,0.27742246946667487,144.56743614242555,9.912616910430633e-4,0.017009391419116057,573.4446658324963,2594.1581841941033,249.56768118747544,102.7692413271748,613.8248821593932,1.3369979851839304,614.6243205815848,3355.580944635989
10,2015,uniform_low_k1.25,3367.4858985020564,3272.3273004120747,172.48122277847713,-4214.915050883135,-648.9418041903941,-1169.770802422484,-2396.2024442702577,-1836.7581757377418,0.27275746621358676,142.0787345081703,9.734922246274439e-4,0.016729488623021645,573.123885459057,2610.089879997005,250.7078895261085,101.07173265231073,603.5030972023028,1.3361104728439397,603.8879596408636,3363.6139965116663
10,2015,zero_tau0.00,3011.745756015956,3011.745756015956,162.77411952042684,-4606.971526471544,-592.5873664047732,-1123.55858957669,-2890.8255704900803,-1692.1613811485422,0.33104662248006594,172.94278501934798,0.001195955818695136,0.020284937479809688,565.1648136918485,2456.2416283586745,230.70059341733398,122.0673408118054,732.4736688550794,1.3463474653458778,738.5564130282179,3303.4312939924207
10,2015,zero_tau0.50,3192.5568863417748,3192.5568863417748,170.46831926351072,-4351.128126949354,-608.743754361604,-1155.540553424047,-2586.8438191637024,-1766.5169416236308,0.29518761072783617,154.18603274466741,0.0010592251621461201,0.018044382969122353,568.778838150298,2555.979618203568,242.97367443057888,109.30053359693706,653.132028989067,1.3401347722883834,655.5169967606154,3345.169755797825
10,2015,zero_tau1.00,3412.7166876083174,3412.7166876083174,176.59857158425544,-4138.146621019124,-630.8169926150144,-1179.6347699515873,-2327.694858452522,-1833.985163725345,0.2645136041219212,138.11155259176172,9.432940856682159e-4,0.016130543507279556,557.5186239183865,2609.3042190399783,257.4692243953368,98.3435926572186,585.2627301308002,1.334030759516605,584.7243929086974,3353.1542436867935
11,2015,aligned,2884.790346857627,2795.914616251324,134.07689936737543,-4664.422165699614,-787.2008964730322,-1136.7029727461545,-2740.5182964804276,-1921.724477746804,0.3019788789903948,153.97461379900253,0.0011307535850989053,0.019501678384194563,554.8808418107624,2305.939998071228,234.79545914057337,109.11385791230515,668.1583873406158,1.2849538489799097,668.2271077346421,3099.848707034138
11,2015,baseline,2880.3175429766166,2798.8879768496563,133.83257513889484,-4664.797592866059,-783.6815833401647,-1137.5660721695135,-2743.54993735638,-1919.0376541618248,0.3029631233897808,154.37666938140032,0.001131519848598367,0.019556761243740475,556.3125096448222,2309.102190709884,232.1220780629219,109.43015426830786,670.3361262369303,1.2848217044832475,670.3361262369303,3102.130240741428
11,2015,defund_0.50,2874.9952803693527,2757.656566544733,132.5582453927737,-4681.858578927141,-787.5123823709678,-1138.0233625389633,-2756.3228340172095,-1922.939754429281,0.3046885174585355,155.12175163106005,0.001136643375992625,0.019691216626959652,561.6974723895403,2313.0161694607714,230.11108862013958,109.95729658790862,674.1537326945755,1.2849529346394775,674.2225899526338,3107.392551445636
11,2015,endog_tau0.50,2872.218598885003,2827.0036007981366,133.996925654897,-4660.24704143943,-782.2402787385953,-1139.4902401649363,-2738.5165225358983,-1920.0138491552289,0.30164352533154304,153.94257284719868,0.0011299296444357207,0.019440060945513222,546.7411888961203,2291.5742926146568,234.32488215614512,109.1171083864349,667.4163839242303,1.2846711854483623,667.338194966475,3084.120261350842
11,2015,flat_mandate,2876.075282393884,2789.4291465386696,132.8221313973031,-4680.589627200991,-789.739097752666,-1140.962696225512,-2749.8878332228137,-1929.3138285274258,0.30282576376267284,154.3679141960454,0.0011343310223902786,0.019569628846480714,557.5578909690137,2301.46031324766,232.30333166883446,109.3972972178191,670.0322043625229,1.2850664999900554,670.1598647783395,3094.5262124770147
11,2015,scale_0.50,2847.788293027192,2790.657210696065,132.07701644120306,-4719.869891807685,-783.8943184252322,-1131.0652048409684,-2804.910368541485,-1907.4261978739726,0.3100649589062523,158.01572012345721,0.0011592202987109914,0.020015779200741452,551.4613923298525,2277.851178996353,230.9983307615423,111.94020945830457,686.049645611889,1.2859527857956259,686.6536032900693,3083.56290358966
11,2015,uniform_low,2844.3745145462262,2788.8851554813405,131.5951116614561,-4727.841539335847,-789.7418969705739,-1128.3219614665122,-2809.777680898761,-1910.1616648405563,0.30974929327271933,157.96301852436653,0.0011620685506488163,0.02000898739102825,544.3080237402982,2266.9916185822576,231.3597694026114,111.85947139198801,685.3512039150877,1.2861319385948868,686.0501106370781,3072.542027229959
11,2015,uniform_low_k0.75,2832.4472941029985,2788.8851554813405,131.35098351005428,-4745.605427404554,-786.4314875559176,-1125.6165413378649,-2833.557398510771,-1902.0691544117547,0.3124805882761782,159.37694489227798,0.0011728404309821199,0.02018201200127756,543.2905623620901,2258.3264862533006,230.71239061239538,112.8281470094145,691.3944665133324,1.286566609060417,692.333442999361,3068.5441728556425
11,2015,uniform_low_k1.25,2854.949536873992,2788.8851554813405,131.80695960564958,-4712.295986849619,-792.6446415531663,-1130.6937499324183,-2788.9575953640347,-1917.2556290043574,0.3073567058171161,156.72465387692017,0.0011526380853736236,0.019857349635407816,544.868856047347,2274.5771663242704,231.92508085427036,111.01073685053885,680.0573655471464,1.2857496372768813,680.5485212684745,3076.040031596476
11,2015,zero_tau0.00,2610.4709678665167,2610.4709678665167,124.56946118239728,-5134.188534327553,-717.4983575293278,-1076.7533884556995,-3339.9367883425252,-1743.0145257641673,0.37043041628425755,189.14123093672006,0.0014007797319755709,0.023899329009664138,521.688155789599,2117.053172795335,211.86318768224737,133.1874834993652,819.6142405518208,1.2950409065532174,826.1332801309293,3021.862157109146
11,2015,zero_tau0.50,2714.5973364290708,2714.5973364290708,129.15059604980715,-4887.416345379668,-754.0996155005458,-1109.8048110147322,-3023.5119188643903,-1838.7834132921273,0.3338904485865576,170.57595609034533,0.0012585619553160685,0.021517963276426424,533.7372605521432,2201.238104876874,223.04095287157125,120.50220651336454,738.7659177419662,1.2897009725906032,741.5714719824197,3045.3483232175004
11,2015,zero_tau1.00,2888.491748676601,2888.491748676601,136.49646151943193,-4627.780381252733,-773.2695943325864,-1139.8483094910912,-2714.662477429055,-1912.3978553972045,0.2984318659899659,152.54629402453418,0.0011201994194946457,0.019192744757270657,529.0366669390639,2276.4677352584968,238.8207343902654,108.13426025779424,660.3102673192216,1.2843344400817234,660.0598468242199,3067.214056215188
12,2015,aligned,4444.594139924717,4257.037134444425,202.34315705441077,-4727.058419305619,-915.37492437423,-1258.2945451216856,-2553.3889498097037,-2196.457043067278,0.28684086317246055,153.66853063922164,0.001042988290002604,0.016383014061125398,923.4658664254061,2558.489453494305,215.49634729680164,108.59909723587728,634.6640175679225,1.3647179982434896,634.8159134747673,3300.2026170299964
12,2015,baseline,4440.8182692816035,4260.497121126426,202.1034837108378,-4717.500043278266,-919.5525469942248,-1253.4094049130442,-2544.538091370997,-2196.393029936063,0.2864433448546536,153.36994815695428,0.0010385591486862461,0.01635196347129102,928.816997886835,2566.602160977441,211.0786041041441,108.39850556744179,633.784468643666,1.3643914546368623,633.784468643666,3303.06672815781
12,2015,defund_0.50,4446.827799514672,4230.365925164457,200.90016751199724,-4731.5957619298615,-924.7806571435672,-1253.797843264789,-2553.0172615215056,-2201.793488551075,0.28763306240568326,153.8364602438367,0.0010418914664161649,0.016450678961987715,938.4830393967916,2572.897861092673,209.7779570737581,108.74992491542268,636.4168373806599,1.364166851572059,636.3120718665676,3310.237965117576
12,2015,endog_tau0.50,4457.743571123554,4349.993452578098,202.0714436003133,-4717.474705179344,-917.2267292672166,-1254.8439396053918,-2545.404036306735,-2195.297154095492,0.2859318977379094,153.37425186607805,0.0010396436988411998,0.016279065039124067,920.2417659607281,2544.242241968008,213.30403548582984,108.3812409451985,632.6528408891808,1.3647331284827906,632.8112711758477,3281.976307684487
12,2015,flat_mandate,4451.290479611245,4251.427956736403,201.02917557615328,-4734.846930797617,-926.4967896174038,-1257.7646133956687,-2550.585527784544,-2208.7869467319065,0.2862789898989956,153.2652626369275,0.0010410959918471714,0.016373316863992647,933.4227475032046,2557.9897322152174,210.94721458176213,108.36048519626067,633.4208169124884,1.3645623726435048,633.5001658581481,3294.0766274588673
12,2015,scale_0.50,4378.759845491426,4251.024179658105,199.85306158094727,-4766.169979398792,-922.714536676394,-1246.6705393949562,-2596.784903327441,-2187.656565338853,0.292772893528853,156.80696189179065,0.001062377385480914,0.016708749202483282,927.0383359447733,2535.0617414232747,210.13660001951354,110.74667639465167,647.789226356809,1.3649960786601605,648.0762912801181,3282.5279563282543
12,2015,uniform_low,4378.008272907861,4248.836079778537,198.90082416413279,-4780.379068577522,-930.1605171670564,-1243.5184607830201,-2606.7000906274457,-2191.2693240473614,0.2929245410615957,156.95343265234357,0.001067531810080271,0.01673914440577912,918.5935653976588,2520.5952049763637,210.38323989090284,110.84822404886876,648.1247616474236,1.365070368210048,648.4472649116481,3268.577485730046
12,2015,uniform_low_k0.75,4350.412457714182,4248.836079778537,198.53062270033803,-4795.683587180314,-926.8500707684915,-1240.8677343734919,-2627.965782038331,-2183.262272194062,0.29540289847867857,158.33774346420083,0.0010772912193607413,0.016873888221943183,917.9861361034782,2511.9438426200195,209.8592154890447,111.77293251441027,653.6083746093235,1.3652962147707268,654.0417977288372,3264.0719233234913
12,2015,uniform_low_k1.25,4402.414823008966,4248.836079778537,199.22339851026626,-4766.970195487523,-933.0659025280943,-1245.8449465321908,-2588.0593464272383,-2198.2952592342926,0.29075085520299154,155.73991016571117,0.0010589780523078116,0.01662085395854175,918.7135362590852,2528.17823119059,210.84187263361963,110.03700011824837,643.315264894784,1.3648724558412701,643.5420586174922,3272.5251623234535
12,2015,zero_tau0.00,3841.697628133911,3841.697628133911,189.379474149959,-5130.778898866147,-855.1578365708403,-1201.3437170859502,-3074.277345209357,-2033.6960669434038,0.3468412830667923,186.81536924636598,0.0012800878943997338,0.019732026668015143,894.1922389123471,2381.1580070799105,193.8294696980949,130.7683928080331,767.4209306685625,1.3691036200924227,770.0713536003984,3214.29043757037
12,2015,zero_tau0.50,4106.6568449747565,4106.6568449747565,195.77605046385156,-4918.201286058666,-888.2175106090082,-1230.4799050988993,-2799.503870350758,-2120.035304876584,0.3149260864811375,169.4129826814703,0.001155314773506484,0.017906038611225687,905.577292725347,2456.5549286194073,203.51632524760868,119.14911608170465,696.8053751912271,1.3669085370127856,698.0908688253171,3239.0130066106285
12,2015,zero_tau1.00,4451.262463383792,4451.262463383792,204.68901360866087,-4687.388619956127,-903.2816085962863,-1255.2530143702045,-2528.853996989636,-2182.1570337453936,0.28366325782486784,152.45582449070417,0.0010331088763692645,0.016092391665942063,898.3574556091645,2524.0327504718684,217.5098804399222,107.71186593858891,627.6332488209468,1.3650717199425513,627.9461774327604,3261.7769424059625
13,2015,aligned,2452.342766765739,2373.7583304235472,152.08862345558683,-4054.0698428437427,-355.8373834549368,-1089.1952602879312,-2609.0371991008747,-1446.6766076449312,0.28212157844097485,147.2566174466863,0.001076909710192861,0.018383669635043696,703.4456383229347,3660.116231398718,220.26731468188493,105.26565426759902,624.2221294261662,1.2792969130697631,624.069368235007,4399.187260048011
13,2015,baseline,2444.4223974248093,2373.4174323022175,148.83373849064336,-4096.028039601898,-369.13161399377515,-1096.1820672440615,-2630.714358364061,-1467.7121130625658,0.2841605443459952,148.24734357419123,0.0010856487767493459,0.018545312808766905,730.7302639552449,3662.3774637762417,216.95675918731786,106.08063712888844,628.7335448453362,1.2796100624250015,628.7335448453362,4401.987130680008
13,2015,defund_0.50,2435.942260418808,2338.5775995282875,147.9833551049007,-4126.000673754466,-368.6853873083032,-1094.173074227842,-2663.1422122183217,-1463.0200057767772,0.2877062783215916,149.9956214261296,0.001100023798372001,0.01881222157751631,738.2888419460551,3655.818444708764,214.79915578919397,107.31059755531984,636.5788348967264,1.2801571796987223,636.8510141229486,4400.158017065587
13,2015,endog_tau0.50,2452.0704217649704,2404.1350282442572,148.94327295405057,-4078.9803092228763,-368.5789177692902,-1101.0400252790932,-2609.3613661744926,-1473.6829341684142,0.28166694327606434,147.07732104754695,0.001076239268406201,0.018351164106728324,712.5976105306004,3642.3047162314588,220.51267186957057,105.21628863476482,623.2162037811988,1.2785462379570034,622.6980829364949,4380.2991824027595
13,2015,flat_mandate,2440.2047183413115,2367.893123012581,147.97761902916056,-4109.956316366066,-372.49618683479986,-1097.429467868539,-2640.030661662727,-1471.9411520444835,0.2850620127099137,148.70758807068896,0.0010897471140782428,0.0186136945854624,732.8635107520515,3647.730993349731,217.2651768693041,106.40183781367494,630.72813350759,1.2797490963922369,630.7966642555292,4389.390996660889
13,2015,scale_0.50,2410.675118559786,2361.909028607461,146.04236867614588,-4164.554177403603,-375.58078083653936,-1096.1736289111648,-2692.799767655899,-1469.5971601296233,0.29107130671684,151.85598064772412,0.0011133818216856122,0.019008691764128702,724.6659681132672,3616.285764728361,217.37727277973158,108.62623066336016,644.0242958290985,1.2806500330635902,644.5477102487465,4369.584517093479
13,2015,uniform_low,2422.126994218395,2359.643603323454,147.92414705928928,-4123.473303822627,-370.7806332124486,-1093.0970230541882,-2659.5956475559897,-1463.5718908094802,0.28733477900520815,149.93590500835674,0.0010989053782779219,0.0187515783484587,690.5380176391479,3616.947230591651,217.80148979465355,107.24332796513812,635.7568556080994,1.2799846234223389,635.9429511452424,4363.44834356641
13,2015,uniform_low_k0.75,2409.1281153101345,2359.643603323454,147.57632609379507,-4141.5925914238105,-369.462481550128,-1091.0963276014734,-2681.03378227221,-1458.4542823469912,0.2897000645277761,151.19638972298915,0.0011086292675939941,0.018905230721568238,686.0400786761254,3605.2909883734264,217.2707718433316,108.12152552031378,640.990285726268,1.2805522500307065,641.4622522419455,4355.902486938389
13,2015,uniform_low_k1.25,2433.3302980099893,2359.643603323454,148.21995649654951,-4108.018705979782,-371.9066624270183,-1094.805341966277,-2641.3067015864867,-1467.9417290129943,0.28531565287270044,148.86010794805605,0.00109061066979888,0.018620377986547764,694.124792697215,3626.8929413893957,218.25343142767753,106.49359687008425,631.2893376643146,1.2794965636793658,631.2333436157664,4369.886119562756
13,2015,zero_tau0.00,2159.998233779819,2159.998233779819,136.62756636577646,-4571.122320611971,-346.4819913515584,-1066.9239959758781,-3157.716333284535,-1375.6920057708003,0.34155363176054815,178.63051258565469,0.0013230342578696085,0.022341197955943755,650.1606137398139,3414.0059942964763,204.89127711640896,127.244935052281,755.7214747946571,1.29123551285137,762.5873183819742,4254.239654742579
13,2015,zero_tau0.50,2256.900360150233,2256.900360150233,142.6610988718701,-4308.148758930026,-360.0781670813128,-1087.5220347846948,-2860.5485570640185,-1432.8739399013962,0.3090863037632295,161.5871231701426,0.0011891608488078294,0.02016451008312015,675.16181945144,3526.7918152049074,213.3611734495242,115.37759207000447,683.8842735027173,1.2844500259793619,686.4709794503718,4311.246376034799
13,2015,zero_tau1.00,2467.9937162567653,2467.9937162567653,150.36974884734462,-4045.722125909791,-363.7735171145675,-1106.2530387774948,-2575.6955700177286,-1476.5460854936975,0.27786731381694885,145.21557456595147,0.0010613272479671207,0.018070526117866352,688.4095679549455,3624.1459038155244,224.94308514106257,103.8905789001806,614.8091446504998,1.2771212442472162,613.6133521039993,4358.811762160405
14,2015,aligned,3378.8704589163217,3289.92456159697,147.47663797174405,-4526.282744893189,-753.4073982793499,-1142.6484787336638,-2630.2268678801765,-1894.507700627502,0.29322596625347624,151.21925915101536,0.0010812945657297044,0.01887651530333266,358.59786095440086,2235.99594500926,279.7429070046375,105.04987889254718,648.7916949468122,1.3560545301623703,648.8225938444203,3059.5115669657707
14,2015,baseline,3368.3221079004406,3283.380241513296,145.8302120516609,-4538.062546724674,-760.6787879905721,-1141.4031385652393,-2635.980620168863,-1900.1873168469049,0.29469808127210256,151.84347072254405,0.00108317570869705,0.018965282640091383,351.9186463905123,2228.2115465163442,276.5155668481517,105.52338328610807,652.048896245505,1.355989950737307,652.048896245505,3051.252626323893
14,2015,defund_0.50,3335.5244562030352,3169.4378021523466,145.29729849592673,-4544.677510516759,-761.1938045653096,-1143.3783296699544,-2640.105376281495,-1903.3022604084783,0.29548535214492605,152.12407873851726,0.0010842249620700419,0.019033415024260314,363.17715862916464,2244.898397895049,273.36023151548704,105.71989068656737,653.7908115693338,1.3560554093134047,653.822372434197,3066.361111158166
14,2015,endog_tau0.50,3363.790224230576,3311.445657744366,146.59433423176827,-4522.6859260372585,-756.1610373297576,-1144.8698187396035,-2621.6550699678974,-1900.6754931568535,0.2922999159033138,150.82674377657636,0.0010772696022226648,0.018782051733006153,348.4165755715789,2221.689484954423,278.41323016751164,104.82052040582627,646.7427161883328,1.355420057140136,646.4709040463828,3041.753098762491
14,2015,flat_mandate,3378.6923259626897,3288.00353759592,146.95249169973664,-4525.018273336778,-755.4658335222382,-1146.3836117342232,-2623.1688280803164,-1902.2322807895248,0.2922271529804451,150.64841350358253,0.0010775612627753218,0.018825114601901508,352.720319131276,2237.1761754812637,277.54895062740707,104.68321486131998,646.5817209645453,1.3559567827212826,646.5659053363613,3056.607816583712
14,2015,scale_0.50,3340.912294889499,3283.2922636920507,145.05356968484,-4578.312006866429,-756.7115680474726,-1136.298558526485,-2685.301880292472,-1886.968628775907,0.3003351098942554,154.8254584971559,0.0011054196904137356,0.01932400796026731,357.505464571203,2211.89448869705,274.55211903485787,107.49307163874059,664.5213842756705,1.3573230918622512,665.1747082809856,3044.1282443741525
14,2015,uniform_low,3333.1120041380536,3280.708600528235,144.18106017089607,-4596.384847815612,-761.1478758750116,-1133.6492689802076,-2701.587702960393,-1887.6473572945176,0.3011727918295472,155.35557754807132,0.0011134148815224443,0.019398989911079016,353.14926475988466,2197.3619779848464,274.7182674381887,107.81830328227869,666.3748391029094,1.3577062635898882,667.2182876110396,3031.4802297517963
14,2015,uniform_low_k0.75,3321.574828023115,3280.708600528235,143.92760407213808,-4611.792749411407,-758.4346684584973,-1131.3227558929848,-2722.0353250599255,-1880.7925060285324,0.30353467714777593,156.60571347524436,0.0011226742137097623,0.019547063995623483,353.51011081990157,2190.1616506368932,274.0414472040285,108.64553231047927,671.6007459298612,1.3581746249712037,672.6827811206832,3028.2403466511255
14,2015,uniform_low_k1.25,3343.5715786525384,3280.708600528235,144.40672552111374,-4582.572553868432,-763.5839092278268,-1135.7384168099463,-2683.250227830659,-1893.8011872103586,0.29905373547633707,154.23426920947023,0.0011051116948058027,0.019266070790457727,352.5494529476939,2203.818782087637,275.32399078877245,107.07600206397501,661.6862155793756,1.3572832973582962,662.3173335538188,3034.384104366253
14,2015,zero_tau0.00,3089.422290024114,3089.422290024114,136.58874570374778,-4976.463387318276,-700.6953331994634,-1085.3657959999466,-3190.402258118866,-1738.3351708125504,0.3572899638080203,184.83345753740844,0.001333502467872993,0.02296587192359687,357.1551566080142,2066.9329845747757,252.71161710729282,127.31482192559643,790.5396788976991,1.3678556336920527,797.4573505130721,2989.7871302695444
14,2015,zero_tau0.50,3184.486116982207,3184.486116982207,141.96273484190615,-4734.531474620082,-729.4856925005961,-1117.6932138836212,-2887.3525682358654,-1824.863187131156,0.3223395664997385,166.6632677608744,0.0011971800194507162,0.020704175273681905,351.0827781968815,2143.5394155139966,265.88443991694123,115.30436423746056,713.2084391087134,1.3614315601202551,716.0705559939761,3010.1900471874533
14,2015,zero_tau1.00,3358.2513079187283,3358.2513079187283,145.57207372032155,-4538.904979361598,-763.6618854664383,-1143.13041846966,-2632.112675425499,-1905.093426736026,0.29270510032875435,151.23006146679336,0.0010829308277408396,0.018792568935866946,331.4023592087788,2173.480088026586,281.7062231441432,105.09861665338995,647.6392271403008,1.3552787105454593,647.2995291595681,2997.3872236769075
15,2015,aligned,3075.489710108763,2929.320720102115,134.36585973999286,-4202.893907607755,-889.8266170175788,-990.8319114881218,-2322.2353791020546,-1868.4549623055466,0.2664703234938648,137.15479761379325,9.551404822021999e-4,0.016821625521045994,319.2496471350005,1929.1221943955604,230.4229693428532,93.31853856941696,589.5921668927583,1.2305766584413265,589.6490376546076,2655.875662823604
15,2015,baseline,3051.323620850841,2910.5306055067845,129.64555931567764,-4233.341427152352,-908.9417771654258,-989.3227221316965,-2335.0769278552293,-1886.2643006194157,0.2682755700764822,137.92905890288796,9.599830263388752e-4,0.01695089349714401,324.516501930651,1909.0473347580134,223.3669456801951,93.8979587974317,593.5864550013389,1.2304579711754946,593.5864550013389,2632.1027766421157
15,2015,defund_0.50,3041.437745630087,2880.049435246213,126.80181881921841,-4267.594750647464,-922.1131033751262,-989.0751111813979,-2356.4065360909394,-1898.153551125104,0.27088479827799594,139.13833652702195,9.69000412735047e-4,0.017144905923824862,335.2273551751864,1903.838208680465,221.75516076029976,94.73963053223241,599.3596326260647,1.2307771058296868,599.5150840381208,2630.3688229466534
15,2015,endog_tau0.50,3053.174595752143,2977.7373156489307,128.65509434533703,-4242.856848675177,-914.8589858601047,-987.8170376852614,-2340.1808251298116,-1889.7943525145506,0.26813125358393686,138.06351242576196,9.632078928674849e-4,0.016916155915330893,322.28618952472647,1879.127759725189,225.0913293171391,93.94620076647257,593.2671403683153,1.2303332995717498,593.2070297691956,2603.4799180450514
15,2015,flat_mandate,3066.4905411465647,2915.8800780753936,131.050080804346,-4228.719462070158,-907.639515379918,-994.3367356325375,-2326.743211057703,-1892.125897475661,0.26644687474809003,137.05709236056006,9.561609463193115e-4,0.016849333019372373,329.8295910456957,1922.08706870773,225.02681547972196,93.27769678730053,589.5402842040936,1.230530638237107,589.5751006392412,2643.4112880393923
15,2015,scale_0.50,3005.434688831546,2905.37247284137,127.8490943329442,-4277.877769787309,-907.7346123079072,-983.9131854739584,-2386.2299720054443,-1875.1161283625502,0.2743065814531071,141.0793477058764,9.830216927102704e-4,0.017334837952566406,330.20877443074545,1887.3329508548522,221.66486333212072,95.98144664811201,606.9306691692667,1.2318601320503462,607.6222933108404,2620.6386608497014
15,2015,uniform_low,3011.753594058902,2905.1385504783498,128.24263031195898,-4284.156976882857,-912.839644987871,-984.1833344348515,-2387.133997460134,-1880.9209639672968,0.27353268738480874,140.74443675093477,9.838336762740647e-4,0.017305797781469387,322.59330687871295,1878.763530334963,223.35534992478475,95.72018167796851,605.2183513595726,1.2320333966675405,605.9932469198615,2612.3919455016407
15,2015,uniform_low_k0.75,2989.597969379299,2905.1385504783498,127.9938688144185,-4302.920893936616,-908.8358974723396,-982.1460598405769,-2411.9389366236996,-1872.8012018463917,0.27644735362357015,142.27521566414163,9.949614409838045e-4,0.017489007049293324,325.597472608171,1871.4567556576828,222.69330555367472,96.72982012346986,611.6673411042789,1.2326727925188614,612.7683408245895,2610.1885819124773
15,2015,uniform_low_k1.25,3030.8322366194852,2905.1385504783498,128.45217117654053,-4268.20205716634,-916.253140904658,-985.9192680179883,-2366.0296482436934,-1887.8402483286106,0.27105124680177345,139.44150360299375,9.743669674619252e-4,0.017149768943287267,319.24920237563543,1884.9776933192147,223.9168599813592,94.86047474707848,599.7279165855064,1.2314851769194857,600.2285789203279,2614.2626574738233
15,2015,zero_tau0.00,2579.8558684199065,2579.8558684199065,121.95338376352635,-4692.523348769639,-824.5602617810747,-944.3757655460523,-2923.587321442512,-1710.0517426753756,0.3362845911391329,173.5111268709205,0.0012234980855829589,0.02129613428746154,318.0122492891578,1755.202736124429,200.76461572055632,117.3069511341292,744.0631969170543,1.244779079329452,752.7232322584066,2591.383632969263
15,2015,zero_tau0.50,2802.9024184726595,2802.9024184726595,125.58856210878639,-4448.993644451925,-872.389612579154,-967.1585743717973,-2609.445457500974,-1805.253488543755,0.29935882010384873,154.429042949037,0.0010836752591537502,0.01890450950444144,320.85250009090345,1816.1872428794884,213.40723347078125,104.72056925830496,662.3612457450683,1.237297650444434,666.0430768902179,2590.9169839821825
15,2015,zero_tau1.00,3075.3126231637602,3075.3126231637602,130.94669860797782,-4220.7545574158885,-908.1638781894393,-985.0311119074969,-2327.5595673189523,-1879.8218813294952,0.26617259751570654,137.2741853981079,9.588422649095123e-4,0.01675582006674194,310.63094645821144,1850.4476796333925,230.42645855815482,93.36837646178662,588.9334184726679,1.2300006188149706,588.7145161652021,2576.2202778949627
16,2015,aligned,3115.4259033037456,2992.9418596865435,107.89260029929412,-4452.666983331796,-992.6151530857579,-973.9786340366795,-2486.073196209358,-1939.4487143325273,0.29577970268040255,150.44008085893998,0.0010233995695468432,0.018228671334873225,527.3021032287365,1842.087151391207,179.46536961393298,104.64779534783517,654.4420914858442,1.2019776451350792,654.7056294755732,2571.610355132878
16,2015,baseline,3115.2670180896844,2999.903078588701,108.1365275167209,-4437.886701838824,-986.7786329696304,-976.2192325624699,-2474.8888363067235,-1937.1721599087168,0.29496456217763994,149.95758207945158,0.0010178229894146507,0.018164927913106123,530.4433466486811,1858.1670671263037,177.12010842486046,104.36012096856477,652.6385118262243,1.2014938142986897,652.6385118262243,2583.5655664088235
16,2015,defund_0.50,3117.8726720315267,2971.2096104642173,106.96140168243633,-4451.712262005201,-992.4910653125914,-977.1126936493225,-2482.108503043287,-1943.8903111921898,0.29600014237354805,150.3603161624762,0.0010204790646277469,0.01825273696429617,539.9358601914976,1866.8814806726618,175.83608632947136,104.66143343125974,654.9298362922704,1.201492804136531,654.9292856566121,2592.985419227485
16,2015,endog_tau0.50,3112.1491930893876,3037.379832322522,106.25743086846907,-4462.991160932832,-995.7200246454267,-973.3869142502174,-2493.884222037188,-1941.2204071908973,0.29657300174113843,150.96467523295365,0.001027172366865136,0.018246183703375485,523.8403017336266,1817.385118040993,178.32813005355013,105.00417051208214,656.1973447766445,1.201823500662353,656.3774033952328,2547.0864809776936
16,2015,flat_mandate,3113.424411424582,2994.3280504236645,107.27788957472647,-4460.513890326287,-995.973294419438,-977.433581126832,-2487.107014780017,-1947.7333895609272,0.29564663533502983,150.33696601516712,0.0010232460512354675,0.018233458775663777,538.7885995490618,1852.4343874523938,177.23378397915934,104.59016585628929,654.1476667128628,1.2018622301569362,654.3482489973356,2579.4262545725996
16,2015,scale_0.50,3061.6848526135145,2979.40238785408,104.60753015420367,-4510.229230063065,-996.2161850941347,-968.913242919053,-2545.0998020498773,-1933.147039980682,0.30332918623954047,154.2413158577417,0.0010493761926472392,0.018697655716281205,528.8168826465699,1812.9167765776697,175.31975046094846,107.2653889610518,671.1460768009514,1.2027329046718884,671.8382240537106,2552.809362131277
16,2015,uniform_low,3073.0767801880215,2986.2168683952655,105.89881480638681,-4501.617524239684,-995.7569322922001,-969.3674928937928,-2536.4930990536914,-1934.1445863310198,0.3016366846778418,153.43726563622585,0.0010458712480895117,0.018606381057423974,522.7267978267472,1814.1482663129343,176.6494954835877,106.67806934754653,667.4012482956703,1.2028130427623491,668.1340483425414,2552.253740791517
16,2015,uniform_low_k0.75,3055.0757461928256,2986.2168683952655,105.75016341118206,-4518.409695623434,-991.5669197880858,-967.4693603785165,-2559.373415456832,-1926.0944131469641,0.3044041603526798,154.88363097176605,0.001056122884857705,0.01877394258117548,523.7546733221063,1806.9969319095078,176.13146115955806,107.65185403379806,673.5245642377862,1.203232988168087,674.4994975321397,2549.976036567408
16,2015,uniform_low_k1.25,3088.5282695353926,2986.2168683952655,106.02321922272155,-4487.367645488883,-999.3202406742511,-970.980928201972,-2517.0664766126597,-1940.988036917338,0.299285574609989,152.20889536211382,0.0010371680521439402,0.01846395273975047,521.2533424988762,1820.2185105932408,177.08816455881237,105.85074278510925,662.1991827848344,1.2024549224900971,662.7288942584547,2554.1848266253987
16,2015,zero_tau0.00,2748.512557619206,2748.512557619206,104.54143432606541,-4816.049592040607,-897.0551287623615,-931.1853065967318,-2987.8091566815137,-1759.0312901408045,0.35645253751761885,181.99754620567762,0.001247650342229258,0.021931975239856023,507.0190636600653,1722.1798898857446,160.6287216080761,125.89691896799937,788.6867897102768,1.2105557527283282,794.6352440789706,2551.546936604792
16,2015,zero_tau0.50,2873.4016185641767,2873.4016185641767,104.52074093927656,-4649.26834756757,-953.0730616850315,-953.3853243925038,-2742.8099614900348,-1858.0190802810407,0.326390761779382,166.49235880096137,0.0011384597207152072,0.020076622697879996,511.4942251895883,1751.2014040066392,169.6911682623318,115.45441601437668,722.172112707007,1.2063042518000076,725.0634832426094,2530.5016394972035
16,2015,zero_tau1.00,3105.2213465429586,3105.2213465429586,107.3106914168679,-4455.064078792093,-991.7329791327871,-969.8835761380097,-2493.447523521296,-1932.4304422020462,0.2960868628728593,150.9171378160209,0.0010281053638653357,0.018185674994108388,505.8493315618124,1780.1947833490945,181.49499334958404,104.91828253532705,655.1217140459823,1.2019927997120237,655.3937888376933,2512.165283001045
17,2015,aligned,3411.7461428944926,3295.3779070157248,131.59227219900737,-4629.489160536521,-936.1633754392926,-1063.7368131707435,-2629.588971926485,-1983.7286979616815,0.29051439960069897,151.81992501199971,0.0010907914100523107,0.01853257882103974,493.8566142338474,2092.6444763133013,238.27968264592624,102.34210744447923,642.7920832920387,1.343425113552401,643.0527010419376,2871.6347525566857
17,2015,baseline,3421.951685110623,3308.2926782633895,132.58759168201135,-4595.152451731615,-928.5581305518455,-1063.9843274354823,-2602.6099937442873,-1978.5262346199447,0.2882686777238758,150.56696830969975,0.0010780476205848636,0.018369846508406416,497.3360575778237,2115.05938282868,234.9934689345409,101.54623772256235,637.8231996646463,1.3428806473994956,637.8231996646463,2886.3298137053052
17,2015,defund_0.50,3422.733869595306,3278.244963948229,131.23758465760324,-4609.895688725365,-934.2358596601724,-1064.6456479983326,-2611.01418106686,-1984.8474628915055,0.2894879822315361,151.06739781421388,0.001081201452278488,0.018470800718188397,508.3646268396802,2124.491970736853,233.1234936615303,101.8933375812774,640.5210324940122,1.3429730313947519,640.5650973870032,2896.287224204109
17,2015,endog_tau0.50,3413.7208639008627,3332.8112827861883,129.86887437547688,-4630.856117309019,-942.428556129224,-1061.4007270584864,-2627.026834121309,-1987.6218169122765,0.2901666734407371,151.7521273760533,0.0010899350253536623,0.01847547026805881,490.9584890298813,2068.502893546493,236.4524587634889,102.31620910167754,642.0227044829873,1.3429922557675162,642.0760637345471,2844.715206942851
17,2015,flat_mandate,3419.752690232803,3296.660839417518,130.73396293923406,-4619.202392538885,-941.7061828571689,-1067.690978812061,-2609.8052308696538,-1996.5946564594449,0.2880740227505028,150.4873233374555,0.0010811264569251223,0.01838775575189312,505.34343838144326,2110.67527985434,234.86311788244882,101.47948135700386,637.3925061223309,1.3429890611529036,637.4439642426909,2881.502880622476
17,2015,scale_0.50,3364.241408305453,3283.4533688914753,128.15457093822917,-4682.134721518469,-942.4520568836604,-1056.002922218662,-2683.6797424161464,-1977.7527937327534,0.2972604352838367,155.2806269078979,0.0011147252492154452,0.01895992928553017,496.10729071282776,2063.4586972316856,232.78662427297195,104.64432907396206,657.7183600503909,1.3445945049381733,658.5577761011634,2850.1587685318586
17,2015,uniform_low,3370.7871518539678,3289.3031096786117,129.1801065231025,-4677.030665988399,-942.384001021783,-1056.4734260793164,-2678.1732388872992,-1979.0713429871387,0.2957886513680145,154.58520295424006,0.0011126660193007492,0.018880747530555003,490.39297259394965,2063.7499679319185,234.04981385000661,104.15299666871479,654.4618913496745,1.344508794292344,655.2553796592663,2848.9021647724767
17,2015,uniform_low_k0.75,3353.68626086585,3289.3031096786117,128.96572920092316,-4695.095268645904,-938.5269970863399,-1054.2701236546957,-2702.2981479048685,-1970.9896741502846,0.29850040175867265,156.03932228385113,0.0011235915597451046,0.019049997960964404,491.59563412264293,2056.0866685812352,233.38832071911972,105.0954736004901,660.4619095428343,1.3450592373566335,661.5333939565746,2845.9129096564398
17,2015,uniform_low_k1.25,3385.640123425152,3289.3031096786117,129.3622521531787,-4661.52507722788,-945.7012326419436,-1058.3679780620425,-2657.455866523894,-1986.0199787826507,0.29345849792740963,153.33611788009412,0.0011032846591526048,0.018735233401292455,488.8263938096083,2070.329770689367,234.61657732622197,103.34299026974003,649.3061944667138,1.3440326691462106,649.863217056734,2851.4665748025827
17,2015,zero_tau0.00,3058.1413695057413,3058.1413695057413,126.15951769633268,-5033.815848530901,-847.9001356615598,-1016.2162956930739,-3169.699417176268,-1805.0490127985456,0.3509857883970249,184.07211194909817,0.0013342814379482557,0.022347980203601934,486.22185741831834,1962.857034726686,214.59798955179411,123.1948558157066,776.5910620599732,1.3548971991631544,783.5402624334463,2837.80043089622
17,2015,zero_tau0.50,3155.364229158305,3155.364229158305,126.72727064245659,-4845.610574612256,-904.7734557894391,-1039.2319048850377,-2901.6052139377784,-1906.2693027117948,0.32051458308520764,167.9577674964834,0.001213855791905181,0.02040430957606196,485.03926190438267,1994.4807836753246,225.53878023602286,112.81040226031847,709.1704812910903,1.3490368728494904,712.4215619986451,2819.630723649674
17,2015,zero_tau1.00,3397.226827406535,3397.226827406535,130.65416086214248,-4629.598487880206,-940.5306191055239,-1058.8295419262763,-2630.2383268484064,-1981.8718725957215,0.28991497966430624,151.83341260867687,0.0010925106589706798,0.01843005553927916,470.6068079771703,2026.1364727014588,240.37432039248844,102.34998315611051,641.4658069001963,1.342886691097231,641.4686938473363,2805.6295037851733
18,2015,aligned,3809.492593178874,3634.310945327239,191.0145067564752,-4257.903467985604,-908.628526591048,-1142.4815387065887,-2206.793402687968,-2070.80390122277,0.255975305057122,135.63064927103443,8.924676590425356e-4,0.015117241669815429,730.0421145166191,2303.63512425939,229.496203152683,91.88756924241203,566.3708918908496,1.3012814944061528,566.4558446975817,3007.6996028672424
18,2015,baseline,3786.5093515400636,3620.0029227633504,187.7051983997009,-4278.322896023008,-923.0852436230259,-1137.007920589305,-2218.2297318106775,-2078.8436677100904,0.2578499868383952,136.5069617136447,8.971788501475526e-4,0.015231726703754922,732.6163868335723,2283.5784055210065,224.02690153021587,92.51183123047537,570.5188123015092,1.3010863379498585,570.5188123015092,2985.6122881222564
18,2015,defund_0.50,3800.035759455518,3605.388639958804,188.11795382533336,-4273.381556260478,-920.7360251243781,-1138.4562249544936,-2214.1893061816063,-2078.8035111191,0.25759286044308954,136.26435462276154,8.948770999892855e-4,0.015230780776257852,745.5067743593455,2306.5923955245557,223.41623020307787,92.36722443981759,569.9498945076405,1.300885907103191,569.862094385095,3007.503495672911
18,2015,endog_tau0.50,3794.5594056708246,3710.5438651506015,189.20880281354755,-4258.237718336508,-914.3602805310286,-1138.517659767022,-2205.359778038458,-2072.3724925662727,0.2558102562951134,135.71241504555277,8.921307393155141e-4,0.015061645887498478,729.7446199819078,2276.5412930244415,226.4327322387029,91.92952218067563,566.0057050439252,1.3011328167341742,566.0259244992518,2977.0704275817207
18,2015,flat_mandate,3809.290041750587,3624.9099102478626,188.67255042575655,-4269.145502263009,-922.1958924329657,-1143.3496796086695,-2203.5999302213736,-2087.47002817098,0.25524459308552777,135.154906572664,8.902820504587225e-4,0.015094269844640087,740.5103048674571,2304.0929772995564,224.69581132938262,91.60855167479762,564.7541187768385,1.3011682796305493,564.7896866713892,3001.9699236255306
18,2015,scale_0.50,3744.0731759371915,3625.112159485506,187.54742024109876,-4300.996071444281,-914.9959988626787,-1132.1378423962055,-2253.862230185397,-2062.1997668540266,0.2624153021942024,139.00964194795571,9.132741176578812e-4,0.015489256933805392,736.5146971235706,2276.185678358493,223.40478243418636,94.13008020169612,580.6200278435884,1.301877511490779,580.9730952688311,2986.4334758598143
18,2015,uniform_low,3747.1242441484956,3627.6621850162755,187.7135578407884,-4306.44112301361,-917.831782964519,-1131.7080649745599,-2256.901275074531,-2064.8469565169535,0.2618853029372721,138.7811741185656,9.150573928579194e-4,0.015477276196935308,730.500119365361,2269.629122322196,224.21259482162947,93.9670514088517,579.4473516286619,1.302070256193245,579.8855460848789,2979.760211819853
18,2015,uniform_low_k0.75,3721.90821737628,3627.6621850162755,187.33903547957942,-4322.790332742825,-914.3255747247654,-1129.3272395655235,-2279.137518452536,-2056.863034524272,0.26458713784063703,140.26012839091825,9.25112910795099e-4,0.015633003262679367,731.8380779392251,2261.4954551347546,223.62475474210447,94.92617534694529,585.4254308172739,1.3024463211261226,586.0373569544149,2976.2313914843285
18,2015,uniform_low_k1.25,3769.171377227857,3627.6621850162755,188.03532714077056,-4292.31432878679,-920.8683867394332,-1133.7695208274272,-2237.6764212199296,-2071.7589065693005,0.2595479632754992,137.50226628193334,9.063645980801866e-4,0.015342471263200513,728.7230071117331,2276.6599318177787,224.71952845299865,93.13714847355917,574.275754514656,1.3017445262366232,574.5662668073222,2982.8085786045403
18,2015,zero_tau0.00,3247.075050360967,3247.075050360967,176.93548205198175,-4693.068514695473,-845.9923397744537,-1089.789282258338,-2757.286892662681,-1908.0434277499246,0.3219573206847624,171.3789398933144,0.0011396509629930196,0.0190103443787869,714.0600847334283,2121.415366065905,203.85154719319286,115.1155945031369,712.3626821201583,1.3094931635953755,716.9655348980866,2927.116853654047
18,2015,zero_tau0.50,3518.2558330064144,3518.2558330064144,183.32941899529746,-4459.372210747793,-881.8326357858931,-1115.729167608152,-2461.8104073537484,-1994.973945591522,0.28637539023698233,152.333231404214,0.001007404309828793,0.016864201068779793,722.9434808177725,2198.6463988356722,215.17133228215272,102.7341433083743,633.6341122746795,1.3051800990749403,635.627789881381,2946.711377690832
18,2015,zero_tau1.00,3793.435916774697,3793.435916774697,188.7658696847253,-4265.28417243287,-918.1754664507871,-1135.7196769313146,-2211.389029050769,-2071.71249783311,0.2560303817999088,136.05667952451907,8.959402186151698e-4,0.015041258015071769,713.5378954435896,2227.840563641502,230.3086463454406,92.13067936858926,566.4927546772915,1.3014217284961305,566.6387836600796,2932.6573142784328
19,2015,aligned,4012.7995718579755,3860.5621925249957,143.60936981042653,-4443.92898388072,-1028.1422792355572,-1125.8580761679684,-2289.928628477194,-2167.9768739151405,0.2650980676437963,138.22384389222034,9.303118013130704e-4,0.015793396123549873,867.7028589152598,2445.081522314851,223.1900563859308,95.85167322394585,586.5559139638585,1.3139690130329336,586.6909763041513,3159.1108817809873
19,2015,baseline,4010.771991974326,3868.726707490842,142.3478904236742,-4437.7614787648345,-1025.2133928894343,-1125.502549755748,-2287.045536119652,-2164.885316568165,0.26517485004780217,138.24014978096218,9.287328159303881e-4,0.015787274007157442,877.6599527743881,2459.958971928671,220.72390719062417,95.86522440367918,586.725802690541,1.3136665237546932,586.725802690541,3171.543457406157
19,2015,defund_0.50,4001.979609611804,3823.4538634000724,139.21590275308859,-4477.1077537956735,-1040.1572654844927,-1124.79173412512,-2312.158754186061,-2177.669130522023,0.2682206711815174,139.64827212611195,9.395200428772801e-4,0.016008834804839413,882.0705597680723,2444.456627256738,219.00104759081162,96.87648883578368,593.4649857209406,1.3135940439226417,593.4322420666603,3160.0134280784264
19,2015,endog_tau0.50,4012.9019799140483,3919.590672147257,142.21969507293343,-4437.674263287622,-1024.1562488882869,-1124.6082352374501,-2288.9097791618847,-2162.0443776157927,0.2649498869457613,138.36404541764068,9.3043239531368e-4,0.015732899005141156,867.5663964037713,2432.9844964779086,223.42561401666154,95.92121436647386,586.2280493907961,1.3139045125692526,586.3342526897408,3146.823148817837
19,2015,flat_mandate,3992.6771738686043,3855.719029576794,142.27599310489845,-4473.924444737749,-1033.520655228393,-1126.8922752323267,-2313.5115142770283,-2173.69814201979,0.2676675277217062,139.527013311308,9.403921236922655e-4,0.01596424433806663,883.4245502292183,2436.6702801673637,219.30876975325413,96.75636732772453,592.2411006488749,1.3140427415641451,592.4107111592476,3151.633393752141
19,2015,scale_0.50,3959.4054849960826,3858.7227303803406,140.4695917329235,-4485.845996750175,-1026.9225776251242,-1118.7229541212948,-2340.2004650037557,-2154.495277391518,0.27176416062563197,141.71620314574193,9.528197651130186e-4,0.016178337385150857,874.7592115124053,2425.90224675796,219.88978876176287,98.21771537162599,601.305309522571,1.314268109560846,601.5806737286551,3149.1549938767516
19,2015,uniform_low,3965.502812413725,3857.422952799003,141.44250104077133,-4483.036390129262,-1029.7195106778486,-1117.4387744166795,-2335.8781050347343,-2156.5156754755303,0.2706069426802479,141.15081192348595,9.512905291529601e-4,0.016122403170681938,860.9744344023122,2417.623822729735,220.69723990589975,97.82350483166906,598.7448494043849,1.3144017161973454,599.0799364910991,3139.5774942950643
19,2015,uniform_low_k0.75,3943.149652198269,3857.422952799003,141.21761529555738,-4499.178073597048,-1025.8040681191471,-1115.1116798172357,-2358.262325660665,-2148.2208405912543,0.27330355170468523,142.60532295776204,9.614137167642583e-4,0.016278044254229917,861.1695154888888,2408.861568822598,220.10693790167278,98.79140891807114,604.7113658146718,1.3146683201816867,605.1725160949605,3135.34961390116
19,2015,uniform_low_k1.25,3984.6637318409275,3857.422952799003,141.63124762371095,-4469.362825514522,-1033.0428555650458,-1119.4137144016142,-2316.906255547862,-2163.5542007907306,0.2683200038432514,139.91783059938786,9.427116427750577e-4,0.015990308831100933,860.2088439572444,2425.0497076429033,221.19653648321847,97.00252494469535,593.684769141875,1.3141756949272776,593.9148786594606,3143.158597840887
19,2015,zero_tau0.00,3549.267613774371,3549.267613774371,134.6672578566264,-4839.2902298798,-951.0068043458292,-1075.354005630867,-2812.9294199031033,-1994.4588583365123,0.32765424940143084,171.71277077516618,0.0011659687781035049,0.01946955775903925,842.758739997561,2274.9940894987526,203.1051472387644,118.14306275740233,724.9677050835184,1.3192557822487065,728.0522260256689,3088.0084000057836
19,2015,zero_tau0.50,3726.1039955819538,3726.1039955819538,140.91270969941314,-4601.309655080093,-978.9023460960783,-1103.4130563346903,-2518.994252649324,-2075.6746023336623,0.2924341614530158,153.15490649804372,0.0010340183040579026,0.017337310242734227,854.3626694762345,2369.8225678963886,214.04271924606948,105.75139096568836,647.0397478559,1.3164318470546503,648.4017937468391,3126.515689923609
19,2015,zero_tau1.00,4004.2016740812523,4004.2016740812523,144.50953995458536,-4417.616474954039,-1016.7398301969374,-1122.6688759175838,-2278.2077688395175,-2152.3176906427725,0.26334698867264705,137.78173941406945,9.266817052812391e-4,0.015589585167837688,849.5588174328689,2405.7936258281206,227.05300741480596,95.48206561827365,582.6814770980061,1.314113739329549,582.8798411630304,3120.2444087876834
1,2016,aligned,5716.908389172784,5456.435378997471,248.7277627992184,-4698.163590143522,-847.5225104948198,-1500.2819644031274,-2350.3591152455747,-2450.8022048827916,0.2272345682330861,126.16827554311328,9.462811741446591e-4,0.013392321498985308,1211.262170927407,3436.885111425237,336.8994635030997,156.97887919806033,521.5951193344283,1.5810784567024476,521.7446130860134,4138.5503088162905
1,2016,baseline,5673.35349381923,5438.363819078508,246.36448130079827,-4735.321972891599,-856.6598680390603,-1498.733457204951,-2379.9286476475877,-2455.6849682876627,0.2308188408998463,128.07492133079114,9.596157263398756e-4,0.013604964134798355,1199.655668152052,3405.4241899957397,335.0096218538921,159.4523632295079,529.8224728743538,1.5806254355420666,529.8224728743538,4110.803921494477
1,2016,defund_0.50,5680.33265099779,5400.271407780977,245.87577239029704,-4744.137448039923,-861.5324886210665,-1497.4413099798714,-2385.163649438985,-2458.9231948621023,0.23158422241362214,128.3393713609821,9.617378156767775e-4,0.013674600223860897,1191.6623709266278,3401.311149272102,332.7593000454772,159.988162712605,531.5793326035689,1.5808789905856222,531.6646055707126,4105.746892175686
1,2016,endog_tau0.50,5655.546651293525,5542.66657462397,247.57412119053134,-4717.374052659746,-842.365036368848,-1502.6975674954997,-2372.311448795398,-2445.8890329559144,0.22950577078918497,127.69735548444298,9.567368973572054e-4,0.013470960762959698,1183.7714096832344,3384.5880069289415,338.50233944684084,158.53185552433337,526.8084465913354,1.5804771345911202,526.7590191989631,4091.317510050412
1,2016,flat_mandate,5679.486160209717,5440.856541190656,246.29153976857785,-4740.10081616267,-859.8124918548017,-1498.4664466911267,-2381.821877616741,-2459.005296178249,0.2304425490016277,127.90256858326293,9.606188811949588e-4,0.013595953994497045,1205.9556400540464,3412.459090253018,335.557396361328,159.22532948626713,528.9587309750376,1.5807535545039852,529.0016061825261,4117.792763310605
1,2016,scale_0.50,5582.189904823604,5418.910818320836,241.62475337440245,-4810.276013684964,-878.9789591497535,-1484.6371493822396,-2446.659905152971,-2456.4946224474065,0.23809200956468823,132.09295344249546,9.910178291654328e-4,0.014039616494453774,1192.6334049163065,3351.746223728732,333.59141619213483,164.52236456138064,546.5173327593442,1.5799393845872869,546.2801236587487,4067.0953990182343
1,2016,uniform_low,5620.499766871171,5419.769009381643,241.75286226705623,-4794.658935926335,-880.2282704846691,-1488.6208521804458,-2425.809813261221,-2464.6035344281267,0.23506479964344512,130.44128907298736,9.814916609955625e-4,0.013878987370672202,1191.0390178598116,3358.454746122761,334.41164745573076,162.4684293601995,539.5686632307646,1.580169419639271,539.4129958059905,4069.8109600242833
1,2016,uniform_low_k0.75,5580.005030168621,5419.769009381643,241.2693249893732,-4813.837343232897,-877.1311567337166,-1485.0337122781782,-2451.6724742210026,-2455.5006266624086,0.23776979783760563,131.98777247448803,9.93542074300236e-4,0.014033577556203703,1191.8955472753378,3346.948240575667,333.6091244514306,164.3457079561029,545.7777266970032,1.5798985417917804,545.526735912178,4061.738392983172
1,2016,uniform_low_k1.25,5654.41937312088,5419.769009381643,242.15143260664038,-4778.782236810094,-882.7976073091606,-1491.5960712694937,-2404.3885582314397,-2472.152564631481,0.23282283404390558,129.16014324064676,9.715116849155356e-4,0.013750747207523173,1189.4874107921999,3367.9842750270736,335.07550604259245,160.91241713829214,534.4224465986367,1.5804010333637855,534.3465743784114,4076.493938309786
1,2016,zero_tau0.00,4902.079384862907,4902.079384862907,229.9159430933112,-5211.052349144109,-813.0856649654681,-1436.3535240313681,-2961.613160147273,-2301.5903809065167,0.29033453100945167,161.75281607305223,0.0012282892966559227,0.017108594180458344,1172.4107320688393,3176.492368431296,306.9075881983922,200.83471014170942,666.4350214243966,1.5760856865462918,664.5209387763321,3947.086185264311
1,2016,zero_tau0.50,5296.297304791347,5296.297304791347,241.084286582062,-4918.067713119121,-812.7143486719594,-1475.2974816763292,-2630.0558827708333,-2368.1640950732867,0.2558928436337459,142.69931694931216,0.0010754566601477937,0.015013078653723484,1183.44291957039,3298.4921522077993,321.7354143410372,176.86961954008726,587.3774371118589,1.5778394102886548,586.3421201187999,4029.700067127549
1,2016,zero_tau1.00,5656.539037055196,5656.539037055196,248.94138173141536,-4697.968898439002,-831.2388153006307,-1505.9312071698337,-2360.7988759685372,-2439.0627809706407,0.22774813089761903,127.0620068466581,9.519792068926829e-4,0.013314207536995939,1171.0762532004292,3359.3203592324235,342.69002387462524,157.29740396388712,522.7739530892379,1.5803719201585438,522.6901057486643,4067.403084891826
2,2016,aligned,5118.384263285322,4975.310984527788,238.95148736533537,-4595.979900979624,-888.7841312703953,-1514.6827240622397,-2192.513045646989,-2513.332730002161,0.23033993447716442,128.72615443560463,8.655948156406507e-4,0.01220486669943622,1319.7823610371286,3352.113859437213,241.69873236324833,153.90982400404752,528.7231891930411,1.3790084147579378,529.2015726901948,3969.1043404866086
2,2016,baseline,5072.615116635965,4930.8931046138305,231.21540800163356,-4674.256696066213,-931.1162429622791,-1510.6058661073253,-2232.5345869966086,-2548.3516612409335,0.23522910562894667,131.2065107344733,8.834231782543284e-4,0.012500513547677448,1316.183135653511,3296.8050294653676,237.43223379847393,157.2609983912085,539.9458118344363,1.3777618295206668,539.9458118344363,3916.9220767070697
2,2016,defund_0.50,5098.863875685937,4884.336494526551,230.44343196779786,-4683.176416244788,-939.554193966469,-1507.898646501183,-2235.7235757771364,-2553.579417469133,0.23581627838469796,131.34320294843,8.847415799606072e-4,0.012562254091360485,1306.9857774557415,3293.0183756631513,235.8988173592167,157.68807939367196,541.2936104813916,1.3774706031967767,541.1791937912584,3912.4083074199543
2,2016,endog_tau0.50,5054.48701346525,4967.438304671981,230.13686710022824,-4688.090225646811,-931.8875014632907,-1512.879090839673,-2243.323633343847,-2550.6272173093475,0.23590894435310175,131.9333806077814,8.888369460105099e-4,0.012485449278849944,1299.2733071328746,3257.016066284439,238.5114337785433,157.7006384996883,541.5063163087824,1.378018333763542,541.6071310248682,3879.4339925881623
2,2016,flat_mandate,5082.489711226348,4955.312004993494,235.83449739317413,-4658.489577824775,-916.5939394636479,-1510.2866348620164,-2231.6090034991103,-2534.110295736982,0.23454323196536422,130.94781637090128,8.831830901112748e-4,0.012463492002155267,1339.1899071035948,3325.0069881057134,237.00268407138498,156.80083657615518,538.3714547364543,1.3780716382925318,538.4925149920263,3943.701350592969
2,2016,scale_0.50,5024.0432956240575,4930.021413910529,230.25179685196542,-4708.803789519095,-931.3796571784254,-1498.3051376829305,-2279.118994657739,-2530.0215926211627,0.24098177316919142,134.4898584672655,9.055228556373698e-4,0.012790916170705113,1312.824037741786,3270.246632040855,236.35778223597043,161.1737925074179,553.1505074732945,1.3778198318320964,553.1737945228516,3898.6044162922585
2,2016,uniform_low,5030.6412790753375,4931.883629027003,230.90954837579574,-4707.144487700392,-930.9207371081706,-1500.1142209883894,-2276.1095296038325,-2532.6533636609465,0.2397650527463552,133.8605998208884,9.042841408348726e-4,0.012742329162408412,1310.1494848762154,3269.429789850984,236.7464217208801,160.38566496884184,550.3576426416774,1.3778118049843244,550.3776057280246,3896.1681523310467
2,2016,uniform_low_k0.75,5009.542256602459,4931.883629027003,230.50789422247098,-4721.879630959766,-928.0689251204946,-1496.968038312534,-2296.8426675267374,-2524.4873078768414,0.2421484616663143,135.23831962499625,9.139352434239103e-4,0.012863749023985661,1307.882411563179,3259.334133106371,236.2152151200113,162.00640520296474,555.8285288263604,1.3778140549638287,555.849598063886,3889.3925410873035
2,2016,uniform_low_k1.25,5049.281044856805,4931.883629027003,231.2583570388475,-4694.292482120866,-933.414098213147,-1502.8633169431105,-2258.015066964609,-2539.788930185102,0.23768358456773608,132.6580056698107,8.958622345929532e-4,0.01263619484548603,1311.7297399749398,3278.239675667911,237.20951535713863,158.97025417318852,545.5798324191411,1.3778124288826012,545.5998692577392,3902.0788061096
2,2016,zero_tau0.00,4609.0538092462175,4609.0538092462175,216.23139556438352,-5084.962146074125,-899.4633240799516,-1430.675216855303,-2754.8236051388703,-2383.4890291377437,0.2943179133195406,164.90897208755888,0.001126375686062263,0.015618286120269661,1236.7884955571728,3057.066057723354,219.2574341498327,197.55173111425682,675.5784928052749,1.3772141630525228,675.309947343221,3754.0817081021505
2,2016,zero_tau0.50,4783.945501044907,4783.945501044907,225.3932204247379,-4849.744592014491,-900.5380612655719,-1476.433504180528,-2472.7730265683913,-2459.128389346792,0.2620011736679505,146.9194799713305,9.956531584525623e-4,0.013842233017140333,1259.964612227946,3158.912980869276,230.10290857769826,175.4780288067933,601.3985218345708,1.3778325216990894,601.4293792517947,3814.9672398919756
2,2016,zero_tau1.00,5050.143575944326,5050.143575944326,232.95771259896026,-4647.98192653254,-907.2901961152551,-1514.9925447661867,-2225.6991856510977,-2528.8195771726323,0.23358694604650823,131.07592678684014,8.816645124367188e-4,0.01228487820423977,1265.6932331598548,3234.187166464115,243.4146344137137,156.06719732774633,536.1763922869247,1.378856060397879,536.6022284158562,3858.1368319659387
3,2016,aligned,4434.64784752642,4280.3371185132255,204.80038425688116,-4263.826647669336,-744.4043146209871,-1412.419999085226,-2107.0023339631234,-2256.585750365635,0.23049285543317335,121.81933578232598,8.250338664963215e-4,0.013254748720781535,1231.1030976513357,3247.403304786779,289.74137092000024,154.99059389747367,529.0742045553534,1.3680990031550206,529.2613280252724,3911.415409834578
3,2016,baseline,4403.773970729454,4262.731707574694,201.70029524785062,-4305.542476447153,-755.0442841699742,-1414.598202433148,-2135.8999898440306,-2267.2562730391983,0.23430922978048094,123.73937897295302,8.375833538664789e-4,0.013481601578256683,1228.523969276896,3220.02202917886,288.1680721030658,157.59636779488005,537.8343252033126,1.3676153036683827,537.8343252033126,3888.428058690358
3,2016,defund_0.50,4409.140401573322,4226.199921572023,200.82488716332588,-4315.451827149799,-760.5222561078165,-1413.4786843328657,-2141.4508867091167,-2271.207430665894,0.2351458752758506,124.03980279835773,8.39840913006201e-4,0.013554864127604867,1221.464596561032,3215.6809010144752,286.37998468146213,158.18171900009577,539.7547645554375,1.367530773035557,539.7214029721794,3883.6005696680213
3,2016,endog_tau0.50,4416.345545783857,4348.155303496259,205.73184093720624,-4262.548784562653,-733.0225213683611,-1417.8461981296628,-2111.6800650646296,-2250.1725920655554,0.23106157316304451,122.38173160573777,8.273429901572874e-4,0.01322621468577471,1219.473861117157,3226.7143772103645,291.61498864304804,155.32991542394961,530.3796414635067,1.3677605774115607,530.4359805784713,3893.4354310079343
3,2016,flat_mandate,4386.069487856107,4250.110693090519,200.5568950541495,-4339.200761198689,-767.2595576697252,-1413.4148027387655,-2158.5264007901983,-2277.111637257974,0.236383645641723,124.84347797573433,8.478321762816356e-4,0.013623312368971399,1231.0596839172406,3199.51767872841,286.76400218779384,159.04965705029372,542.5959475088763,1.3680061781082753,542.7510253926215,3869.9830492585315
3,2016,scale_0.50,4358.551710881772,4260.853418987956,200.25958105900563,-4342.968291530852,-758.7550023123829,-1402.5010375224942,-2181.7122516959753,-2252.605253139818,0.240263162561471,126.92138668330281,8.590294030141783e-4,0.013816983922916469,1219.7131999286894,3192.0920561692324,287.83469934497583,161.6664793004548,551.5010058653154,1.3677613996613005,551.5599201570983,3869.8201963708516
3,2016,uniform_low,4381.112594811923,4270.029620401625,202.89825149181155,-4314.377172083585,-749.0182006132223,-1405.7551157881985,-2159.6038556821636,-2248.99920650845,0.2368599513845036,125.20900097022775,8.491746082602219e-4,0.013624100888215938,1221.8621145843622,3208.4858528709738,288.1516004558518,159.35800119918565,543.6892615793415,1.3681466151942863,543.9004820668662,3881.1799341945057
3,2016,uniform_low_k0.75,4358.114025605782,4270.029620401625,202.48545459361318,-4330.846663470639,-746.2013291029175,-1402.2880771093453,-2182.3572572583766,-2240.345561966481,0.23961530735913636,126.70573635530359,8.596133831516193e-4,0.013778970090373701,1220.3690791151218,3197.272841857659,287.4317346363048,161.23875097235947,550.0139164924232,1.368293081385317,550.2864983914429,3873.7523239130473
3,2016,uniform_low_k1.25,4400.835186623505,4270.029620401625,203.24545582521833,-4300.451707723849,-751.4071828688727,-1408.69299031089,-2140.351534544086,-2256.3325642666146,0.23452702439282042,123.9422285386563,8.403429063754599e-4,0.01349288572409188,1222.5763928577544,3217.971219562119,288.7593579147425,157.76556166439383,538.3342518108572,1.3680245415632266,538.4953400754755,3887.460355887943
3,2016,zero_tau0.00,3967.4029794687963,3967.4029794687963,192.2856030450828,-4671.531987274671,-692.3572741507768,-1342.9512795595058,-2636.223433564389,-2083.068211100115,0.294093876002412,156.04252881460008,0.0010664379229536032,0.016905862509892264,1174.8214391532972,3032.0150364429733,266.17533789669824,198.42908614436107,675.0642366686681,1.3712056851050642,676.8364734207734,3776.597761616084
3,2016,zero_tau0.50,4194.898399055987,4194.898399055987,199.6294577922968,-4441.68266028556,-707.5806852181609,-1384.1835499997248,-2349.918425067674,-2167.7813804253324,0.25953559633529566,137.76465603234226,9.360761606818653e-4,0.014857836278868837,1195.1031499491733,3127.395178090885,278.7516945451599,174.78869381318248,595.7390259530499,1.3693097019798135,596.4771130429799,3827.8352918658425
3,2016,zero_tau1.00,4436.522881082209,4436.522881082209,208.46393931336252,-4222.001031927383,-715.5482152163291,-1419.3348092011524,-2087.118007509902,-2235.505424554056,0.22782963968925427,121.00518346734587,8.170975181170754e-4,0.01297567387719008,1200.15607622624,3214.8787682903194,297.5329452015054,153.0786464836746,522.9610486893062,1.367854937747438,523.0526821252207,3882.3857491333706
4,2016,aligned,3996.1105942576582,3915.730687749364,134.86774817182055,-4612.36695071832,-925.9707241545482,-1434.7099934262553,-2251.686233137518,-2450.4467255309637,0.26689700746347444,136.26639225246538,8.817763853368463e-4,0.013937925186337,1263.9426732321388,2851.6781791722838,173.57866875214478,186.83854773307468,612.6364379345475,1.1015424567459344,613.0546925018662,3451.47299269322
4,2016,baseline,3961.766257657445,3887.3157482992046,131.4631904738419,-4656.286551250744,-948.3127920493396,-1425.9273556172736,-2282.0464035841314,-2459.2594066066167,0.2715790931488796,138.45952079990494,8.958183717213861e-4,0.014198486576947058,1244.5357764909706,2802.7917816470535,173.0521504744428,190.1347610750213,623.383715784051,1.1007909329924026,623.383715784051,3409.092886830526
4,2016,defund_0.50,3959.772577727711,3843.8450722923917,130.70369053129224,-4663.013702156114,-953.0853847336813,-1425.7317822307348,-2284.196535191698,-2463.954728106159,0.27197104467330485,138.5058302722903,8.964479881027111e-4,0.014249766405656237,1232.8982143363132,2800.0053170029387,171.71933844786932,190.38846555314677,624.2834028507925,1.100670817764718,624.2152827920005,3405.5514726896613
4,2016,endog_tau0.50,3952.5736475984972,3922.4170489325825,131.7240365358764,-4659.558555511826,-944.9232298601511,-1425.4438992191172,-2289.191426432558,-2454.10587411039,0.27211131771917546,139.06001255805458,8.998680921578846e-4,0.014158031556102192,1226.1573773565187,2769.737214900899,174.39062168024728,190.54378038205448,624.6053861505571,1.1009005070393816,624.667560118269,3378.251616317361
4,2016,flat_mandate,3978.9850309967005,3904.742841547286,133.8375298630667,-4642.88653369611,-934.4163757627199,-1429.5430746635711,-2278.9270832698185,-2450.612146567716,0.270283543124755,137.95928378001648,8.943715872632511e-4,0.014136329373206568,1260.9717388497113,2828.9913256575023,173.10870861172316,189.25028813566578,620.409905176398,1.101616553616046,620.8752280614927,3433.7249741950523
4,2016,scale_0.50,3934.1276767332897,3885.112285633083,131.06940640843504,-4686.524019665285,-943.8745158200951,-1413.32516656589,-2329.3243372792995,-2435.690967443669,0.2781281984765947,141.84679007054197,9.178617411341588e-4,0.014532574289159212,1231.5313416264505,2776.0741695417723,172.32917338454934,194.80587940873997,638.4165578445923,1.1012826711445562,638.7017471289965,3392.299210646578
4,2016,uniform_low,3938.9566777684795,3886.5704978831864,130.78759957244165,-4695.699058723198,-945.2256147277905,-1415.3678635338804,-2335.105580461526,-2439.9524395143953,0.27744975999425486,141.64118892332777,9.207404689575875e-4,0.01452554158217693,1233.473434304113,2771.3478310547143,172.37413315034055,194.3419502542718,636.859267490802,1.1020096274420323,637.5643394815173,3386.9443534323004
4,2016,uniform_low_k0.75,3927.551771287235,3886.5704978831864,130.54390424737545,-4709.735383831218,-941.6629596989409,-1411.7022475947354,-2356.370176537542,-2430.4179123812487,0.28014569512367865,143.05397073230614,9.305186746180345e-4,0.014666102576019737,1227.7597876061952,2760.970035866014,171.8974817004701,196.26508265736337,643.0475275626906,1.1021963462926625,643.8685259201889,3380.470960829309
4,2016,uniform_low_k1.25,3949.1767795370106,3886.5704978831864,131.00091148771818,-4683.319329043817,-948.3784220254182,-1418.6089823373047,-2316.331924681094,-2448.3844261928916,0.27506757269595394,140.39323011411798,9.121084989654114e-4,0.01440128668192836,1238.1985643380917,2780.5074696106544,172.79374172646553,192.64269232079158,631.3911854212654,1.101846498568501,631.9966362661147,3392.6551552824435
4,2016,zero_tau0.00,3739.8446563327616,3739.8446563327616,127.14994955652679,-4988.947243413572,-869.2241320688606,-1337.0871166045968,-2782.6359947401147,-2237.5108246925747,0.3338832166136821,171.06859072293489,0.0011263290634173746,0.017534914395063116,1139.2949027133905,2619.7727969356956,159.04449594648597,234.6579863219236,766.3968451962813,1.1061466832750353,770.1256460041793,3314.2849525644374
4,2016,zero_tau0.50,3849.6255015294328,3849.6255015294328,126.87155279409474,-4848.187267526903,-920.0708091121858,-1381.2476352264405,-2546.8688231882766,-2358.2105717382087,0.30404370740802816,155.71349924632412,0.0010181487623559461,0.015884579281825743,1176.5359770604275,2656.5436031683034,165.85993486752642,213.33543224246202,697.9031187090379,1.1034815340522008,699.6089638559728,3308.677069649341
4,2016,zero_tau1.00,3958.219250537676,3958.219250537676,133.32563654601947,-4640.303370370579,-932.4227587470409,-1428.9820612194912,-2278.8985504040465,-2446.3482696104675,0.2703619820391473,138.51143056550387,8.95669263371015e-4,0.013991236784666097,1210.4462762266712,2750.8356553038034,176.05778474040233,189.31495100913838,620.5899541681999,1.1009944713661086,620.7047024516603,3358.283191486728
5,2016,aligned,4491.794529937485,4365.872642981287,246.64196600659332,-4360.552737621769,-772.9641296541159,-1457.8782373941806,-2129.7103705734726,-2328.970959397824,0.23532326111306606,130.72924626472462,8.354304457970031e-4,0.012468612445939832,1176.1882859093232,3117.981811814725,235.12446221475685,157.4699600634039,540.1619367020439,1.3118459278074712,540.4104736041431,3736.046787570221
5,2016,baseline,4479.81901225325,4352.764408588743,244.08604640521278,-4379.128977543281,-785.9542610843539,-1454.5147635685662,-2138.6599528903607,-2336.6951823766544,0.23728291136018823,131.6348267856547,8.393492151245065e-4,0.012576617928806632,1164.705767221463,3095.5612802696296,233.94560493237452,158.786061215938,544.6601255667458,1.3112426047061363,544.6601255667458,3715.3809495528117
5,2016,defund_0.50,4486.861549423702,4313.028644603304,243.25751818743643,-4389.55605571215,-792.1718238284552,-1452.6562372742076,-2144.727994609487,-2340.481393194131,0.2382272863857285,131.96212467239457,8.418657697970946e-4,0.012658223275020931,1157.672026758207,3090.627181391129,232.60872065993587,159.44690077232573,546.8278477050336,1.311174101877309,546.7992799523424,3710.588281231082
5,2016,endog_tau0.50,4484.086722033426,4415.132908221442,247.5288214098699,-4340.779772179453,-764.7913176978496,-1458.3444617211808,-2117.643992760423,-2320.81100921979,0.23435042484423887,130.47677415241984,8.305590187485807e-4,0.012343288671986202,1150.4842042291802,3096.0824563427022,236.72971371554303,156.7267195221338,537.9288845142655,1.3115327852243506,538.0479292142398,3714.133379750351
5,2016,flat_mandate,4463.995528613534,4337.806765983747,241.681007057247,-4413.621910695666,-799.9441558829756,-1455.6364080134435,-2158.041346799247,-2351.621344200289,0.23853551551928515,132.33072392823343,8.481145100033278e-4,0.012676185086110155,1172.219481597518,3080.376893212638,232.89472125579704,159.70322183155974,547.535358067343,1.3113743439488355,547.5903684011776,3701.158761038053
5,2016,scale_0.50,4436.620085454395,4352.205761052921,243.41480382013742,-4409.750536745248,-783.1117751275893,-1443.6297123353872,-2183.0090492822706,-2316.948152757674,0.24303483669053336,134.92009089850205,8.601578253101738e-4,0.012867776080264893,1159.6388369406525,3072.6020553537146,232.8238116966408,162.69019310598082,557.8631175340888,1.3121665280797776,558.25619717605,3700.9918711204245
5,2016,uniform_low,4437.5535729945,4357.818752804345,243.78127879516816,-4409.2947083771305,-779.3510071233324,-1445.185719415777,-2184.7579818380214,-2315.7153461592807,0.24208495754932796,134.50315152374472,8.612595025456445e-4,0.012831708226176896,1155.3898658467838,3073.976835412068,233.69449826687995,162.08726654700575,555.6827612271114,1.3122763247749614,556.1208345631356,3701.704901695078
5,2016,uniform_low_k0.75,4419.976769297457,4357.818752804345,243.34268299755735,-4422.689998690508,-776.9953766655095,-1442.357571147297,-2203.3370508777016,-2308.5108516691544,0.24433512397043505,135.79870124104485,8.69845780897406e-4,0.012947172054884517,1153.0670684419688,3065.118697244276,233.194781166079,163.61472502407037,560.8478020572362,1.312565757610673,561.4137441610328,3696.1124975473176
5,2016,uniform_low_k1.25,4453.517085636649,4357.818752804345,244.17313926630734,-4397.279658131954,-781.4695639372909,-1447.7273683344285,-2168.082725860234,-2322.190212814027,0.24006411987108076,133.34013929830743,8.535537643685109e-4,0.012727939058159787,1157.1444821183627,3081.9257699001682,234.1421312482259,160.7154529430663,551.0441224929746,1.3120155122556014,551.3689336002667,3706.7213818055943
5,2016,zero_tau0.00,4084.2811357341893,4084.2811357341893,233.2847417210559,-4729.459422126374,-721.6052608796515,-1390.163830519077,-2617.6903307276457,-2159.3103370327353,0.2939703405267372,164.0726722303877,0.0010598302464590594,0.015567596943887424,1102.1237343253624,2926.993700503486,216.94320716839752,197.33608948845483,674.7806728531903,1.317998527967446,678.2573494252063,3624.8581676086346
5,2016,zero_tau0.50,4259.285213092089,4259.285213092089,241.86258394756325,-4507.595268273055,-736.2441006984768,-1429.1544734587903,-2342.1966941157875,-2241.018266146687,0.26089681775714274,145.68117329773247,9.33542428040348e-4,0.013742758305174196,1126.8580130302694,3015.13578335543,226.76318147144949,174.7800701383277,598.8635789446556,1.314734520975154,600.4583879195422,3667.577282608094
5,2016,zero_tau1.00,4508.616092148309,4508.616092148309,251.6052187083382,-4295.654767698076,-743.4455541227163,-1462.2189035579877,-2089.990310017372,-2305.75283385815,0.23054164798159388,128.82076310651442,8.18620913076895e-4,0.012068186024497024,1137.0419417421706,3094.955638459342,240.32435236652134,154.05725498716066,529.1862031624048,1.3118120561032933,529.4160201479615,3710.638755986664
6,2016,aligned,4179.18610512317,4060.84472031048,245.30576533738773,-3936.332125815172,-547.7473678226899,-1426.2552407894589,-1962.329517203023,-2077.093503779882,0.22403840901324817,121.24700903031601,7.599538407838987e-4,0.011605761784309075,1173.7807626528459,3146.5932547880675,212.87474678177648,149.7510319454671,514.2586429230878,1.1959617399521232,514.5740443585942,3724.291013982971
6,2016,baseline,4164.298485908275,4049.988034494119,243.10281853865925,-3951.667279352787,-556.7354749912424,-1424.4996536158133,-1970.4321507457312,-2082.6612501017808,0.2259776519993659,122.12379759264435,7.63381734139515e-4,0.011705181758670427,1155.9690364225603,3122.736749102891,212.33338060045236,151.05466242342635,518.709988880825,1.1952286908336784,518.709988880825,3702.725456160742
6,2016,defund_0.50,4162.614324962724,4005.6458517231054,242.25283425799003,-3962.7535895247647,-561.589445917996,-1423.356641887463,-1977.8075017193057,-2085.9312363432914,0.22702854229907632,122.53142193869708,7.664131667508119e-4,0.01178924171417704,1147.6549780724044,3117.35819752524,210.8114482121858,151.79111257276915,521.1222065972888,1.195119347469577,521.074532662071,3697.4530658267277
6,2016,endog_tau0.50,4180.317380247107,4124.49851642365,246.49162841508314,-3911.8952843166257,-538.0177928402218,-1428.2448472993076,-1945.6326441770964,-2069.4320305827137,0.22250848818819532,120.65404551873104,7.529420648453434e-4,0.011450437664913935,1140.3978960043346,3122.846013128624,214.79066532186957,148.64087638204037,510.74685665957736,1.1952404245463635,510.75187072669,3699.747672795143
6,2016,flat_mandate,4155.76264097044,4037.5317930386677,241.57878673536624,-3978.1689954143612,-567.0975505357603,-1427.2679763935228,-1983.8034684850782,-2096.323079683337,0.22656011018734898,122.4800184125003,7.692946378884949e-4,0.011764128456886612,1163.0176731061183,3113.4458384174445,211.62335070436302,151.49941443927145,520.0469656904305,1.1956361074491675,520.2242336695896,3693.7940083521257
6,2016,scale_0.50,4127.076112360368,4050.51591110404,242.53889794003894,-3977.918389472995,-553.0136696307313,-1414.7967056427215,-2010.1080141995421,-2063.7802833676965,0.23140504759844138,125.13794704716122,7.818556503051634e-4,0.01197534862140429,1145.9489688063663,3101.2587614950426,211.52380030450888,154.7580730669194,531.168054029923,1.1962390098130127,531.6170469049418,3689.641535637574
6,2016,uniform_low,4126.760676402833,4054.5764487007405,242.40293463941833,-3985.839017883639,-552.4383631252962,-1415.9661204682463,-2017.434534290096,-2064.9601913250967,0.23098500057024332,125.03399372108144,0.00078549891483514875,0.011975632355251845,1148.7015252354925,3099.9793078936964,211.58797959998873,154.5003908615918,530.2038764336063,1.1968555879762588,530.9255685902372,3687.9924652223303
6,2016,uniform_low_k0.75,4110.829947896753,4054.5764487007405,241.92479351293758,-3999.198724526592,-550.6287796339367,-1413.1414459798007,-2035.4284989128544,-2058.3359706227075,0.23326118802035864,126.30253538615406,7.937691544652972e-4,0.012092212479767646,1145.7944649777232,3091.1015214201243,211.14262569110224,156.0529270468373,535.4286460357938,1.1972169442408094,536.319327323752,3682.5105473881413
6,2016,uniform_low_k1.25,4141.240127644576,4054.5764487007405,242.8303085839783,-3973.8598265115133,-554.0675436308255,-1418.5041320255891,-2001.2881508550986,-2070.9142883601576,0.2289411246789373,123.8953039306886,7.780784446610995e-4,0.011870906420718695,1150.9442024568684,3107.943080969658,211.98662696800363,153.10634817224337,525.5123556948382,1.1965299464687689,526.0844854633101,3692.907845228728
6,2016,zero_tau0.00,3806.051636693751,3806.051636693751,231.34475455708014,-4301.310057872568,-503.00607918686444,-1360.267313777945,-2438.036664907759,-1917.0445137939346,0.283402044855781,154.0037308911907,9.77301225580437e-4,0.014739814527072808,1067.1556875002834,2948.2106519873837,195.62462583376433,190.24204024065122,650.5221655120027,1.2049832576627777,655.8312431688244,3609.424480749321
6,2016,zero_tau0.50,3996.4706095316124,3996.4706095316124,240.0930523869754,-4078.922140045286,-516.5171856669574,-1398.2048478030667,-2164.200106575262,-1996.1666857186196,0.24941723757711126,135.59536280454884,8.52610756299628e-4,0.01286833432521481,1110.0598349053516,3040.6456780493477,204.7988330477715,167.00982333586649,572.5133055664836,1.1998481844628124,574.7260382325762,3653.160725993829
6,2016,zero_tau1.00,4212.368165638109,4212.368165638109,250.00707795332303,-3869.4867780037,-521.6900855129087,-1430.9917228793495,-1916.8049696114417,-2058.210140958086,0.2184937536828426,118.86427826078882,7.405698916497527e-4,0.011174247401603058,1131.389372799972,3121.0835006256293,217.65967960990955,145.8439947231859,501.53141932669985,1.19522913489421,501.5316056594998,3694.430791171853
7,2016,aligned,3825.8487932607745,3696.397201849032,168.9450796921,-4668.500463258138,-939.7422416958583,-1412.813452531068,-2315.944769031212,-2434.887544442219,0.24906781413632081,135.32276015088664,9.26148646654384e-4,0.013663291385378315,1128.4386866261405,2972.5974374566313,216.84445335577055,169.80344095790693,571.7112376297498,1.2060768105978823,571.7558974181482,3591.3943472726432
7,2016,baseline,3809.340341868219,3689.2204376941545,167.4627316717897,-4694.877124127396,-948.1540741997886,-1411.8541201183214,-2334.868929809287,-2440.65718904969,0.2514623580523029,136.55478167648388,9.345971700996552e-4,0.01380366979242062,1137.6965998771534,2960.223598688831,215.42872932854127,171.45551676251276,577.207683127985,1.2059826040747896,577.207683127985,3581.4044943828444
7,2016,defund_0.50,3821.0558592978336,3666.093360660348,167.223508932452,-4703.981497426026,-952.7308654444764,-1411.5052264285148,-2339.7454055530357,-2444.73273986169,0.25212901253756825,136.73671109395036,9.365233185409618e-4,0.01387109424795311,1133.803534982517,2956.275243471883,214.60495725910368,171.92203997530953,578.7379244486636,1.2059747106109098,578.7341364612689,3577.6922972169464
7,2016,endog_tau0.50,3808.3615853373476,3743.551107725748,168.05837863241996,-4680.801028480694,-939.6547057040495,-1413.2652284717008,-2327.8810943049443,-2433.6878805010524,0.25026129255762847,136.35989716951755,9.321789874022986e-4,0.013659091752712491,1124.9964116493059,2944.7668306254686,217.35506909163666,170.58885442229462,574.4507526798827,1.2058604833051907,574.392582381425,3565.925627676236
7,2016,flat_mandate,3812.712953902346,3691.900377784373,167.94819072554995,-4690.396927416388,-946.9992270038197,-1410.2409444448588,-2333.15675596771,-2437.8717410622894,0.2510039535432821,136.33029354750025,9.340937814387106e-4,0.013783454803656165,1135.7853980243606,2965.4119861638037,216.34664751399157,171.15904090419266,576.1554596197163,1.206181267835978,576.2503707819922,3586.8499635555945
7,2016,scale_0.50,3753.351070801911,3672.5912082929244,163.61051108808698,-4762.653250505125,-961.2834489027053,-1395.5158110970142,-2405.8539905054054,-2428.633507972055,0.2599937448654749,141.19847323667952,9.679838830325312e-4,0.014275660684203282,1117.6552489120336,2905.7553076354766,214.72371128195428,177.38506049667632,596.7906618864815,1.2071038226831239,597.3455063702463,3540.439464791001
7,2016,uniform_low,3782.3536604378874,3684.067376101091,165.62663583860086,-4719.5912286370785,-953.741256183802,-1398.9058484559243,-2366.9441239973526,-2428.4221968663483,0.2550525172091803,138.57263210621267,9.503515936155158e-4,0.014000296885852475,1119.1102615767225,2932.410897722589,214.86619565974777,173.9785713333805,585.4485485404176,1.2067088753073352,585.8011194958392,3559.099641544796
7,2016,uniform_low_k0.75,3762.0541563560723,3684.067376101091,165.28400159185992,-4738.288096107501,-949.5585397463395,-1394.9631704132075,-2393.766385947953,-2417.543900900156,0.2581959725802929,140.3317892462505,9.627518007773672e-4,0.01416739115825447,1116.4244422326126,2920.400401714197,214.2299184226443,176.15289403201433,592.6640483306436,1.2072386550543075,593.281317813566,3551.758743918393
7,2016,uniform_low_k1.25,3799.6901778743336,3684.067376101091,165.91209667225064,-4703.8760001481,-957.2674866882016,-1402.2276541715537,-2344.380859288344,-2437.587622230621,0.25240634846325444,137.09244993099637,9.399214169381302e-4,0.013859519716759432,1120.7199874732614,2942.510897249572,215.39976036297594,172.1481734962057,579.3745224204372,1.2062605578039711,579.5080561120141,3565.270540228356
7,2016,zero_tau0.00,3482.163519984709,3482.163519984709,167.48531032110645,-4974.97742446041,-827.1715768407598,-1324.142633912809,-2823.6632137068405,-2179.066777527614,0.309241828808907,169.02772430167164,0.0011615679793056093,0.016854921997961902,1057.4387886414993,2847.7711399558275,196.21672194093935,211.39469847470943,709.8349069641819,1.2156170472865164,715.5056886800545,3548.098852102112
7,2016,zero_tau0.50,3685.2487951279427,3685.2487951279427,177.49937659912888,-4692.88768095378,-834.7369471255292,-1375.3885938076946,-2482.7621400205567,-2271.588740105549,0.2694559031311195,147.50775494591323,0.001004850782974533,0.014592221964502926,1110.2465699946595,2984.9858507051576,208.5494123788328,183.79807176453022,618.5101370882811,1.2100279036169967,620.5848426155081,3630.3220339349687
7,2016,zero_tau1.00,3918.170526901089,3918.170526901089,183.97808489763875,-4483.394115872504,-857.8542324356847,-1415.4073688219523,-2210.1325146148674,-2360.6122108377913,0.2373789764441789,130.07606892370833,8.802542553980465e-4,0.012784817780720263,1139.534598373905,3056.6223947075205,223.04286595341983,161.54827176481922,544.8806337373892,1.2048790200304416,544.3820182752464,3662.499007171368
8,2016,aligned,3874.5125467461357,3773.759944937379,187.2569389236014,-4733.805901634053,-846.5629033684452,-1525.5819775512343,-2361.6610207143735,-2473.444295128154,0.25685807833398755,142.3219404283566,9.355056601708929e-4,0.013326732978555914,1426.3762513102133,3488.5599327288037,186.1685148898533,173.73192545686922,589.593040629286,1.2041278430090023,589.793136355306,4090.789658517094
8,2016,baseline,3850.5108407891757,3751.7249848927354,182.58502231418277,-4783.651689618264,-869.7464314007051,-1524.0015948608093,-2389.9036633567503,-2492.464670569977,0.26021257340849113,144.04986782365702,9.483367554326411e-4,0.013524761975067339,1417.7688055725928,3454.98526651383,185.19997550221734,176.0741122638983,597.2929617825574,1.2037193254795229,597.2929617825574,4061.404091534707
8,2016,defund_0.50,3865.545502528827,3716.837700597728,181.64336811501084,-4795.206798735185,-878.619787603172,-1522.4015685684485,-2394.1854425635643,-2499.4375976060155,0.2607957043418085,144.13758630239093,9.501110728863281e-4,0.01359177074848082,1411.69586178037,3450.1719714450983,184.03043728799258,176.50096437807474,598.6314828144423,1.2037031741574595,598.6234504686358,4056.3248948236514
8,2016,endog_tau0.50,3854.976108437049,3804.9988046957733,185.34277384170935,-4751.3086588196065,-850.4284028705948,-1527.6795760754949,-2373.2006798735165,-2477.8954359565064,0.25813093617963456,143.39924592352713,9.412306799387589e-4,0.01332823159467212,1404.666342299915,3454.3376436906888,187.36356159808082,174.5499842414264,592.514763521443,1.2038654191568197,592.5866761831601,4059.737897230503
8,2016,flat_mandate,3833.766630999017,3744.7953350484186,182.60119600570036,-4806.043748351624,-870.8357719615894,-1521.5669622546359,-2413.6410141353995,-2489.265116777509,0.26272692881125187,145.4247503529306,9.592077215895037e-4,0.013669449361462065,1421.41608918803,3434.159042604975,184.79471213955844,177.8326065665865,603.0644230375497,1.2040177642276806,603.2139411084655,4044.3350892864123
8,2016,scale_0.50,3816.6204312614955,3753.4234993842515,181.85018818859044,-4818.832821875884,-867.7678343991302,-1509.8203612242028,-2441.2446262525514,-2468.943325533519,0.2668061851780196,147.75450226706275,9.727621819698444e-4,0.013849487349784377,1408.2061881202378,3425.4519573439097,184.7868402824384,180.65389981104215,612.4279641042303,1.2043080545417066,612.7274975031964,4042.3123953185027
8,2016,uniform_low,3832.2566480066516,3759.56992610182,183.77738017337595,-4792.265030260797,-861.0919031736805,-1512.749993060841,-2418.4231340262754,-2467.793953178217,0.2636813908494227,146.08121464242598,9.624179737904105e-4,0.013687394426796418,1406.7952535483896,3439.5143180794803,185.7719499774065,178.49546142921312,605.2552989441998,1.2043008931407755,605.5477233501364,4052.3385299778097
8,2016,uniform_low_k0.75,3816.835308851079,3759.56992610182,183.4090959119306,-4808.22094622751,-857.897646888482,-1508.948007927009,-2441.3752914120187,-2458.283154048628,0.26641766142103995,147.63745563007677,9.730999617291203e-4,0.013824437278886978,1400.638419651093,3427.138521882036,185.26807928219242,180.39082940661376,611.5361451483301,1.2045705208015702,611.9685854149228,4043.9843571725373
8,2016,uniform_low_k1.25,3845.7674864257624,3759.56992610182,184.0931149788163,-4778.498082958986,-863.8566952207698,-1516.0374973032356,-2398.6038904349803,-2476.019139962022,0.2613168661709357,144.73694466913068,9.531949626444654e-4,0.013568877981429023,1411.7468348396983,3450.198039912962,186.20610624927514,176.85753471150176,599.8277597214721,1.2040683141606854,600.0016649619704,4059.548276412706
8,2016,zero_tau0.00,3539.9818086147834,3539.9818086147834,172.44101941998875,-5177.7124377551345,-816.1022150710572,-1440.8857300196305,-2920.724492664447,-2300.1996563742932,0.32252027929612115,179.1747214734641,0.0011945372768757975,0.016741519543949594,1308.0959334167628,3230.2824551799968,169.6692366867914,219.2833591453774,740.3143143021994,1.2092735188606816,743.7302674878279,3924.398600209239
8,2016,zero_tau0.50,3693.6394770748775,3693.6394770748775,180.67837508632,-4931.429619557414,-822.8356537692064,-1489.4652421266107,-2619.1287236615976,-2386.77477626963,0.2870639685656424,159.72870268833154,0.0010550356001387561,0.014819173997535238,1356.1145269304222,3349.542141874471,178.56303832642976,194.61538330807963,658.9277595608779,1.2064733415444642,660.435334954123,3993.925131846944
8,2016,zero_tau1.00,3876.0231431212837,3876.0231431212837,189.10615074073692,-4705.995357553804,-828.2630117502757,-1531.5858027671914,-2346.146543036337,-2461.7651387944793,0.25483236883522836,142.06887060210983,9.293345673286656e-4,0.013068871134429956,1390.9023361393338,3454.286787879464,189.9288824642922,172.1681988965717,584.9432190992343,1.2039470183419343,585.0538656536974,4057.1013371008817
9,2016,aligned,4728.293777109099,4523.999567964483,193.48367605917434,-4870.395162686844,-799.9716360431734,-1508.3433762301795,-2562.0801504134906,-2388.9056476658834,0.27021783997200255,151.28673456495704,0.001033837442478582,0.01453336176402665,1474.3478516122632,3458.853182617017,250.84765874991024,181.84812040511292,620.259089901825,1.3476962286833964,620.4850526284271,4148.337773590241
9,2016,baseline,4727.370596020708,4533.749668138961,194.74030549870167,-4866.813600676642,-801.7471813693691,-1506.5862747541505,-2558.4801445531225,-2388.9560975626882,0.27050980748097214,151.40362228638784,0.0010318038610100395,0.01453677221823822,1489.799342165182,3472.6339883015035,247.08192083801455,181.98484182181522,620.929273267265,1.3472054366600033,620.929273267265,4158.660340584967
9,2016,defund_0.50,4732.239303400215,4506.414045239043,194.48995661249393,-4877.91484791827,-807.5185724714739,-1505.3185072413257,-2565.0777682054713,-2393.175565606086,0.27144512916491814,151.67146592777797,0.0010344351752862209,0.01462660188482022,1484.4697358483313,3466.5512884939017,245.0877736827415,182.66411042802304,623.0762143297422,1.3468330215803037,622.903974096958,4151.878925845578
9,2016,endog_tau0.50,4744.989504644462,4615.5363980234615,196.38505146960108,-4835.427481794921,-784.2263932854908,-1507.6771541075236,-2543.5239344019064,-2372.6187104565065,0.26845742433979425,150.7882082236557,0.0010260595506838004,0.014341854906897614,1470.3708735741254,3460.7271611335464,250.69339364925153,180.48827939962132,616.2182249537684,1.3480554033612464,616.6070037974824,4147.539279180659
9,2016,flat_mandate,4728.110372741124,4534.720812384939,194.98694398049733,-4871.137981552788,-802.3818343342386,-1507.228231656663,-2561.527915561887,-2390.9825677057183,0.2700439782863366,151.18629083682845,0.0010332814624821889,0.01452927847410127,1503.40797331791,3480.354747705501,247.02041299274035,181.71136397981422,619.86000710651,1.3475718244861592,620.0285850786178,4165.692381797045
9,2016,scale_0.50,4675.226096113061,4537.156699992195,193.88773439609938,-4895.416526192333,-805.3810003377473,-1491.7822747066666,-2598.253251147919,-2371.2995885415803,0.2756767076282841,154.37026116127515,0.001051042814271628,0.01479152463921249,1497.0980328679977,3451.0962556056197,246.19767172679616,185.50745398241932,632.7893961344946,1.347496310493189,632.9260210858527,4144.712494435849
9,2016,uniform_low,4673.539626264679,4523.554890200128,191.30926516648748,-4909.5868170921785,-812.2481533448365,-1492.2494323531125,-2605.0892313942295,-2378.75466715268,0.27531138932946575,154.1779377378942,0.001054658792049265,0.014799994937462134,1476.4159648261268,3430.7186719620468,248.30203340965193,185.35939158908008,631.95084307829,1.347508246500213,632.0928859535676,4125.754199736187
9,2016,uniform_low_k0.75,4642.372898248591,4523.554890200128,190.91901208208247,-4926.411967793127,-809.2218882949084,-1488.4106052551813,-2628.779474243037,-2369.3666712593754,0.2780266990825601,155.75557415016982,0.001065714523022265,0.01493797155635646,1474.318122226836,3418.2283382743112,247.663261734148,187.21513920609135,638.1835757373563,1.347607071082802,638.3738336483668,4117.050294450734
9,2016,uniform_low_k1.25,4700.395791045613,4523.554890200128,191.63989167815623,-4895.248541760095,-814.8319459706378,-1495.5275057968572,-2584.8890899926,-2386.768892665281,0.2729947024553978,152.8326338450894,0.0010452327304326019,0.014682150187152689,1477.5104999046346,3441.3683475900075,248.84586926366507,183.7760341639435,626.6331109394876,1.3474251906544907,626.7353263295533,4133.173509019282
9,2016,zero_tau0.00,4119.147455560329,4119.147455560329,182.22130783373393,-5265.722362311573,-755.9942512054375,-1425.3059451767945,-3084.4221659293416,-2208.770588395257,0.32962246503743126,185.39818216848556,0.0012765004165231338,0.017636373887932526,1399.294583507173,3234.2799476915065,226.9103057137957,222.54360564837083,756.6166993137705,1.3484627223460504,757.3228153373443,3995.9694630942754
9,2016,zero_tau0.50,4329.381167072787,4329.381167072787,187.92198010959982,-5056.269816111188,-772.83042866379,-1468.8572200736644,-2814.5821673737346,-2296.2855202020946,0.2987907815438652,168.13563431622651,0.0011515898208638038,0.015950427244353475,1426.370174580558,3319.887203377717,239.24039764196243,201.33709712295138,685.8455320738806,1.348338577309287,686.4223998851102,4044.2129037818377
9,2016,zero_tau1.00,4697.079978483313,4697.079978483313,195.3708454367237,-4839.310867078756,-776.5465920427175,-1511.3021700245688,-2551.4621050114697,-2368.309573152682,0.26869252160908924,151.35661605769835,0.001030149049370717,0.014292120558979675,1439.2195697278926,3412.162034547559,254.08044297107972,180.59927027855628,616.7578681479646,1.3486067511025324,617.3993974089524,4103.042604649035
10,2016,aligned,3589.4246586650656,3479.195320233105,199.8477958257129,-4058.4772971133307,-457.2165531371004,-1322.2463334818233,-2279.014410494407,-1847.2877483251996,0.2463116396052121,129.94900558954876,9.11516115115751e-4,0.014983934396960987,670.6234802283186,3030.680018846206,301.71618474722106,166.9749996216442,565.3847037989219,1.3281777167527515,565.410595187861,3730.831799159644
10,2016,baseline,3571.3720029865362,3460.7431033271673,195.70476533643364,-4105.733222244487,-474.7999525230842,-1328.8615959886733,-2302.0716737327293,-1871.4929423346437,0.24887716034001445,131.1850275053039,9.209552940713715e-4,0.015164420375285589,669.8347986205322,3006.441359613803,299.494481061541,168.725539749509,571.2736101577975,1.3281168965874819,571.2736101577975,3708.4839110836324
10,2016,defund_0.50,3562.456126986961,3413.7785338483086,194.82337309709456,-4123.110254435371,-478.87190190808946,-1328.3526791737324,-2315.885673353549,-1874.3398756295544,0.25052806583445425,131.9404076428389,9.268332682229818e-4,0.015292505698162954,663.1855722586439,2998.766842864098,297.20002109653836,169.841174252083,575.0631051060263,1.328366967687046,575.1713837247098,3701.2970734332634
10,2016,endog_tau0.50,3587.782901022037,3520.8961157114254,198.06919572559931,-4067.553302200419,-462.09593988957755,-1332.0994625217259,-2273.357899789115,-1864.0174432858703,0.24535342051298567,129.57940577266766,9.085389814535694e-4,0.014895955148680395,660.111544149441,3009.026904994632,302.8920781028394,166.32023421404517,563.1852039356543,1.3275249823881388,562.9342039521995,3708.532952835625
10,2016,flat_mandate,3562.046339564674,3454.5611788349806,195.07358747735998,-4119.091843995078,-477.2745153442601,-1327.042694803903,-2314.7746338469146,-1871.1504665547168,0.2500534076713617,131.80150731177963,9.268691546679649e-4,0.015246163873144864,668.0917082955531,2994.0338754828485,299.46050148637755,169.5592011363864,573.9735728964401,1.3283556411167687,574.0767513522195,3698.0119271850594
10,2016,scale_0.50,3532.458598293576,3463.9730158155367,195.24515611690126,-4143.292847671537,-471.4975690005532,-1317.2928373156687,-2354.502441355316,-1850.331536969785,0.25521587585844857,134.59575998843232,9.453667501221946e-4,0.015539046556351044,664.768760278778,2980.9317907905643,298.2904866326382,173.04161354788062,585.8235226247831,1.3293209934303942,586.3546417272572,3692.535305602579
10,2016,uniform_low,3543.2779129618352,3468.66437014788,196.18931240154043,-4123.933009183,-467.9595751048563,-1317.8550163935333,-2338.11841768461,-1848.8966253531557,0.25296892968410417,133.44419662893094,9.381798954340793e-4,0.015403581005189328,660.7917264064682,2989.1720498914156,299.04950898124696,171.53064337089842,580.6658735617101,1.3290529258897483,581.0751148520487,3697.766030353813
10,2016,uniform_low_k0.75,3527.1139409096736,3468.66437014788,195.79364005572072,-4140.43278127627,-466.1496303020917,-1314.9230604760678,-2359.3600904981117,-1842.0805340660186,0.2554422455653499,134.77976230677123,9.47903792505862e-4,0.01555086860387067,659.8793947228095,2979.7667276548314,298.36375739462846,173.2133464761135,586.3431325380238,1.329512162975152,586.9591211355439,3691.87625970889
10,2016,uniform_low_k1.25,3557.732383401944,3468.66437014788,196.53700764287368,-4109.3652674629675,-469.56188871384734,-1320.448500000931,-2319.3548787481886,-1854.925829717212,0.2507830191439192,132.26415285698477,9.295910015583807e-4,0.01527334448849777,661.2479497612022,2997.4783187916773,299.65380946994406,170.04335941200858,575.6483259327214,1.3286440709323786,575.8768201487759,3702.9655889983887
10,2016,zero_tau0.00,3219.7854746093003,3219.7854746093003,185.13247480296653,-4518.412218520717,-425.9693053965357,-1266.1926878539261,-2826.2502252702548,-1712.8900505903619,0.30914773007988006,163.4987606986316,0.0011593025779415077,0.018816604894585875,638.7011717203293,2828.3808522238382,274.4939825947429,209.69285651763792,709.6189123724362,1.338354910517275,715.0891298874612,3608.271108188404
10,2016,zero_tau0.50,3363.382834480752,3363.382834480752,192.37905178512597,-4265.275414298525,-441.5534869786898,-1304.200421843508,-2519.521505476327,-1794.443605581116,0.27359260073609915,144.73066184734387,0.0010200149341794958,0.016607664975998644,654.6966903479414,2924.182228210773,287.96923951406086,185.52620848415947,628.005528998488,1.3325928332883972,630.1219940497531,3656.7472532904276
10,2016,zero_tau1.00,3615.0702009327642,3615.0702009327642,201.28028617355054,-4018.2145922758395,-449.0877132737285,-1333.5408702772029,-2235.586008724908,-1854.9113125482365,0.24081437670403202,127.43335797388184,0.00089215563931985395,0.01456574396399859,650.958950783602,3011.3843243448755,307.1450939210176,163.21675954159534,552.7662649704927,1.326761194870112,552.2020178197711,3707.514676544069
11,2016,aligned,3372.4502676761635,3268.141851238783,161.2688560814203,-4284.873309116248,-603.360866258354,-1267.9136524673365,-2413.598790390557,-1919.6641920037418,0.2568507766336218,132.56883063771662,9.79294819391658e-4,0.016248365326504297,416.855366044163,2427.552907520678,297.6594848739034,175.379929862272,589.5762802776228,1.2570653398604874,589.6455115199944,3139.477974052304
11,2016,baseline,3361.8642513842483,3266.1118800854706,160.36092400748782,-4295.910612236746,-606.531353253018,-1269.0453134150941,-2420.333945568634,-1923.7181775112647,0.25853166283526147,133.25901883592536,9.81455043214604e-4,0.016351379234904,416.83668737371283,2418.5123282020895,293.88235235714365,176.50091905924043,593.4345930587684,1.2569177457662044,593.4345930587684,3129.328354558761
11,2016,defund_0.50,3341.7193061811536,3192.0981396950738,159.34123905995096,-4313.842144317019,-611.2396180480584,-1267.9596346814976,-2434.6428915874626,-1926.5841504113937,0.2604086971622426,134.09172562619335,9.87421730673991e-4,0.016493845773874753,412.7324634830466,2412.1191074695225,290.76180302877754,177.78093552725113,597.743145016287,1.257095687949991,597.8277676743138,3122.9277426453627
11,2016,endog_tau0.50,3358.4074127263425,3308.5020799648773,160.77821176817193,-4283.625050988041,-603.696402210437,-1271.337484522102,-2408.5911642555025,-1923.756937303069,0.25647177979668384,132.45297029828205,9.770637917842784e-4,0.016184588703442047,397.03790475979565,2393.9663663429596,297.4385854929681,175.13465926133162,588.7063294513592,1.2563862346793944,588.457384011586,3104.727676586182
11,2016,flat_mandate,3361.836627376316,3259.6510217570612,159.70776161052356,-4308.2832566245725,-612.5293397330906,-1272.0433069821966,-2423.710609909285,-1933.8546019031867,0.25769010502935213,132.93533981008872,9.831904990417442e-4,0.016321552613655053,420.2362362044592,2418.3652633333977,293.7930377104933,175.96582442172448,591.5028779697602,1.2571111556608667,591.5938962640805,3127.7863728862467
11,2016,scale_0.50,3333.1655790892246,3268.9678925763938,160.15431407885887,-4326.659804398822,-601.0735151012303,-1259.621119248763,-2465.965170048829,-1903.71472234762,0.26385221471838166,136.0621468141578,0.0010026506431578424,0.016680654688026354,407.87048188255693,2401.9581060087253,293.65957092347105,180.1436451011402,605.6474087231284,1.2580517406412417,606.1938255908074,3121.6678574218636
11,2016,uniform_low,3360.8604636369937,3284.5909021702187,162.51212638673508,-4284.243107273197,-589.9772533113161,-1264.4523400294272,-2429.813513932453,-1901.2215511721145,0.25879488002413653,133.5860308433991,9.866809065838971e-4,0.016366095740399843,407.73555578673387,2429.4768279688183,295.9878485519587,176.7012535633071,594.0387828266797,1.257586801644836,594.354988991422,3143.118411948892
11,2016,uniform_low_k0.75,3344.6479670750546,3284.5909021702187,162.177371166346,-4303.029801307942,-587.4991049506617,-1261.2549855380717,-2454.2757108192086,-1893.3070449044542,0.26157938969016115,135.04678163992577,9.97842155501533e-4,0.01653966529792221,408.33029789609196,2420.650748566568,295.2181784012862,178.60791092417037,600.4303572373485,1.2581128460477182,601.0012573550221,3138.262273398706
11,2016,uniform_low_k1.25,3375.100618296637,3284.5909021702187,162.80015324310588,-4267.973029243596,-592.1290785047114,-1267.227088356075,-2408.61686238281,-1908.0897003245755,0.2563808740235655,132.319887325086,9.770101756381884e-4,0.01621555528347389,406.74137328096106,2437.1229426742093,296.65276891142037,175.04826397935398,588.4976639831316,1.2571270188515091,588.595647102752,3147.323094709028
11,2016,zero_tau0.00,3045.1923615699834,3045.1923615699834,154.11994636612386,-4703.672931926491,-531.5426003420633,-1204.2626856290804,-2967.867645955348,-1737.001685138821,0.31977003446061286,165.31007907058313,0.0012304131914871038,0.020219917277935213,382.05702930172004,2271.2916962755985,270.226053399959,218.41363017902006,734.0013915179143,1.2679938459584374,740.4694941293028,3063.5736136258406
11,2016,zero_tau0.50,3189.606404920425,3189.606404920425,158.2698379224648,-4461.437769875227,-564.1456441733471,-1241.8128563817977,-2655.479269320082,-1833.9555705929452,0.28408205538216846,146.94800083942073,0.0010891075795351473,0.01792231337354689,392.2246919675647,2337.279066084933,284.00939144587414,194.03427524374166,652.0830643418672,1.2617936289801903,654.6126498125623,3081.8668320996276
11,2016,zero_tau1.00,3412.0966262481834,3412.0966262481834,166.4388181555935,-4200.457229320546,-577.0884877224711,-1275.232197096577,-2348.136544501498,-1904.9992313337498,0.24923586050162605,129.01921741251067,9.507613233279086e-4,0.015668178727134843,390.8123275922714,2415.846821692363,303.65851983400955,170.18526902779013,572.0969719158959,1.2553710915140595,571.3929988697412,3120.7130713683237
12,2016,aligned,4803.177569699032,4622.984627180947,250.324305634177,-4267.9179396527625,-619.2160935698433,-1427.457060203873,-2221.2447858790456,-2136.1671923752083,0.236169419910855,129.4837787974354,8.828088483350971e-4,0.01331838267823949,920.2989456842065,2994.5601039297057,250.2940467584383,159.8818629141275,542.1042129258616,1.3642212492204946,542.2744229115093,3627.2467106855256
12,2016,baseline,4792.2257852366665,4620.143398525566,250.08415912627254,-4272.255345416053,-619.7855907435808,-1426.7381192553787,-2225.731635417094,-2135.540726488508,0.2375386892301454,130.10961178156467,8.842408532587448e-4,0.013387366252258781,912.0624754345054,2983.92412306102,247.5058728404346,160.77871897073763,545.2472390928294,1.3637930452163236,545.2472390928294,3615.898516023546
12,2016,defund_0.50,4794.231162397309,4591.782908911081,249.6193169914886,-4284.887956933841,-623.0933137245346,-1424.9897210719332,-2236.804922137373,-2136.2697029008505,0.23904803328269567,130.7737797361995,8.88939607283342e-4,0.013500721929258908,906.4977169319412,2977.371674399309,245.65021633255583,161.81359816440659,548.7117933520174,1.3636220391475253,548.6429903565677,3609.8512829240262
12,2016,endog_tau0.50,4797.559175316909,4687.616995018759,249.54092408542698,-4270.2210035165845,-619.4411310271198,-1429.9529221191942,-2220.82695037027,-2138.568132319592,0.2364229197065023,129.76812291452893,8.827126074970661e-4,0.013283083884662024,893.252991156817,2951.404285077172,250.5109553433531,160.02244389727994,542.6860973512378,1.3641676288824272,542.8351532131974,3584.7279497364425
12,2016,flat_mandate,4789.331965847169,4613.8354346696015,249.61505479904315,-4289.85696764124,-625.2039958536075,-1430.0194601600033,-2234.6335116276286,-2145.168000900947,0.23749238146330592,130.13772082982985,8.882166679208154e-4,0.013409600505030646,919.384123624183,2981.7242421623396,246.9300438468236,160.79679360023823,545.1409440631667,1.364069764464543,545.2515554148991,3613.109047823824
12,2016,scale_0.50,4737.122132385511,4622.515153772894,249.57133277928023,-4297.636040042216,-615.8720501354823,-1416.6255595960545,-2265.1384303106797,-2116.260749931552,0.24240402737135405,132.87801044360117,9.028489344370129e-4,0.013643934040779229,906.3761094281301,2966.2530211898193,247.22435275510026,164.0810875713389,556.4151553482604,1.3644205474577478,556.6711705540631,3606.0674569276443
12,2016,uniform_low,4756.125474540546,4640.659117660075,250.83335803593678,-4275.359329273073,-606.2689204738716,-1418.5020895960006,-2250.588319203201,-2110.4387862310123,0.2397253023543271,131.54254970158146,8.966918105886844e-4,0.013500064872109042,907.7590999534923,2989.923715880446,249.05439006154066,162.28800546317308,550.2663994358803,1.3645777649753115,550.583019994886,3627.2731204736992
12,2016,uniform_low_k0.75,4730.778992384586,4640.659117660075,250.38058746350285,-4289.661914208234,-604.4510110036994,-1415.7927930513213,-2269.4181101532126,-2103.991409492933,0.24190405267928436,132.7788529330796,9.05395497228201e-4,0.01361803992626758,907.6180545438398,2981.5786654969806,248.56039150365308,163.76872530635453,555.2675114787467,1.364747573098877,555.6561469273887,3622.026478621668
12,2016,uniform_low_k1.25,4779.084496605341,4640.659117660075,251.23789523009867,-4262.538538330448,-607.9019806875892,-1420.9345531097165,-2233.702004533143,-2116.2271239875695,0.23777034130274752,130.43367917722645,8.888871897551414e-4,0.013394125182890978,907.51228725539,2997.4069718970673,249.4968421272213,160.95933001434975,545.7789741690219,1.3644253458546114,546.0320157833207,3631.97649979326
12,2016,zero_tau0.00,4230.174232619374,4230.174232619374,239.2572183875372,-4624.63263863945,-555.562260675931,-1373.4843435544751,-2695.586034409044,-1975.128630196692,0.2905059849984395,160.06989755690833,0.0010998665158921204,0.016312816427219042,870.2559421196121,2839.113013238065,229.91514950026655,196.82597503110222,666.8285775833112,1.3673487243148725,668.5671320098386,3540.769319717068
12,2016,zero_tau0.50,4438.972240333083,4438.972240333083,245.2385368659864,-4423.111297640617,-581.9674429471273,-1407.098563696409,-2434.0452909970804,-2059.634948784524,0.26042850714142424,143.391886550253,9.801517192627493e-4,0.014602079278008787,882.9635151600437,2896.5922834651583,240.18988349339764,176.35458238207397,597.7886169202125,1.365880467937366,598.7035926533097,3559.1311772297913
12,2016,zero_tau1.00,4836.284873237972,4836.284873237972,255.10864947054858,-4196.9217386495575,-588.8997470859573,-1434.4655368737167,-2173.556454689884,-2116.1236039052123,0.23062879515565046,126.96616912041108,8.619493247275092e-4,0.012888778543301019,882.6327275201961,2971.979965607945,255.69022122610173,156.0266305921582,529.3862411276016,1.3647575025277363,529.7606164278773,3601.4041726697656
13,2016,aligned,2865.00077538942,2697.6679715243818,153.9686570178747,-3938.777857628347,-208.2519937565284,-1233.1567441054578,-2497.3691197663607,-1480.0247637591392,0.2617779836710272,136.7469151420898,0.0010192563294834324,0.017084509644003282,865.37691605315365,3652.9511931668767,259.97184015566995,178.8961047897672,600.8862106400873,1.2604155923613531,600.5624044075547,4334.589332940334
13,2016,baseline,2820.344116503248,2684.379153122256,150.03496581700574,-4002.7213185725486,-217.38062700540942,-1236.983813100448,-2548.3568784666913,-1490.521711818858,0.26720682562164355,139.53676377889676,0.001041601065004291,0.01745365002028997,871.8604453619878,3611.6188355453814,254.42607370646482,182.6344151201516,613.347595750186,1.261095172737002,613.347595750186,4296.75808988188
13,2016,defund_0.50,2815.991573409219,2659.154770846762,149.07603264024817,-4032.565967083237,-220.32503901305205,-1235.1910694633793,-2577.049858606805,-1489.7719299541327,0.27037894043912,141.08259618513594,0.0010542756534555333,0.017688707893122876,866.5387494890522,3595.5753714040457,252.20300187918247,184.81509591359378,620.6288805460229,1.2613478174690957,620.7532158227292,4283.7164931923635
13,2016,endog_tau0.50,2859.5133287624167,2764.0309860219863,151.83430266233125,-3956.440699956459,-207.92149511288568,-1241.0787157655616,-2507.4404890780115,-1487.656692971896,0.2626946560231968,137.33704533859813,0.0010235867543356254,0.017126863067699734,873.986027496875,3621.4786685204817,259.8382209496126,179.5255211418927,602.9903439532461,1.2604395949850666,602.6768806535099,4304.468248981711
13,2016,flat_mandate,2803.7578977237895,2676.422055918126,148.38795187912245,-4032.1741666217567,-225.87660655993773,-1235.9947055194373,-2570.3028545423813,-1496.6963490390635,0.26939015513367226,140.6667383846934,0.001051477867171371,0.01760603912552809,872.9142307009789,3595.93544829825,254.0488983418083,184.15875792612738,618.3592188770198,1.2613693055098891,618.4936357957233,4284.319224509653
13,2016,scale_0.50,2775.290269995758,2685.2246942189913,148.8453478712605,-4036.217632920761,-217.76920660301167,-1228.3780394104103,-2590.0703869073395,-1477.4065293158048,0.2720117127774318,142.0787410034402,0.0010610888694045566,0.017760174677673587,874.9333618181288,3589.6859830995454,253.5345509212039,185.93551813957617,624.3767525765412,1.2621038531811772,624.8761570891719,4282.161172970345
13,2016,uniform_low,2807.2818410641275,2688.5972546370076,151.08751271346597,-4004.7897280994266,-216.31120320628455,-1231.9792569469441,-2556.499267946198,-1482.958890956683,0.26808774813271424,140.03418759885912,0.0010457295818067393,0.017506912243779673,860.2666933787438,3607.8040958545425,258.11054940926226,183.24437712210243,615.3696687378442,1.261506822390603,615.5705391530586,4298.240807294761
13,2016,uniform_low_k0.75,2782.998585618489,2688.5972546370076,150.80765347089206,-4022.758940730092,-215.25577661219896,-1229.29155969683,-2578.211604421063,-1477.2765654991113,0.27048008049603,141.30363824223562,0.0010556521651313387,0.017660696467261604,858.7744538657482,3596.6705794462932,257.52304167763646,184.883675376733,620.8610378294138,1.2620272446118732,621.3199144662249,4290.629860213422
13,2016,uniform_low_k1.25,2827.9162383926123,2688.5972546370076,151.32178012417842,-3989.6630606502295,-217.20273714600657,-1234.245656387128,-2538.214667117095,-1487.7511142500568,0.2660719977893588,138.96472623235812,0.001037374053588772,0.017377281705135948,860.8503168611146,3617.178685709664,258.604300334693,181.86309918889776,610.7427074921749,1.261064246122753,610.7277298723027,4304.647616727762
13,2016,zero_tau0.00,2322.0544728433406,2322.0544728433406,140.89778170263074,-4436.423108558463,-195.34055711592987,-1203.2351911282033,-3037.84736031433,-1398.1232036265503,0.3201371406683614,167.4242246940298,0.0012624188119138766,0.020907328408809833,813.9261515964596,3424.012093717599,239.63586178653043,218.9028039729782,734.844048547291,1.2709563795707004,740.5902041982638,4185.335355729415
13,2016,zero_tau0.50,2504.753468183932,2504.753468183932,147.904909081323,-4158.552369442827,-193.87049542161913,-1228.3966826587398,-2736.285191362468,-1444.9262891543892,0.2874334073078888,150.38067840287508,0.001126260160174259,0.018739220997832703,845.7874730619369,3530.2309608131955,251.2952347759022,196.47161070481155,659.7757706990911,1.2654071805352005,662.031713255863,4247.08629814015
13,2016,zero_tau1.00,2920.3154108700114,2920.3154108700114,156.26310474070405,-3888.0217576243754,-190.86056918324326,-1240.5076468496973,-2456.6535415914345,-1472.5078757603296,0.25722633503718356,134.6341338288957,0.001001415611916876,0.01673528453990024,857.7477144315632,3629.002073891753,265.9887846627875,175.75355806298006,590.438338510426,1.259564793976393,589.7218229672379,4308.959123458798
14,2016,aligned,3821.8760090891387,3727.4067655016656,210.66385339298108,-3856.1946507036173,-357.3328483792439,-1303.5459303562682,-2195.3158719681055,-1729.3515925228996,0.2309236132686698,121.06883035023296,8.797847726500386e-4,0.014586666286999093,519.9748460138069,2903.8866101162885,327.83990691518903,153.0632746160461,530.0629677807599,1.358057382678098,530.1498786737026,3608.8131210891343
14,2016,baseline,3795.681440841678,3704.761672965753,206.12216681550694,-3899.7970122337447,-377.27329129152344,-1305.5119909988337,-2217.0117299433878,-1750.6200614337347,0.2340052074303096,122.48387735187136,8.884704096773382e-4,0.014792251993338569,509.1462804509667,2865.5888152575303,323.08389897546175,155.12192532373393,537.1364711080884,1.3578347475619847,537.1364711080884,3570.687260017346
14,2016,defund_0.50,3769.5335547508535,3620.091997736798,204.75320172439604,-3918.5471831499053,-381.85027191087147,-1304.5200754262007,-2232.1768358128334,-1753.5183738546214,0.23595693288650077,123.3717560803702,8.947712267733339e-4,0.014938007795284997,496.06264242649286,2858.151955217267,319.6654065143292,156.42481823287582,541.6164693765995,1.3580788672589648,541.7138444427635,3563.106387941484
14,2016,endog_tau0.50,3820.6375742306855,3772.204090450076,210.85720769124705,-3836.678050319554,-354.68270802504367,-1308.9708418944676,-2173.024500400043,-1734.4076284499195,0.22866257810832535,119.95023941941888,8.694118373487e-4,0.014405298830254794,495.49042157510087,2881.874894150689,327.38558980687856,151.52260929939632,524.872978803953,1.3568916819754004,524.5084354421582,3582.24631010033
14,2016,flat_mandate,3834.82892243002,3737.504020814408,211.6202200197117,-3833.283760232198,-351.98536632884867,-1307.991261170233,-2173.3071327331168,-1731.6758855123928,0.2282803600116092,119.64718878759955,8.692368558274111e-4,0.014427359206149825,520.3092454063565,2927.195085363501,325.3917234906627,151.27015425317344,523.995633885358,1.3577967897353231,523.9809857586414,3625.2976403596317
14,2016,scale_0.50,3787.310764446574,3724.184133526924,208.5081695304961,-3894.348468207381,-360.4666079625679,-1296.858104490172,-2237.0237557546407,-1721.7995076413656,0.236528144654528,123.89267302298147,8.982068539356842e-4,0.014932283195936926,505.9030490637449,2875.5650186488483,323.11812777533385,156.8007354509029,542.92763110972,1.358841088227048,543.3300145030992,3585.2124254763785
14,2016,uniform_low,3776.717071938866,3714.395292955032,206.96503251951142,-3918.642993084772,-369.70476517516977,-1298.0427863337611,-2250.895441575841,-1732.1810389533396,0.2369649364290501,124.20906928248999,9.047782340472194e-4,0.014983224318870803,506.5523039095762,2856.6915414269424,322.97876516945405,157.14753302330973,543.9302446624364,1.3589538111056358,544.3785263905214,3566.9012999636084
14,2016,uniform_low_k0.75,3763.249326460191,3714.395292955032,206.56865062615435,-3935.1908942191153,-368.2811369423345,-1295.3463812663138,-2271.5633760104665,-1726.1490171325875,0.23929474391750655,125.45319171227844,9.142316290459938e-4,0.015127779378611957,506.8644970081765,2848.4179176356765,322.3008199639592,158.71451874908144,549.2780939109766,1.3594283065898034,549.9227283680831,3561.9269472186375
14,2016,uniform_low_k1.25,3788.729666688111,3714.395292955032,207.31237661170678,-3904.082935207355,-370.96148045451264,-1300.419864661321,-2232.7015900915217,-1737.49934294971,0.23491274845138288,123.11339983371612,8.964570473285503e-4,0.014855848235114207,505.930246338426,2863.973861195292,323.574154870231,155.7673032073535,539.2196443280276,1.3585325805850224,539.4967658814113,3571.2774787395806
14,2016,zero_tau0.00,3504.2039162028723,3504.2039162028723,196.80751698725496,-4307.939948209274,-338.1771327122141,-1241.709523833149,-2728.0532916639113,-1602.9461867941075,0.2903015024988655,152.4583580467033,0.001121850344166784,0.018348879318144367,488.33333336742203,2704.638966751317,298.9912372972204,192.9918427152332,666.3592076516304,1.368850520134015,671.7652126871832,3482.403574020487
14,2016,zero_tau0.50,3635.332835887549,3635.332835887549,202.39067898199156,-4071.9016169496035,-355.5374260656408,-1279.1614595447518,-2437.2027313392105,-1683.5640731453343,0.2576681584295994,135.35077217040026,9.89465968487351e-4,0.016248553406503476,495.3203140496604,2774.5531398701214,311.2830091533451,171.06829660034845,591.4525016585942,1.362416352849335,593.4481803769957,3508.216032800114
14,2016,zero_tau1.00,3800.869811323215,3800.869811323215,206.1688550660656,-3887.5574935125883,-381.38835025981365,-1310.6338697276938,-2195.535273525081,-1761.5016599774588,0.2303964039897894,121.0208022798019,8.800064494328251e-4,0.014502470236770081,481.78808022110843,2804.8792725539015,328.51648600253725,152.75971770007322,528.8528095338431,1.3561124872498347,528.1820193611328,3508.818060217498
15,2016,aligned,3399.6827570528967,3244.631292871326,177.2218134354926,-3980.460782869572,-657.3820474066024,-1161.8280925604938,-2161.2506429024766,-1858.0297602521662,0.23512075011585346,122.83096596904551,8.740189346097052e-4,0.014831266533702777,144.0692311843501,1996.7966094380558,287.9217055890464,156.92273437818235,539.6970921646173,1.2275289798460909,539.6934742564431,2667.489054905363
15,2016,baseline,3366.5117473839705,3221.351863143655,170.5968557821067,-4026.544794160114,-687.1576170806583,-1158.0663664130375,-2181.3208106664183,-1883.4542492442065,0.2378124532855214,124.053252022573,8.821594901433832e-4,0.015019350381028678,154.94339771383585,1967.1227481952542,280.3579516905862,158.7253298165413,545.8756381794809,1.227537208752576,545.8756381794809,2634.63100824878
15,2016,defund_0.50,3366.156836383062,3201.4005734831976,169.85146325341728,-4036.5469457226395,-689.5553507106523,-1157.2036622584708,-2189.7879327535165,-1884.4363321339483,0.23905798683456086,124.58461216652633,8.85616019175198e-4,0.015116352225892863,148.7519236439267,1963.6368036675756,278.8831447157442,159.57056431791815,548.7346407740154,1.2277067733406495,548.8104396684693,2631.759823733871
15,2016,endog_tau0.50,3378.431494897121,3299.4679783502197,172.11829431939742,-4010.119885539094,-683.0350716818608,-1158.53499244486,-2168.5498214123736,-1880.1766485710214,0.23569319775856576,123.19404430289423,8.774100871745387e-4,0.014849127407572464,145.51177851513444,1949.0973287615811,283.2896577394421,157.29106272962903,541.0110907293381,1.2268666096579621,540.715538346052,2615.811462117446
15,2016,flat_mandate,3393.2003308300855,3230.2513770054456,173.46790087986165,-3998.8732330447046,-676.6065424216986,-1164.1960935853658,-2158.07059703764,-1882.3296751033447,0.23429418542263422,122.32178342843038,8.716820296360362e-4,0.014800795083351227,150.96677866658783,1991.4206292998508,281.5054970808839,156.37221776422888,537.7997923252941,1.2272076805329506,537.6554217866121,2654.209330403118
15,2016,scale_0.50,3322.5865336184256,3223.3878911204188,169.98287662075367,-4056.584785931967,-680.9162453418834,-1149.7447064386056,-2225.923834151478,-1864.064248551977,0.24301270231706346,126.82745822375601,9.027527988106858e-4,0.01534421825272319,157.0869191541085,1952.0474290135423,278.466059457918,162.22524746976794,557.8123102063958,1.228850367012809,558.409030075728,2626.6972710774203
15,2016,uniform_low,3341.2647337651747,3226.2795769983204,171.8243392613243,-4045.22401954851,-679.9418025004057,-1153.4692096159945,-2211.8130074321098,-1869.0398014742768,0.2405010436546799,125.58563904998816,8.965540466360084e-4,0.015200503579985421,151.1241890608606,1954.6339219376373,280.6447912392357,160.5567417178044,552.0470390598442,1.22862907254066,552.5380711580736,2627.260042617142
15,2016,uniform_low_k0.75,3317.387674845451,3226.2795769983204,171.46969667994043,-4064.45487027575,-676.947485680566,-1150.7471874827954,-2236.760197112389,-1861.1027382844136,0.2433735608711074,127.1084239727884,9.078575555621284e-4,0.015381299912795627,155.43638983690366,1947.5186489954624,279.90479258216124,162.48857325126338,558.6406263469503,1.2292880108043232,559.4373998767657,2624.3722682031257
15,2016,uniform_low_k1.25,3361.8122663397767,3226.2795769983204,172.12325312698712,-4028.902501349349,-682.4916841978239,-1155.784708504275,-2190.6261086472505,-1875.7926988140105,0.2380600608613865,124.29187667570227,8.869549536871192e-4,0.015046822813138756,146.58346667599076,1960.6733939097408,281.2710676310647,158.91520581556563,546.4439975804547,1.228064717206826,546.6788204652053,2629.7080761904454
15,2016,zero_tau0.00,2859.4007133008363,2859.4007133008363,160.49352733725738,-4503.857766476892,-623.4680993649964,-1101.5620723810887,-2778.8275947308066,-1714.1577255503428,0.3052006688197407,159.59013387843888,0.0011517472299004728,0.019345239072985028,149.02563505231802,1803.609710298864,253.27537937942984,204.08468282271838,700.5588124720948,1.2421317408661288,708.8879515101255,2561.688358365701
15,2016,zero_tau0.50,3105.1580560526177,3105.1580560526177,168.2870314833804,-4212.814735025693,-644.9394299186681,-1133.9086045526014,-2433.9667005544234,-1795.9704376226052,0.2657318968838349,139.08379344950288,9.969381032871635e-4,0.01676487669912194,152.37921312115677,1882.5967362438491,267.99674874056865,177.49904018558783,609.9620385394629,1.2338728767901685,613.1102257912745,2586.2046705901043
15,2016,zero_tau1.00,3428.599965447966,3428.599965447966,177.39257204752474,-3948.0202468122834,-659.1807768247419,-1158.198459848855,-2130.6410101386864,-1857.2624308183836,0.2310109183549809,121.01781872425414,8.617138844145782e-4,0.014501609868935538,140.24369564512168,1941.9258775827425,288.97248252367854,154.12207806066215,530.2633682183651,1.2258319594428342,529.526745950471,2606.30302799623
16,2016,aligned,3221.1692660669573,3085.70739392802,128.33074090698148,-4281.816489823841,-839.4783558276052,-1096.8691474836905,-2345.4689865125456,-1949.3524876096778,0.2660506571743797,137.0568424992501,9.563718023593888e-4,0.01642004843801181,502.7138269892105,1957.5012287701488,213.52749713327677,177.8939460831336,610.6937221608354,1.190628083025089,610.6978931442815,2603.8326729645737
16,2016,baseline,3200.9994013513,3077.181703757839,126.4572687725504,-4306.421486926527,-846.6129181266725,-1096.3627340806668,-2363.4458347191876,-1954.940288903543,0.26842186247338534,138.2140177078448,9.640004840455109e-4,0.01657025723805274,506.29273673445647,1947.8241170639312,211.45830336534894,179.49458261390944,616.1365961061085,1.1906199511974203,616.1365961061085,2595.924433921479
16,2016,defund_0.50,3203.2960718884397,3052.5975130160023,125.8577663199513,-4317.022116979239,-849.7050341701696,-1096.4156609934948,-2370.9014218155753,-1957.8627916673547,0.2694412210529123,138.62320206609868,9.669492956272406e-4,0.016658423361459694,497.8777086267336,1944.2518071241348,210.24483750766717,180.18930343879325,618.4764357883683,1.1907013235884099,618.5187052852806,2592.8260464782898
16,2016,endog_tau0.50,3213.200390255664,3130.408595954455,126.60873497551573,-4300.914557620136,-845.2381171580055,-1094.8812666382594,-2360.795173823871,-1951.4521449499166,0.2676703238151943,138.04716980285022,9.637326729539763e-4,0.01648425782226194,500.2140534210217,1926.3447324521417,213.08964703710845,178.97423004194673,614.4115113219067,1.1906204277691113,614.4117572535599,2574.8719067008633
16,2016,flat_mandate,3217.6653467387714,3093.6202403824223,129.3123913076028,-4274.947434775172,-832.2274088927655,-1098.9839476199122,-2343.736078262495,-1945.2484669297341,0.26584918565705185,136.9631982357986,9.551692996668864e-4,0.016399989422355384,510.8704403887206,1975.386302509778,211.98948759235466,177.75471253512578,610.231263649614,1.1905710884458869,610.2062199078359,2619.827297474843
16,2016,scale_0.50,3164.2373075038718,3078.194919493145,125.80082270818856,-4335.300751014644,-840.5765711492594,-1087.8229412589726,-2406.901238606413,-1935.3854498251849,0.2737470734199403,141.02516760419385,9.840539890782212e-4,0.016889293399527192,502.61396925999645,1929.3153059793945,209.9497576697446,183.10808659332557,628.3601062029537,1.1914758834955923,628.8118319692161,2584.9688090250297
16,2016,uniform_low,3156.43368661678,3064.984976905788,124.39221341964402,-4364.811473046051,-855.6947702932689,-1087.169891927373,-2421.946810825409,-1949.4459656518995,0.2747275142718109,141.5270044791442,0.00099092021827953611,0.016983938085003068,501.2170479261065,1905.6326037403478,210.32721325456978,183.79088870163508,630.6106139804816,1.1917814377582954,631.2257941246971,2563.3947224179797
16,2016,uniform_low_k0.75,3137.392034205292,3064.984976905788,124.20259895596155,-4382.559201428726,-852.0183113360627,-1084.7647197344088,-2445.7761703582546,-1941.2476668993565,0.2775458071675099,143.0132551301984,0.0010016831137071604,0.0171550078190515,502.7798292261174,1898.2911230446416,209.74458463229195,185.70300273765343,637.0797345490723,1.1921939372639445,637.9219467297407,2560.254651669021
16,2016,uniform_low_k1.25,3172.849593597839,3064.984976905788,124.55167674902418,-4349.704448533491,-858.8323284272855,-1089.2210703999465,-2401.6510497062595,-1956.4385738142116,0.2723258031479654,140.26081204587643,9.817541774795767e-4,0.016838078962075034,499.2268252789185,1911.883243940158,210.82197703951903,182.16154027360494,625.0977168452005,1.1914282648217127,625.522096598397,2566.0657773044686
16,2016,zero_tau0.00,2804.397448986702,2804.397448986702,121.38170729848272,-4718.28242728631,-771.4533600685612,-1037.0214569837374,-2909.807610234011,-1772.2752302899203,0.33249896592606243,171.84057493037616,0.0012108455128800185,0.02052060182461885,469.45403734131264,1789.4715994448843,191.9627529206652,223.00250210023694,763.2194307376803,1.1996451559107981,769.0048298456893,2527.436680111002
16,2016,zero_tau0.50,2951.8301812832265,2951.8301812832265,125.41550009048284,-4482.630333452136,-800.8596726140333,-1068.558955104038,-2613.2117057340656,-1858.6654406592315,0.2974221694063159,153.6794257849791,0.0010775855501000216,0.018310478843393672,481.81376662919894,1849.3432191619095,203.12680219317406,199.17130310938688,682.7040144044594,1.195000020054373,685.2155552105764,2538.5142734562733
16,2016,zero_tau1.00,3210.144250989926,3210.144250989926,129.24178551759033,-4274.362557082446,-829.0285150237646,-1090.52603801287,-2354.8080040458117,-1929.01594928236,0.26680641908229774,137.81038717856964,9.625131689367883e-4,0.016388152926834352,477.07718556326313,1882.7784225687956,216.71228597352984,178.3813047146041,612.4285010090279,1.1907119257834318,612.4758106965443,2533.5852145242657
17,2016,aligned,3679.4246067884183,3536.296772622476,168.65771604429582,-4313.518676176442,-708.0541669643208,-1210.202449308664,-2395.2620599034567,-1951.0332432855425,0.2530420997858384,134.30195244096964,9.797166204119944e-4,0.015958475828039127,450.9770349405599,2283.858212033274,279.9869519178062,167.87630457526518,580.8338285002677,1.320399820386491,580.8514914745833,2976.8203508503984
17,2016,baseline,3667.855021861729,3534.6332470529123,167.210815552609,-4319.253412555909,-713.1186318956999,-1205.8853028622966,-2400.2494777979114,-1950.6702409588,0.25443983248503077,134.9333134593736,9.816636120009935e-4,0.016038091943265328,450.4667981540957,2277.2158136350486,277.3705451356418,168.79012955232201,584.0421896211208,1.3203596686636219,584.0421896211208,2969.838418839489
17,2016,defund_0.50,3671.116769300433,3503.2827894652924,166.41704779918499,-4331.898953710413,-717.0425082148453,-1204.741987650651,-2410.114457844916,-1952.8165489013354,0.2558777298355463,135.5488708940109,9.856874425888508e-4,0.016151943971959064,442.4836803851173,2272.549247292583,275.5194607232989,169.75975250221381,587.3427448401818,1.3205868528860114,587.4438044286633,2965.752759942331
17,2016,endog_tau0.50,3680.671322438536,3587.059130389377,167.54855631534565,-4316.291618956047,-713.0216655492333,-1206.3778526127244,-2396.8921007940903,-1950.9151831148533,0.2533428420461629,134.61560931223323,9.81074345125483e-4,0.015932657725541827,440.3147274484309,2252.8503774149367,280.29926845972653,168.05604298220652,581.5241534643901,1.3199123107282116,581.3271242375369,2946.4207271299933
17,2016,flat_mandate,3690.8327958932605,3549.0068658308182,170.04051584625455,-4287.479725706605,-700.7390557610313,-1211.4370101833981,-2375.3036597621754,-1947.1748495351621,0.2508720633364641,133.14885271631678,9.703633529740864e-4,0.015815244557036773,456.123590250731,2310.0938965979813,278.18941807411153,166.41087758357418,575.852718321598,1.32005248954431,575.718747302136,2997.5911843906542
17,2016,scale_0.50,3624.6329763515464,3532.444952346881,166.30302921926528,-4358.191367799136,-709.6703235533454,-1197.8301721702999,-2450.690872075491,-1934.1189956471278,0.2600918954683969,137.99805702688326,0.0010049391189948431,0.016388559841743287,446.7508222472512,2255.4551943949728,276.0012174206109,172.5779912511477,597.0159571654609,1.3216210767094407,597.5863174617679,2956.464738026204
17,2016,uniform_low,3611.6527631555227,3514.7872235693776,164.12345202056378,-4396.417287020358,-727.1608405124462,-1198.4860735944833,-2470.770372913429,-1952.0148463723376,0.2611678791063298,138.590608550796,0.0010141801830500243,0.016493055070822153,445.31862077019116,2227.678861891096,276.1494796705502,173.34498302115983,599.4857742289186,1.3217821226116682,600.1316140910317,2930.614972631518
17,2016,uniform_low_k0.75,3591.261767186259,3514.7872235693776,163.81223735705942,-4415.205305005688,-724.1849678258556,-1195.7851044053625,-2495.2352327744698,-1944.1926426331368,0.2638693380842103,140.05852474323137,0.0010253513625083474,0.016660064443541074,447.33458104905685,2219.8399792163946,275.43554400704954,175.15402978442984,605.6867137642242,1.3223425051816915,606.59629754133,2926.717790980344
17,2016,uniform_low_k1.25,3629.421539869729,3514.7872235693776,164.3893783681973,-4380.25149165703,-729.7278205936555,-1200.8144987085248,-2449.7091723548497,-1958.7583453040995,0.25884085960516656,137.32655188661454,0.001004564040814065,0.016349117762566007,442.9840770351466,2234.425373894705,276.76266418076614,171.78673050377483,594.1443245373481,1.321295501031017,594.5654366805029,2933.966744252199
17,2016,zero_tau0.00,3229.3128370921945,3229.3128370921945,158.9812396480398,-4780.647184008508,-648.6243124674813,-1148.225015713814,-2983.7978558272125,-1780.5507155330354,0.31775853058712245,169.15157255558782,0.001247212812904995,0.020028082913819314,427.5338354352623,2104.1062369363735,254.4517841696754,211.229344533573,729.3841776358314,1.3325452521750272,736.1156554440523,2883.444332016528
17,2016,zero_tau0.50,3376.0095556085853,3376.0095556085853,163.94111531813274,-4529.981227429683,-678.061483008102,-1180.4873517260967,-2671.432392695484,-1867.9232316838486,0.2831616307361715,150.7466661205068,0.0011057724397256763,0.017807905295015174,435.1260312055582,2166.854865335921,267.54217605943296,188.04425551260977,649.9703179987371,1.3260357024075766,652.7644456482614,2899.117231531006
17,2016,zero_tau1.00,3664.5738991922904,3664.5738991922904,168.07320484986127,-4312.998323468379,-708.3574495821449,-1204.4466662148147,-2400.1942076714195,-1942.8346827575253,0.2530371801706605,134.70049874030533,9.838526146843105e-4,0.015880230572948045,423.1501272616108,2200.3793698098852,283.39897497089925,167.8655889561354,580.8225359962893,1.3196485782263818,580.5097292960525,2896.4224851207014
18,2016,aligned,4080.238650741578,3886.51250942699,222.22547863419567,-4065.9997103130663,-692.9876334694849,-1305.540399392773,-2067.4716774508083,-2071.0872638760115,0.22582444779456165,121.5579958525015,8.201220177932838e-4,0.01329762360160488,643.4743283137982,2461.73468329001,270.6744355663912,151.2884490088639,518.3583233481169,1.3014219496549706,518.5360373336013,3099.6567071811382
18,2016,baseline,4083.626399674476,3894.470570339005,221.6593627998399,-4047.3004565143688,-695.4516189646826,-1299.6522887569633,-2052.1965487927228,-2068.2017084217932,0.2247319778069543,120.9105754077778,8.131012142895457e-4,0.01321833186908369,651.5722799831555,2475.225191136507,266.3934834397496,150.5202313121954,515.8506634529426,1.3009759230245759,515.8506634529426,3106.949106717004
18,2016,defund_0.50,4085.3879914080503,3871.4449689722405,221.17583390852096,-4054.8084444367505,-698.0267131065905,-1298.5365204626682,-2058.245210867492,-2069.1801354405716,0.22563411448953413,121.27421839794839,8.155963833967999e-4,0.013291982141851195,644.3000852167598,2471.7404391112714,265.2083556316893,151.13895480167741,517.9214315331035,1.300909613716614,517.8950336489492,3103.7048735902326
18,2016,endog_tau0.50,4092.0590696795657,3998.4610545432397,223.41571865436794,-4027.8795182020735,-686.6849548537273,-1301.7454530407563,-2039.4491103075893,-2062.2333557461566,0.22278289678558688,120.14536668140673,8.080628100667536e-4,0.013053900565334831,643.131813699523,2461.8125271975487,269.0315620464809,149.18292125473428,511.3767352304999,1.3010366430923122,511.40060256689895,3093.0617705561945
18,2016,flat_mandate,4078.22804978097,3883.68298246687,221.26106796408865,-4066.5725171438144,-699.7432215492449,-1303.1358272875464,-2063.6934683070235,-2076.6818956442257,0.22524834457873244,121.2036030674124,8.180497588757005e-4,0.0132709773262853,650.795102691275,2465.139819715403,265.97610018387536,150.9022262485361,517.0359337665232,1.3012342479259795,517.1385976623329,3097.352291313075
18,2016,scale_0.50,4006.625468360565,3882.1205870824897,218.66135365841458,-4106.039775051814,-702.4250728300414,-1289.3560207713208,-2114.258681450452,-2058.2094703427197,0.23218170625134213,124.95855630043167,8.416195357786871e-4,0.013660008723313424,648.5104458207675,2434.6159689890096,264.6468976009965,155.5631431214958,532.9507993485241,1.3018875107850338,533.3242354875134,3077.0239589560238
18,2016,uniform_low,4005.600187228548,3878.8674591086324,217.993699933712,-4120.197614737921,-707.960269493645,-1290.5424228521458,-2121.6949223921297,-2065.4079809012596,0.2321907399531706,124.9871842240267,8.4505567871546e-4,0.01368246636467556,649.1798249837916,2425.5502796445003,264.8181431960453,155.60256367515208,532.9715353431393,1.3019949620642495,533.3890056375062,3068.1548648028997
18,2016,uniform_low_k0.75,3978.292483594876,3878.8674591086324,217.5792461339747,-4136.21187198774,-705.401809944514,-1287.770939833134,-2143.0391222100916,-2057.9613504315503,0.23473118493606643,126.39230951069595,8.548017374821437e-4,0.01382878333702717,651.1685354899059,2417.7597245526567,264.2142010639515,157.31760583012067,538.8028827227197,1.3023383742764927,539.3671457879387,3064.023465574426
18,2016,uniform_low_k1.25,4029.9335845837163,3878.8674591086324,218.3566725825337,-4106.1014778848485,-710.218494903712,-1292.986825961345,-2102.896157019791,-2071.975940700879,0.22995206989394407,123.74940626167262,8.364725964825997e-4,0.013553452409751232,646.8472276686202,2432.409601260949,265.3486855149914,154.0912265194828,527.8328833071739,1.3016915064255916,528.123210317167,3071.790270573624
18,2016,zero_tau0.00,3463.8537517848927,3463.8537517848927,208.91977546735632,-4477.906857194401,-639.0090450171479,-1241.264689340135,-2597.6331228371178,-1904.5183934532547,0.2882771281780054,155.78865171498484,0.0010603943842599334,0.016965755760803756,625.7684033249775,2295.4887322262116,241.5124501994058,193.4699680830701,661.712450894166,1.3086507234605724,665.616067338366,3009.1472816809137
18,2016,zero_tau0.50,3796.3995627655177,3796.3995627655177,219.03918778157853,-4199.829994635681,-648.1565453242029,-1276.0329294991586,-2275.64051981232,-1976.968503913567,0.2504472436897516,135.4162055223007,9.149968901827286e-4,0.014667182203739786,643.6011047662713,2395.7495978811453,254.33900492252124,167.8725114087464,574.8775856380207,1.30464830918292,576.5003462524763,3058.7164376473966
18,2016,zero_tau1.00,4130.454793275277,4130.454793275277,227.43805251855713,-3976.619016489549,-665.402892235655,-1300.8754263122755,-2010.340697941618,-2040.7227991773984,0.21917314022402784,118.51204696763591,7.962054174580719e-4,0.012780039366125668,638.4016390531793,2448.7603569785642,272.8911897041497,146.71135206476555,503.09088585848315,1.3011187164945683,503.1461044770924,3078.086299095041
19,2016,aligned,4332.8842770057945,4164.579959300381,163.98869643967933,-4356.744501934861,-852.0081505845394,-1297.007408877242,-2207.7289424730798,-2214.6710669141826,0.2392431566162041,127.5860670309166,8.834666434875214e-4,0.014220044030396768,867.4675985403319,2649.3997160643908,256.8784001791387,160.21002012691855,549.1596802171966,1.305250521583538,549.2276675878801,3295.295763704491
19,2016,baseline,4289.759180594061,4137.373960868248,158.07912949661608,-4417.346965801044,-877.6430213655636,-1289.4917026796625,-2250.2122417558166,-2228.035961343604,0.24463974530540938,130.33059724564538,9.028229176748372e-4,0.014557587692997986,868.1125317256005,2605.040853298521,254.3460951449229,163.87915389123208,561.5470310645269,1.3050889482392172,561.5470310645269,3257.054825616739
19,2016,defund_0.50,4294.601731835887,4107.406670773349,157.40019735575586,-4426.5719203373565,-881.5066385915385,-1288.4030283207953,-2256.6622534250223,-2230.3588569862295,0.24561405672808584,130.696672739964,9.054313665238823e-4,0.014641644043453837,861.2933219890355,2600.9247041075964,252.86460466941497,164.55841802197878,563.7834693262378,1.3049923381078212,563.7417348566264,3252.9726256116587
19,2016,endog_tau0.50,4312.583266881695,4214.359103015546,160.56837697590313,-4382.780230248132,-861.4372899239785,-1292.4933949899328,-2228.8495453342207,-2216.1842647593617,0.24174259900462394,129.12932591509016,8.939253517553168e-4,0.014322307927292256,861.2524486075283,2606.285902448095,258.1563681394918,161.86718550330772,554.8969100805689,1.3053222619004718,554.9961102384466,3257.571195322726
19,2016,flat_mandate,4319.559956418637,4178.978158855519,165.65677762033047,-4359.843564919088,-843.4033755909337,-1294.8256943156764,-2221.614495012478,-2202.470739840064,0.24093735510282,128.51604904080688,8.897996468358838e-4,0.014316161776898137,881.9058331734161,2660.8533071245656,254.5791737757895,161.35314900295242,553.0485500694991,1.305319389992707,553.1462027833735,3307.2255346807765
19,2016,scale_0.50,4262.193495245204,4156.1328747091875,160.15506553571404,-4412.677509029364,-857.9777360627155,-1281.4118915899721,-2273.287881376677,-2196.4358814077245,0.24779868741166736,132.1338045161038,9.138888172178914e-4,0.014715044989835552,868.3357368064749,2611.4616400437585,254.26910873134494,165.99624338464517,568.7980791673581,1.305615632738251,569.0276245418568,3268.762129932315
19,2016,uniform_low,4253.358194959421,4137.084627183714,158.56144470445128,-4444.117528273695,-874.2573472919506,-1282.8410790374405,-2287.0191019443037,-2214.4461461671335,0.2483680805114333,132.42287575073664,9.200859682989799e-4,0.014785081785316814,859.2250751383274,2581.449722914423,254.27834066386737,166.42875402060244,570.1050663222173,1.3057837742596448,570.4085888024227,3239.707898360111
19,2016,uniform_low_k0.75,4229.214719599234,4137.084627183714,158.2817693426909,-4461.445941226097,-870.9110738977872,-1279.8367198550675,-2310.6981474732424,-2205.81385026045,0.2511392089117067,133.93846877702185,9.309103944437608e-4,0.014945634745347455,859.6575703865133,2572.1151074202962,253.609580696239,168.30434726776363,576.4659253229878,1.306070126437164,576.8993178504085,3234.31965869918
19,2016,uniform_low_k1.25,4274.129808870715,4137.084627183714,158.7970609945503,-4429.402566421173,-877.1054725758464,-1285.3973115397055,-2266.899782305621,-2221.7902512961255,0.24601222215004942,131.13489463447954,9.10889659201653e-4,0.01464849462035641,858.1891866567632,2589.3794669052168,254.84528272135685,164.83421889171282,564.6974197977651,1.3055397937305728,564.8924956092945,3244.2830263441556
19,2016,zero_tau0.00,3810.8064979855167,3810.8064979855167,151.68994589980022,-4816.3428376211405,-805.7073205289596,-1226.2722469304829,-2784.363270161698,-2043.776039966106,0.3062247548828126,163.83373284729274,0.0011463670202683603,0.01819269034826819,831.3347761571774,2433.7193551749024,233.66890690090628,205.62496600149353,702.9095036386288,1.310641148577606,705.8998702256913,3167.663166300006
19,2016,zero_tau0.50,3990.4881388697922,3990.4881388697922,156.77572662338594,-4586.838110984031,-832.6147670652463,-1262.250212088778,-2491.973131830007,-2133.4263642169776,0.27201713404629496,145.57656309535594,0.001013675154813774,0.016115792300590428,846.667793456887,2505.5253185842344,245.93830783136957,182.40247326702604,624.3891965783569,1.3080454987454215,625.8036888225084,3194.864841971086
19,2016,zero_tau1.00,4280.913707676426,4280.913707676426,159.64171459025945,-4400.743482684766,-869.3073247569905,-1287.924288880529,-2243.511869047247,-2216.7738783859904,0.2428613354621636,129.9791712193351,9.018705572806272e-4,0.014355451171836578,844.7081965611304,2542.169162475752,260.6165422890741,162.61631954782013,557.4648621338657,1.3057336244873232,557.7402336755957,3197.9096188926014
1,2017,aligned,6095.083257726072,5874.632491758004,317.70867355203177,-4140.835393016294,-478.18111916242265,-1591.1480637101456,-2071.506210143725,-2222.840525171408,0.19412383676725267,109.8317195942437,8.077548258594813e-4,0.011171383984512083,1293.8168183178134,4592.877135823539,361.97320685496663,131.0337825318231,460.9698960947377,1.589329212660899,460.9727179375956,5284.7892780842785
1,2017,baseline,6113.145822822722,5867.983061966144,315.5522086652389,-4149.32291466522,-488.9382613874602,-1595.71382559368,-2064.67082768408,-2239.7976266400324,0.19361791406038895,109.43833859284408,8.038708461566207e-4,0.011152760313919033,1279.7554683474077,4596.635639913267,359.7049113301264,130.65313882803937,459.768523087184,1.5893194835877609,459.768523087184,5285.4559355025385
1,2017,defund_0.50,6101.089857968248,5811.864140364792,313.5507124088182,-4175.412131856356,-500.798891305853,-1594.699619167058,-2079.913621383445,-2249.54156291295,0.19528463133676421,110.21365657605035,8.106912530013295e-4,0.011275607442928525,1278.6357225181118,4586.86492826228,357.369278152408,131.86422502457998,463.72633940951005,1.5893128363239153,463.7243998930302,5276.094381283137
1,2017,endog_tau0.50,6096.9107449029725,5972.535167111132,316.349359688857,-4139.294007081782,-472.7556606821974,-1604.9207065800613,-2061.617639819523,-2234.0508921711266,0.19289848964427522,109.37533956417458,8.024053651479317e-4,0.011061575728034167,1262.8940109276414,4560.5055614138655,363.57088404230717,130.06036453650495,458.06016514481763,1.58956914476168,458.1321203682554,5252.148201287922
1,2017,flat_mandate,6075.054430075203,5863.982364032404,314.2154461190084,-4178.684999257134,-495.18148666426725,-1593.3381392094377,-2090.1653733834296,-2241.610682232422,0.19589286695049588,110.7621849354156,8.158777539780264e-4,0.011291746998808598,1289.09651551255,4576.596979617722,359.9510127667628,132.27773220308575,465.17066645523585,1.5889127654710624,465.05162598580364,5269.321886167202
1,2017,scale_0.50,6015.988060612674,5869.984611583798,312.96955173113884,-4202.874869198168,-497.1696191857928,-1583.5756429651178,-2122.1296070472577,-2229.2137521609193,0.1999944057218487,113.11543433725944,8.310124304042846e-4,0.01150749398354789,1298.1605837200477,4572.6881835672375,358.15305179699294,135.0741007711531,474.91025296220306,1.5880152755771353,474.5205378906661,5270.287672483743
1,2017,uniform_low,6058.721390646739,5853.821609101234,313.06692836257923,-4192.025777426057,-502.0019197917899,-1590.2586142943976,-2099.7652433398694,-2244.0878311056626,0.19695686739798415,111.35068300234398,8.204905113891905e-4,0.011353272398538929,1280.1225660466357,4554.238626424269,359.5091899899548,133.0367196242711,467.6972607359346,1.5886409805710167,467.4975941455421,5248.208690935494
1,2017,uniform_low_k0.75,6018.004968585593,5853.821609101234,312.44530369431897,-4210.270104779178,-500.3501739265038,-1586.736530199722,-2123.1834006529516,-2236.554685177525,0.19943779155970817,112.79579465047233,8.314647772192882e-4,0.011491468964875066,1281.410045394088,4541.015696267185,358.8044899599337,134.75779671276706,473.5885071284114,1.5881588399388802,473.2426562792538,5238.305045793605
1,2017,uniform_low_k1.25,6092.308483167046,5853.821609101234,313.57147017759866,-4177.17709325057,-503.3506600391937,-1593.131164455799,-2080.6952687555763,-2250.2318515376223,0.19493510336067613,110.17353401839787,8.115546816684528e-4,0.011240563884064334,1278.1108105313178,4565.004503420235,360.0824324907752,131.63420143651973,462.8963440956801,1.589041330964939,462.8153309113993,5256.26806538589
1,2017,zero_tau0.00,5330.248056705716,5330.248056705716,297.76292735595666,-4600.943764210227,-467.44032152068854,-1539.1246943125416,-2594.3787483769966,-2115.632149181974,0.24835013707253228,140.97785906883914,0.0010493692340952676,0.014284491380330944,1271.8114646777626,4344.73928911054,337.60452864686687,168.7665011645077,589.7366278552317,1.5801405186593953,586.3306595273057,5099.907976120205
1,2017,zero_tau0.50,5701.91273794279,5701.91273794279,309.46704304784697,-4328.127581546768,-453.416261400599,-1578.9514541443987,-2295.7598660017698,-2168.317489321183,0.2172075086259746,123.45511245457992,9.108655915693097e-4,0.012441238331961667,1278.0481648257437,4465.148821181945,351.26473363131583,146.96337228693608,515.7847915522083,1.58488881034919,514.3468969712941,5183.797079497619
1,2017,zero_tau1.00,6112.12389913401,6112.12389913401,319.1138744664926,-4107.52437046312,-453.2305895693387,-1609.5801540081004,-2044.7136268856812,-2220.31648138436,0.19088177596634362,108.60856504385882,7.950821498040936e-4,0.01088880219379541,1257.2379048892394,4539.927114675076,369.29224740371467,128.55123305039604,453.27124117725987,1.589915881034885,453.44133272517365,5234.109461753568
2,2017,aligned,5204.980596829016,5080.5245344010655,232.03959821984697,-4707.566342384065,-836.0116692508467,-1606.0178979387758,-2265.5367751944427,-2583.567547510023,0.23420217596807333,131.34804346517856,8.832797036235947e-4,0.012387896936280859,1404.1130475205339,3905.989148992335,238.28404249199787,157.47442643932243,556.1406291933354,1.3504419239423708,556.4056622054779,4543.204427250488
2,2017,baseline,5214.022352640062,5073.311939252882,229.37708836406298,-4713.452810771793,-850.7446892366053,-1607.372018697882,-2255.336102837307,-2600.3884563319903,0.23362264653762815,130.87467980629592,8.782336089163964e-4,0.012361998316051708,1399.0077214421208,3912.3096214588504,237.4910786526666,157.0580673976391,554.7644683581442,1.3497986672051776,554.7644683581442,4547.507101072021
2,2017,defund_0.50,5213.433894346097,5011.874036089566,226.5436271307086,-4747.4462371069785,-871.2274252756465,-1604.9449830513877,-2271.2738287799443,-2617.1162151557933,0.23555230148817186,131.71525948485413,8.853047447562434e-4,0.012505032176154925,1408.559002256824,3903.507260087189,234.48425433528251,158.43556010527755,559.3466611319111,1.3493923584042713,559.1782897468319,4538.734244064026
2,2017,endog_tau0.50,5192.8786807755805,5108.010479246177,229.07690646155973,-4711.999459223209,-842.3226554250095,-1610.2334934911667,-2259.4433103070337,-2594.217653521089,0.2337638107686483,131.37084645017723,8.806687949049028e-4,0.012300442745697806,1377.0633373967519,3875.2918502351904,239.752450568648,157.0890750327742,555.0996794377791,1.3500388823361893,555.1984670165939,4513.153692787658
2,2017,flat_mandate,5179.0777843709875,5069.1833070165185,229.46998919431888,-4760.3334864104745,-856.972302305747,-1604.1400841500426,-2299.221099954685,-2600.3728848309456,0.23779522078376827,133.25129233272153,8.984630344296192e-4,0.012608437911919528,1416.2420869322887,3882.7098712850593,234.9440238267883,159.96955889320182,564.6727369598866,1.3497867937102415,564.6677698199377,4522.352106038583
2,2017,scale_0.50,5149.438121943308,5065.598919091371,226.91034079113064,-4768.720081693572,-854.749748295513,-1594.1275622282872,-2319.842771169772,-2583.519645540235,0.24129309266119922,135.25087915321166,9.084917904355489e-4,0.012758238273755515,1401.7828365945531,3874.681876361561,234.62082447412,162.3149028466358,572.9788453839917,1.3502398559534272,573.1661265139189,4520.153924502964
2,2017,uniform_low,5149.063856589999,5058.030548182798,227.03940384051998,-4776.804038088614,-857.4729955314979,-1597.4431749778018,-2321.8878675793144,-2590.5128679073764,0.24062072513961588,134.88411596824702,9.095286215533249e-4,0.012743828897174753,1388.7768931845865,3853.454952960632,236.11806490805944,161.92163317558382,571.3822295756336,1.3499953981540729,571.4655076014144,4499.116892294522
2,2017,uniform_low_k0.75,5129.261655156135,5058.030548182798,226.64709627128627,-4791.23285471087,-855.0077563583696,-1594.0712407122016,-2342.1538576402986,-2582.445107667513,0.24294247941913288,136.23048284300287,9.190234108322275e-4,0.012862256344055183,1385.4349330972773,3841.967904313805,235.59538814745486,163.5127387628686,576.895508350716,1.3501030629170194,577.0256051741825,4491.076158872573
2,2017,uniform_low_k1.25,5166.84072732255,5058.030548182798,227.38575383381095,-4764.015200217796,-859.6633213561665,-1600.4373319198182,-2303.914546941811,-2597.6767980087657,0.23856015443225673,133.68976436080175,9.011087892109677e-4,0.012638640236668091,1391.4055148408577,3863.64176279833,236.5810502749241,160.5094735891485,566.4891619303341,1.34990125882106,566.5322180096697,4506.245557493776
2,2017,zero_tau0.00,4763.126250730901,4763.126250730901,215.46874424904425,-5134.131747878079,-819.754947912901,-1531.073617777984,-2783.3031821871946,-2439.2039577816927,0.29278596809404817,164.79592046160894,0.0011242421663069742,0.015486841527739789,1336.5171495477282,3664.7102111922118,219.8613471112003,197.7087466535541,695.2547380985943,1.3518810909050198,696.3273535776433,4383.190165227501
2,2017,zero_tau0.50,4919.040651186617,4919.040651186617,223.83004508221708,-4900.524710931331,-819.6838571950518,-1577.9592312649606,-2502.881622471318,-2515.446742868043,0.2610069745838164,147.0385251638507,9.93627201100049e-4,0.013733704163945653,1360.0173769433939,3768.037106449426,229.9303775417002,175.7990567569327,619.7917780605095,1.3510185799079364,620.3519296456989,4442.520356879893
2,2017,zero_tau1.00,5188.466993446981,5188.466993446981,231.84124167611193,-4686.277575903499,-823.8022012185872,-1613.3418017329277,-2249.1335729519847,-2579.389519190855,0.23227076868889046,130.99517691978537,8.765457410338925e-4,0.012145945434621244,1359.3064652123437,3851.9331965842166,243.6883260558201,155.97640777801172,551.5542753089899,1.350475278641799,551.8307520456015,4491.475866907626
3,2017,aligned,4153.203674497753,4039.2013002612903,202.53808804239296,-4480.625601613915,-746.930500403664,-1506.6144727737085,-2227.0806284365417,-2381.3916591860634,0.24066389441133193,127.95192629575637,8.624611465582465e-4,0.013906784633643154,1273.1595871070363,3605.5832716115856,286.1186344467864,161.01440888614815,571.4847400917495,1.371090444680335,571.7014257315391,4302.388922903763
3,2017,baseline,4159.115786309702,4032.5815353515386,200.22305838352688,-4489.75970564423,-756.5800373795976,-1512.3738820050933,-2220.805786259539,-2398.386585808881,0.24019142939141294,127.58258636502022,8.588764459498419e-4,0.013886182049850388,1266.3059965917846,3609.130081681342,285.01657992006784,160.66752726573748,570.362816299353,1.3705707755019088,570.362816299353,4303.841950635025
3,2017,defund_0.50,4160.870805311459,3993.838001280799,198.68824655443447,-4508.4603333138175,-766.273089375328,-1511.7772153932874,-2230.4100285452023,-2406.941291134753,0.24140756341469263,128.0775387115026,8.629405491687122e-4,0.013982770545439087,1275.7536624972263,3611.2082939742595,282.09328467101517,161.51355071740423,573.2506696597864,1.370465548640086,573.2066577998487,4304.994685727719
3,2017,endog_tau0.50,4149.38879499154,4083.5218433777654,201.48084200248633,-4475.865522271012,-745.9102900911197,-1514.3993192045682,-2215.555912975324,-2389.6850019355634,0.23922572196650613,127.44522119499348,8.571934890075776e-4,0.013769191934661236,1252.3949285946717,3587.2616554605784,288.6385578566379,159.9978759769139,568.0696303685035,1.3705148324822176,568.0464432912028,4283.9487806315055
3,2017,flat_mandate,4133.133071244281,4030.2660397519735,200.089370061566,-4522.833731697148,-759.641576219657,-1508.665719368059,-2254.5264361094323,-2394.9529845638976,0.2436819337722962,129.4856772490304,8.743959805209392e-4,0.014102169926070357,1273.5257352872609,3586.981643344949,283.33500106761784,163.10163602779903,578.6514297358531,1.3708716575844626,578.778461371405,4285.993469756173
3,2017,scale_0.50,4125.967607654089,4049.1151532039453,200.68202807844892,-4510.103837758986,-746.1551445090454,-1499.1232980904072,-2264.825395159533,-2368.2156308748954,0.24588337330392585,130.75187100863835,8.79749230972615e-4,0.014194822716389898,1273.0275798715138,3609.4090124832837,285.02863828745996,164.53542490860727,583.879006982695,1.3709635600793049,584.0463377569297,4313.948563619066
3,2017,uniform_low,4126.886036883786,4034.407073364124,200.7162826335574,-4512.667710855049,-751.365369892222,-1502.932915901429,-2258.369425061398,-2378.897165859682,0.24440261586541429,129.94305116390677,8.768226227999692e-4,0.014127174445563643,1263.5934090587875,3585.421016095518,285.0775771571768,163.58677361867677,580.3627741802775,1.3710238979737928,580.5546470988648,4287.466466732883
3,2017,uniform_low_k0.75,4107.326080234901,4034.407073364124,200.31124479029077,-4528.971660533812,-748.622171845485,-1499.053694203917,-2281.295794484409,-2369.739931720675,0.24717723897146185,131.46154912488737,8.874099934965957e-4,0.014283491801272323,1261.1775341735715,3572.5029671335014,284.31865372091636,165.48520150691343,586.9514432803545,1.3711297051644693,587.1908067470182,4278.527226094522
3,2017,uniform_low_k1.25,4143.990929802412,4034.407073364124,201.06340661597073,-4498.618351039414,-753.7359084694544,-1506.2827355600211,-2238.5997070099384,-2386.8048866370386,0.24200839136437527,128.6332649812472,8.676938628242705e-4,0.013992192231106657,1265.2464943618093,3596.558475104387,285.7306466929038,161.94859271393187,574.677406335448,1.3709353240418523,574.8302607616205,4295.1707898449795
3,2017,zero_tau0.00,3747.349811558853,3747.349811558853,186.5809017898047,-4921.407541747741,-712.2270250503111,-1434.537273210383,-2774.643243487046,-2220.2082963271014,0.30599586811037066,163.23297490572062,0.0011127786347336572,0.017680051521530554,1214.8923776095253,3349.580632206478,259.5144291380725,205.7595517748626,726.623200309894,1.3733498271174585,728.0965451490013,4131.43205471869
3,2017,zero_tau0.50,3943.2190990164554,3943.2190990164554,197.28773623674562,-4648.559960344662,-711.8920482762034,-1480.827538535832,-2455.8403735326265,-2298.066620623675,0.26785471405176914,143.06156375488536,9.671599543519478e-4,0.015406066869744769,1246.4342451843618,3495.707753041366,274.6166859459749,179.59687984447223,636.0525413113961,1.3718012935888972,636.6235983996899,4227.351157542558
3,2017,zero_tau1.00,4152.364927785001,4152.364927785001,203.42560937858477,-4455.601798981077,-736.6592173471658,-1514.0680032154485,-2204.874578418462,-2379.839066395813,0.23773308012850744,127.02210527823975,8.533110043776469e-4,0.013620099369029541,1238.0867024174815,3561.4877261964994,294.28617986064415,158.96800761907505,564.5251766608742,1.3704270412570234,564.4659738809547,4261.271872319023
4,2017,aligned,3785.0228891553643,3725.4955497212413,132.36995178951642,-4609.556743453646,-850.5695780419521,-1566.7228824745994,-2192.2642829370943,-2554.9829049829823,0.25068487731137634,129.42607800917804,8.398619082319605e-4,0.013073899108955246,1450.4551536761014,3614.8919873243276,183.24539848842522,177.13118276864375,595.2807433190042,1.0924556424811225,595.8383726249251,4216.8445756690335
4,2017,baseline,3792.430954877121,3723.453795709006,131.60596347565505,-4600.0274734538325,-858.3057884659538,-1567.3218702000736,-2174.399814787805,-2564.1475006290625,0.24921223789908456,128.52609392203138,8.316590493890392e-4,0.012986108390718426,1443.606631964472,3626.105974624786,183.4724711593337,176.05695871588796,591.7837877252248,1.091433242263791,591.7837877252248,4225.305274793456
4,2017,defund_0.50,3779.271366845305,3669.9874851070063,129.6150808726614,-4626.067712801493,-871.8226526311653,-1566.1381934643434,-2188.1068667059844,-2575.565725453349,0.25096003254408084,129.25130990303,8.37563364659826e-4,0.01311520960184027,1444.4193039510094,3617.003235238028,181.38789333208987,177.3173373376556,595.9341318010266,1.0913265169513326,595.8758586479302,4216.949649880392
4,2017,endog_tau0.50,3776.083665947029,3737.4005042446097,131.69289430550194,-4599.935450225832,-852.6494598467801,-1568.465496726208,-2178.8204936528437,-2558.62156411742,0.2496604645713502,129.10330269434587,8.342869166976408e-4,0.012931330549657253,1420.955626240473,3591.322830713397,184.91195954150737,176.3993844430767,592.8481547086001,1.091101230561139,592.6678115436341,4192.503217355461
4,2017,flat_mandate,3770.729273748868,3716.647785325981,130.8926135001757,-4642.271831243521,-862.1078199552678,-1564.5778052138137,-2215.5862060744394,-2562.4279219961027,0.2534168926706526,130.78957534988365,8.503875876150763e-4,0.013241298012897822,1453.611638390046,3596.2908875782896,181.27942170580562,179.10484412092558,601.7682353100303,1.0925608129508173,602.3899281412947,4200.855393304464
4,2017,scale_0.50,3757.8549518368245,3716.0696455533416,129.9096237544011,-4651.965929837829,-859.1280239030802,-1552.0411836421888,-2240.796722292561,-2541.439259017574,0.257857222229267,133.02703082447584,8.625096935605607e-4,0.013444497365939449,1435.2408579246085,3585.5541643629185,180.6847141392774,182.34093879484936,612.3123204123403,1.0919790781375602,612.6185434752725,4196.516483182619
4,2017,uniform_low,3751.8191072587088,3708.963938572645,129.5627281780097,-4662.577052320524,-862.5478364675325,-1555.7247776379422,-2244.304438215049,-2549.461632287073,0.25726463736348254,132.79772924385233,8.641840395582102e-4,0.013436841529891188,1421.800345471648,3564.239885032314,181.83590686193415,181.90639128497713,610.9051579094919,1.092552752528946,611.5317785481462,4175.701179157418
4,2017,uniform_low_k0.75,3742.4055752388012,3708.963938572645,129.32562147537547,-4676.45854354863,-859.6746969404389,-1551.7932424472942,-2264.990604160896,-2540.2986386086327,0.2598430023494213,134.1580151298456,8.737770268541815e-4,0.013573481097610926,1414.97848630964,3551.9028936429013,181.37118599369154,183.77868639687574,617.0277890065042,1.092738678687662,617.7658007502541,4167.261193989971
4,2017,uniform_low_k1.25,3760.3138144545255,3708.963938572645,129.7716123776539,-4650.272909607603,-865.1043325426103,-1559.218209323899,-2225.9503677410935,-2557.6063674551638,0.25497472448851694,131.58991599542472,8.556732472386005e-4,0.013315459123642081,1427.5442667138195,3575.183925993547,182.24707827933312,180.24359074026796,605.4674902968096,1.0923892726291264,605.9978436739402,4183.185257206552
4,2017,zero_tau0.00,3559.641952559627,3559.641952559627,120.73903854099653,-5015.021799884819,-826.8538494580665,-1468.6769722207832,-2719.4909782059694,-2374.694276907298,0.3157049547323093,163.37715306428026,0.0010837754441153041,0.016627265718070522,1307.5077157229628,3346.4918493576174,166.6684708015809,224.3751138369678,749.6785691189083,1.0971719385232124,753.62033800937,4042.4055443316
4,2017,zero_tau0.50,3645.8321002008734,3645.8321002008734,127.06684569712937,-4787.08550723529,-832.7719197135054,-1524.4383891940763,-2429.875198327708,-2467.858028781725,0.28035545781410776,145.23580913375693,9.501219421793728e-4,0.014603172093621369,1370.6772668552994,3469.878884283038,175.63219879451808,198.7114770115469,665.7370285397274,1.0938110318325933,667.1873990257352,4113.987005091744
4,2017,zero_tau1.00,3779.1493594426365,3779.1493594426365,133.5994575176773,-4577.516709721108,-840.4318070850017,-1568.1197970494866,-2168.96510558662,-2545.598122603268,0.24842055766367302,128.84101574438844,8.307832766796843e-4,0.012778733330827137,1404.2976599941358,3570.509107615447,187.7721499250015,175.51223722430814,589.9038498364251,1.0908824606548222,589.6061603589856,4172.375180675126
5,2017,aligned,4344.0329634979025,4247.717576484746,225.78882202141617,-4667.733493852139,-823.4669096269853,-1522.2991462589641,-2321.9674379661888,-2462.0808749355506,0.25302159946453134,140.66218556033087,9.088387445459986e-4,0.01346163818262278,1251.3932786322537,3395.618842027975,235.54124214791347,169.78214145982196,600.8295650715519,1.2867145080842273,601.265559129379,4062.643501845446
5,2017,baseline,4360.955720511035,4244.233966448756,224.09240757914785,-4662.854994065572,-835.1654955333705,-1526.9367495975368,-2300.752748934664,-2480.7489870345116,0.251178210740933,139.44487877775936,8.984564182831044e-4,0.013368473088816378,1249.1270494176574,3407.7273789856126,234.86404146506595,168.49897164716904,596.4522216060084,1.285781476296315,596.4522216060084,4070.5446704095175
5,2017,defund_0.50,4352.693221198732,4197.474900872805,221.52353282045271,-4692.348677958202,-849.632066852842,-1525.3193150592226,-2317.3972960461374,-2492.2628375682752,0.25334895993148077,140.4037268840026,9.057089352934966e-4,0.013520658972643049,1256.5237536120042,3397.159694733873,232.0156424788026,170.01863162153796,601.6069210261228,1.285607575602069,601.5255542751171,4060.6822598662543
5,2017,endog_tau0.50,4339.688630595462,4282.360447826838,224.30150757204132,-4663.366957955527,-828.762185713062,-1529.4178283486692,-2305.1869438937965,-2476.3386914567686,0.25110857743649745,139.85260529898193,9.01129847519682e-4,0.013302959763858676,1232.1872152787025,3374.7007294734185,236.86720988290062,168.42353040313182,596.2868691297493,1.2858506616400074,596.3189541401034,4039.4633630932913
5,2017,flat_mandate,4339.582839774183,4236.369736667627,223.0569773102457,-4693.718326898305,-837.7573952070233,-1525.361131617866,-2330.5998000734153,-2479.903516677046,0.25381816057814566,140.96260356048342,9.122625631943627e-4,0.01353038580704267,1253.681359025214,3386.9640992921104,233.3303322606236,170.36254384484218,602.7210931800557,1.2862758252077613,602.952823471565,4052.884711179457
5,2017,scale_0.50,4307.095129884098,4240.690839615315,222.20271127708187,-4714.834591595844,-834.0858829464962,-1514.3904030566273,-2366.358305592721,-2459.4831190052087,0.2593224298419722,144.06407139254173,9.288683148785656e-4,0.013791766853365894,1255.3199635159986,3377.6668634340404,231.17368615775524,174.04203150481294,615.7916283233815,1.2869360530920564,616.3445828791758,4051.1431009661583
5,2017,uniform_low,4296.970028268749,4228.603736159246,221.13009972963263,-4731.751471266247,-837.7549156177826,-1515.8675699703365,-2378.128985678128,-2464.4536977464595,0.25964785248683686,144.27085259407693,9.345764472726513e-4,0.013832294093976714,1234.5781154554297,3346.4386187222763,232.87352760265688,174.3506827974315,616.5643826913573,1.2868892192518806,617.0955731495885,4022.05703667709
5,2017,uniform_low_k0.75,4281.687537833848,4228.603736159246,220.73651035030673,-4744.902915012481,-835.199129370303,-1512.6847879827253,-2397.018997659453,-2456.5569604821035,0.26193888589057013,145.58405482412857,9.433586114625967e-4,0.013950080367257922,1231.1506437101937,3336.204144570819,232.32497577314172,175.91011995739282,622.004711131469,1.2871755542693528,622.679104940137,4015.2981053267054
5,2017,uniform_low_k1.25,4311.010054450954,4228.603736159246,221.4855590480126,-4719.816190606811,-840.080080117,-1518.7611044197513,-2360.975006070059,-2471.633097194588,0.2575663998737495,143.07824703773477,9.266019722808053e-4,0.013725200050582318,1237.4182486315808,3355.730293791821,233.3707511491534,172.93382310390137,611.6217285033949,1.2866284280880453,612.0246073194044,4028.1918291564775
5,2017,zero_tau0.00,3970.5877499943413,3970.5877499943413,207.96510870237182,-5086.460443632048,-789.9353739670098,-1451.0298337168424,-2845.495235948195,-2303.300635072568,0.3156381747144448,175.94385479644913,0.0011497215724890527,0.016798502821284915,1172.472800145665,3156.3287403736404,213.14419459652692,212.49265767053467,749.5199921074043,1.2926693260805697,753.5351231472466,3910.5154004468795
5,2017,zero_tau0.50,4145.209131256962,4145.209131256962,217.5112212674466,-4851.747871515989,-800.502479191187,-1497.6416681158053,-2553.6037242089965,-2391.664894929686,0.28041800210928114,156.5139649068181,0.001015244858055522,0.014858028715291637,1208.4640486143626,3270.6393358603937,224.39399094422856,188.42062726851293,665.8855473292151,1.2892352950522488,667.6742245150895,3974.2869240511995
5,2017,zero_tau1.00,4348.325136947524,4348.325136947524,226.8431278543704,-4638.001196218742,-815.8924843186602,-1530.2881410151952,-2291.8205708848864,-2464.7695893972646,0.24900848199396458,139.18176783071812,8.960021896159433e-4,0.01312152679934423,1216.2448315538634,3356.96147836413,241.40245186340957,166.93425839120084,591.2999453492654,1.2860044455089148,591.4024835220852,4022.832155358424
6,2017,aligned,4050.9106153747825,3952.0608104298085,238.54270711746133,-4081.123998624966,-561.5206799269295,-1497.9014037505694,-2021.7019149474672,-2185.723487042829,0.22499798588544925,123.93519993359398,7.764346839786463e-4,0.011679393671177736,1294.097273108711,3618.3280532159692,221.40671876296585,149.15143995467182,534.2841966362637,1.181457647544125,534.895127948948,4225.478459973211
6,2017,baseline,4051.671207691623,3938.0473196923053,235.4719980368826,-4092.476180576622,-579.1942972228894,-1499.9156803119708,-2013.3662030417622,-2205.937625568081,0.2249561983183702,123.67809417049278,7.720508203389989e-4,0.011676373722801975,1284.6372265180853,3608.726166118886,220.83249213337604,149.10079353777652,534.1849671404157,1.1801082438315453,534.1849671404157,4214.642831854901
6,2017,defund_0.50,4054.455074551226,3900.0620451083523,235.15071670259516,-4096.754987106555,-582.6383056320518,-1497.7861453823093,-2016.3305360921934,-2206.483519243771,0.22554713020269837,123.84854767491824,7.734132736065229e-4,0.01173000802784593,1285.4985541747603,3617.542873439368,220.17978606128133,149.53300813631785,535.5882044442633,1.1800468821244838,535.5603556374454,4223.750007001777
6,2017,endog_tau0.50,4063.435430731177,4006.299755669763,239.1185697277557,-4053.49954688977,-558.4205564638568,-1503.5582592923777,-1991.5207311335355,-2190.2662860218284,0.22191205223750896,122.4910038696116,7.629023995281419e-4,0.011438754527001004,1268.5449002344901,3608.5519033657156,223.78475677480282,146.94462661211992,526.956284017517,1.1801946151798532,526.9948516023023,4212.386885130702
6,2017,flat_mandate,4047.8868030620743,3946.0893540243833,237.63724720918108,-4090.558777894796,-567.0745163800066,-1499.3782818285802,-2024.105979686209,-2192.803474916133,0.22523928113420524,124.01259557432508,7.774124753503344e-4,0.011701382976230752,1284.4103975040098,3612.325878510073,221.11957094233145,149.3255992526971,534.8571806015484,1.1813036845720353,535.3989868870115,4219.518837086718
6,2017,scale_0.50,4006.065967514981,3940.0158410178683,235.03160673497155,-4125.398511353034,-572.6766078881572,-1486.4689098918072,-2066.25299357307,-2178.8324725005477,0.2318808749594988,127.61546559228486,7.968288035473249e-4,0.012020885949323202,1280.0181156218086,3584.990099890111,218.87386780806486,153.84954257743829,550.6284267634495,1.1814878202942332,551.2721253573881,4201.286550478126
6,2017,uniform_low,4014.1322060832326,3951.501426483115,236.81132024398153,-4115.159258100151,-561.6784458145431,-1489.6524162994558,-2063.828395986153,-2172.3804716484287,0.23028551711739106,126.88991599655971,7.961143038974799e-4,0.011953752965670852,1273.0661553400876,3590.2873470882514,220.34369500059762,152.7867301403287,546.84006181581,1.18214957148515,547.7859748251617,4205.630286773682
6,2017,uniform_low_k0.75,4000.0209321073494,3951.501426483115,236.3830873932897,-4127.527644044957,-559.9943070569561,-1486.8046006976276,-2080.728736290373,-2165.8946394640593,0.23239834110826765,128.08614164225173,8.039409765959058e-4,0.012061299538396264,1269.527573554682,3580.807341877303,219.92659333490332,154.23700030785608,551.8572110323105,1.1824599688999815,552.9569545890271,4199.453889493378
6,2017,uniform_low_k1.25,4027.18292689711,3951.501426483115,237.20098808297126,-4103.869432058557,-563.221557719097,-1492.2571595452675,-2048.390714794193,-2178.3144701708165,0.22835420829589287,125.79678352428667,7.889655102189908e-4,0.011855405325148925,1275.9823131853655,3598.9448202255,220.72378106576025,151.46111577042132,542.253941730824,1.1818651381691345,543.0612260496498,4211.268711570488
6,2017,zero_tau0.00,3689.1478173218097,3689.1478173218097,222.4279927194548,-4469.147360813633,-534.2009996356435,-1425.9199087781456,-2509.0264523998435,-2034.9534328241746,0.2849027715954652,157.4297974238962,0.0010001864587395543,0.014833630377626543,1191.986024431376,3395.579014633477,202.1080916491424,190.31499566663766,676.5351602695042,1.1894573594834306,681.8948427299796,4089.266953345961
6,2017,zero_tau0.50,3878.937526344656,3878.937526344656,233.24686018630607,-4220.9113554721225,-533.578888756192,-1471.089474642789,-2216.242992073142,-2110.007621694627,0.24913080843853147,137.8686496321607,8.65986701268553e-4,0.012865426139757516,1241.5897199371097,3520.275454511476,213.1284769847444,165.65055862691094,591.5904238880202,1.1847180326171143,593.9013194486126,4161.654692317921
6,2017,zero_tau1.00,4076.185713133097,4076.185713133097,240.58727832312118,-4038.5819945323187,-550.290195857851,-1507.5158146453873,-1980.7759840290805,-2187.2015721058883,0.22012119245658668,121.91098089260949,7.584943725438047e-4,0.01128296697880353,1253.5281010663816,3582.789789874987,226.88742790981354,145.66291419843856,522.703676708288,1.180085699642305,522.6936912424072,4186.707994828769
7,2017,aligned,3498.764512165148,3383.0356445506663,151.69689826650222,-4873.446024161291,-857.0439137680885,-1555.900845403092,-2460.5012649901096,-2533.9371217440084,0.2559568827408814,138.236400164706,9.73533566920121e-4,0.014290899504528928,1133.189542797863,3384.6994113336273,218.9495666651319,174.6040946482324,607.7997406534923,1.190899029656417,608.1642925651585,4037.2091759156847
7,2017,baseline,3524.710285525034,3392.9538505616138,152.6946105155116,-4844.261569645885,-855.7070992755604,-1560.2221226611716,-2428.3323477091535,-2539.998359963625,0.25255916163206293,136.35645520659284,9.585060606798729e-4,0.014097046012987615,1139.139002016438,3419.4827089104137,218.44536671763728,172.18963959181679,599.7314520158181,1.1901851690710947,599.7314520158181,4065.4698880520527
7,2017,defund_0.50,3542.8826882769126,3379.51664843343,153.1476462655581,-4839.593098278897,-857.0936456731929,-1559.7635476914809,-2422.735904914223,-2541.4413876821236,0.25199550256222136,135.9232294873119,9.558138783927509e-4,0.01408942291422088,1149.4198534211466,3442.015770154282,217.9687225496067,171.80019637378675,598.392977219602,1.190117136777886,598.3587724189221,4086.5430687490248
7,2017,endog_tau0.50,3507.544166056117,3434.2438977817005,152.67379572032192,-4843.45104265187,-845.4146142222639,-1560.5542222898748,-2437.482206139731,-2528.4409347387473,0.2533832818360833,137.28500134807624,9.634767892994599e-4,0.014058081628354738,1120.1874226279942,3382.1779024600314,219.66245565568826,172.73380273619767,601.6884224278151,1.1902113644552796,601.7016652910222,4030.808220670544
7,2017,flat_mandate,3468.6665316280337,3361.4581920363507,148.86438202003114,-4923.120397162817,-872.5310671382427,-1551.2419978307455,-2499.3473321938286,-2541.0031834468127,0.2603227184097441,140.49852425405484,9.914561915683844e-4,0.014557741689750998,1134.0753945882998,3341.665253023462,215.94441364731725,177.69677988000822,618.1669312476864,1.191176205884193,618.6816630738144,3998.5945498645856
7,2017,scale_0.50,3482.7318723753774,3406.7018089096173,153.34669509851113,-4873.542259393321,-842.5962402445236,-1540.5523940335986,-2490.3936251151986,-2497.73934346894,0.2602350855733263,140.64014289686463,9.884825315079927e-4,0.014497490810360128,1137.8634634758089,3400.6963259842314,217.8648895711906,177.60025776055207,617.9588367644394,1.1913570000646745,618.5672658866425,4059.528223681512
7,2017,uniform_low,3506.2662039428824,3414.2037543919446,155.66018992026363,-4838.76958850912,-835.6888981879541,-1545.5979040174623,-2457.4827863037026,-2499.512329057481,0.2560803633725573,138.42609573457136,9.733810556536463e-4,0.01426878780846079,1138.7494086474178,3416.48799415589,218.71510232705188,174.68899651549944,608.0929599453692,1.191118496754074,608.5698185116584,4069.0839184791002
7,2017,uniform_low_k0.75,3486.7688823279727,3414.2037543919446,155.33501165195617,-4857.536759439995,-832.275352919759,-1540.998264921551,-2484.2631415986853,-2488.6110229840765,0.25916047918315116,140.1348717832667,9.858728335349935e-4,0.01443635397899451,1134.8732263374914,3402.8126617352314,218.08942791033635,176.85578301255714,615.407057424658,1.1916008863572067,616.1390799971384,4060.185386630149
7,2017,uniform_low_k1.25,3523.325571731049,3414.2037543919446,155.93807588782926,-4822.609211456739,-838.6368849013813,-1549.568294467027,-2434.4040320883305,-2508.9220471447784,0.2534237825579827,136.9528125054241,9.626168060984672e-4,0.014124171581578629,1141.5918800843408,3428.270368770306,219.25258075631888,172.82025321679313,601.78459615834,1.1907001220155986,602.044968038113,4076.7476643479454
7,2017,zero_tau0.00,3270.377140385728,3270.377140385728,164.75868844679388,-5003.63832108143,-699.6483682850453,-1455.5999085056658,-2848.3900442907193,-2226.5137403159615,0.30183810723734106,164.26940801702654,0.0011575773195857412,0.016693058253290857,1085.5439107130665,3431.139856918035,209.61336567332503,206.829395092431,716.7501078059314,1.1992268315074686,722.1951534126363,4156.118980911566
7,2017,zero_tau0.50,3338.9072655932664,3338.9072655932664,156.60090935638993,-4942.531974606861,-776.0705443790829,-1513.0021365381576,-2653.4592936896206,-2386.1656357802876,0.27859024102853935,151.4741869985374,0.0010650163927179805,0.01539912853851368,1101.300618650696,3366.2776558461765,212.5340253926651,190.4592656256821,661.545313540792,1.1946472013610203,664.025462535231,4052.37787814839
7,2017,zero_tau1.00,3487.8284465855304,3487.8284465855304,151.4850049763176,-4860.317585143368,-847.1628667476061,-1555.1387667897575,-2458.015951606005,-2520.823790607463,0.25563721268029244,138.94681959853733,9.742355114466858e-4,0.014101446969114763,1105.7275372144159,3316.7964195509394,220.78300330713228,174.31523043635212,607.0406464738787,1.1901707929703431,607.0333141043275,3970.297506526047
8,2017,aligned,4364.671039353486,4246.259902555087,185.2214344002811,-4758.197659902067,-761.5994580539979,-1628.2813981503527,-2368.3168036977163,-2534.3898442038853,0.24995561179834297,136.7843158126784,9.245043477762547e-4,0.012801776434784261,1602.14955594012,4221.4211937910795,202.7967850673848,169.89910160979701,593.5490165338413,1.1883963033584064,593.9768539243884,4848.295731173056
8,2017,baseline,4383.769321955322,4241.899158293225,183.41661699128508,-4757.298076181458,-773.7232718074714,-1633.693967930595,-2349.880836443391,-2554.34040752788,0.2479903606410122,135.58147269504522,9.155189114140071e-4,0.012712034330058644,1598.6699655377633,4233.4320226685095,202.33478300447985,168.52020774792544,588.8822963778771,1.1875403097788497,588.8822963778771,4856.12889430294
8,2017,defund_0.50,4382.931546941275,4194.681960510229,181.9583413294702,-4775.374794422967,-785.2695084107169,-1632.1317465623367,-2357.973539449914,-2563.729332620431,0.24896403036969253,135.88573111759308,9.190547525890606e-4,0.012800044415521742,1606.716044535744,4235.921270797559,200.52921427231774,169.2152143979332,591.19438973609,1.1875793734358984,591.2138368358638,4858.449107507808
8,2017,endog_tau0.50,4360.353655766719,4307.843132885273,184.43215393750853,-4744.403837505765,-759.5316271543119,-1636.3822794143905,-2348.489930937063,-2542.3243131239583,0.24773046956383651,135.98318603098653,9.154726343414345e-4,0.01260931579076255,1575.5341679353683,4208.119645412027,204.9124124298492,168.32376013731107,588.2651544295379,1.187482476964992,588.2365061142808,4832.944803818847
8,2017,flat_mandate,4357.728372452375,4237.7010211014795,182.9433087496722,-4795.533651916666,-776.1489980192702,-1629.0618325798682,-2390.322821317527,-2548.758732520012,0.25226160755377375,137.9463726694049,9.341996321159244e-4,0.01294757593800874,1606.25684785681,4204.17083781598,200.75169741304313,171.51849219225448,599.0248748389206,1.1883685815493954,599.4426757250027,4832.846718761772
8,2017,scale_0.50,4336.973421480697,4257.615281681184,183.57292762198864,-4785.156863925352,-766.1374027204383,-1618.5302407678953,-2400.4892204370185,-2524.408490516676,0.25432682213283775,139.16045400354366,9.397168177587052e-4,0.013018586094263354,1607.1147333502781,4229.7751002299465,200.7708281041066,172.9127591891103,603.9289699041025,1.1887752863158576,604.5570227808843,4862.190191925827
8,2017,uniform_low,4345.105442412016,4242.1437577572015,183.31315120966963,-4787.512938386325,-770.1712182652087,-1622.2257873702283,-2395.115932750888,-2533.325777071855,0.25313850054648085,138.50340624324602,9.373151732704939e-4,0.012970760435221105,1584.189902146073,4201.833853077681,202.6294487013878,172.13916557713918,601.1071604482815,1.188585061147412,601.6359909421684,4833.960127144097
8,2017,uniform_low_k0.75,4323.046796072947,4242.1437577572015,182.9573686764167,-4803.244662461351,-767.4609795509307,-1618.1470052886443,-2417.6366776217765,-2523.999981266054,0.25577114107494453,139.976045193178,9.478859949033588e-4,0.013103398276872942,1576.745205088096,4187.634486799965,202.10896831212295,173.97561654571285,607.3586752084999,1.188977040688335,608.0934805659523,4823.8613191323275
8,2017,uniform_low_k1.25,4364.643046704776,4242.1437577572015,183.62254628415968,-4773.764241873076,-772.5477924973264,-1625.798011258731,-2375.418438117019,-2541.4952729889214,0.2508340235885113,137.2147336560204,9.280702723464983e-4,0.012854593940964306,1590.405955947298,4214.250776735753,203.08367590843906,170.5316067072091,595.6349087065153,1.188240762955292,595.9862351923346,4842.789081129317
8,2017,zero_tau0.00,3915.5493661192195,3915.5493661192195,169.22599640544914,-5199.924044692902,-745.6910475653424,-1541.515450408502,-2912.7175467190573,-2374.2329618846147,0.3128023432098386,171.39912410440078,0.0011784379486101902,0.016083649440786607,1461.2436456037806,3937.4744546392794,185.32443570780404,213.78386940430033,742.7859764615675,1.196100794902157,748.1404122217184,4657.155433164501
8,2017,zero_tau0.50,4197.757145191144,4197.757145191144,179.8876602374459,-4923.376357447077,-734.2414015709286,-1596.6305910294368,-2592.5043648467113,-2451.573600036175,0.27589202209822494,151.66534329804733,0.001029284642918142,0.014059984661108676,1532.5598563251608,4103.608362734352,195.79112585610608,187.9731677050368,655.1380751477082,1.1917021640708962,657.4340723340641,4768.860393219486
8,2017,zero_tau1.00,4355.728393873727,4355.728393873727,186.0555044046597,-4727.315685868874,-748.6957506322951,-1636.549433265012,-2342.0705019715674,-2530.886443908809,0.2469707386636667,136.10712960223586,9.134207592584917e-4,0.012479492013897973,1553.5433987373278,4178.454805036023,208.6894668237817,167.7857691488902,586.4610839972645,1.187310412478368,586.3475503185015,4805.706053029417
9,2017,aligned,4818.9978683213,4641.202327985886,285.21215867654024,-3798.439775073024,-466.1886828753994,-1387.3903626966337,-1944.860729500991,-1969.9655808477569,0.2046995705085513,114.8353674963185,7.57141338791937e-4,0.010927598451682707,1635.5907261788198,4790.143523008099,231.3440924707002,141.2466219299778,486.08322048105236,1.3461091979014341,486.4134491986931,5366.654442747515
9,2017,baseline,4837.345452351547,4629.872356717127,281.65953675162905,-3820.059527953472,-483.9830517617654,-1394.7086641326532,-1941.3678120590532,-1996.7449940160202,0.2045485151425654,114.57406202314979,7.546358675189292e-4,0.010935770828828654,1637.9242276591299,4783.002003317679,231.01235497685812,141.1426576680923,485.72452173739146,1.3451953170970286,485.72452173739146,5358.596222363835
9,2017,defund_0.50,4835.02264561024,4596.379810753384,279.9848305707712,-3844.893236951593,-494.29076045815,-1393.9274021209824,-1956.6750743724604,-2005.25781179761,0.20639292046446825,115.39006623106475,7.613031673106642e-4,0.011070860737683041,1650.523226885945,4781.841065042089,229.68295357564548,142.45363101878053,490.10427923524844,1.3447891925799969,489.95631309147007,5359.026700690424
9,2017,endog_tau0.50,4857.361654239582,4725.991058406212,282.33538069321696,-3805.0304858181917,-476.2344181236941,-1397.4199697747017,-1931.376097919796,-1992.4449487063164,0.2030703467831857,114.14736149441714,7.50526546030549e-4,0.010799244411839675,1621.6888215988579,4766.074353635384,233.55285427264607,140.0776474708133,482.2144370080711,1.3460051986762702,482.5047566254632,5342.05431706268
9,2017,flat_mandate,4807.832828369734,4629.0224414717995,280.6776507945893,-3844.0174619179747,-487.75792396530426,-1393.0060729856352,-1963.2534649670347,-1997.3084808678127,0.20656058750018183,115.74426141125103,7.64775119508713e-4,0.011055286940930654,1651.1339220321142,4776.070919822787,231.16690088742695,142.58607716184306,490.50242434364156,1.3455193932197582,490.6205931492049,5355.272336697576
9,2017,scale_0.50,4764.382080563007,4642.969772907694,281.29056578120037,-3846.5048137060157,-481.26872450978885,-1383.8440981240656,-1981.391991072161,-1977.5870199189303,0.20963140806538505,117.54352282168172,7.735759737846168e-4,0.01118814920445351,1666.8789008977487,4784.320509417643,229.58711866125185,144.63942754312876,497.79444916882835,1.345599570270559,497.9440445348579,5367.212245070625
9,2017,uniform_low,4757.369819070207,4627.42355561985,280.7527223548258,-3858.106841984574,-481.84157054943154,-1386.9700271472545,-1989.2952442878882,-1982.2764578957172,0.20968390977290963,117.56953997304417,7.769710144710922e-4,0.011211492228911473,1624.1660883333725,4751.197475266093,229.41698058844992,144.7458022024199,497.9191206520703,1.3457542607087436,498.1260115831508,5333.994665235274
9,2017,uniform_low_k0.75,4728.811413768206,4627.42355561985,280.30403277648446,-3871.078201410846,-480.33689437740964,-1384.6836392081686,-2006.057667825268,-1976.7124229061076,0.2116494074183277,118.70486482190312,7.84742448639193e-4,0.011313225919995456,1621.1151984630908,4740.194674942688,228.99823492427407,146.1097503542229,502.58642612300605,1.3458100482517867,502.81609948728976,5325.899259000028
9,2017,uniform_low_k1.25,4783.272456730048,4627.42355561985,281.1540445832687,-3846.4697107710294,-483.1969317049253,-1389.0256568796196,-1974.2471221864846,-1987.280107428071,0.207918381652561,116.55006751412321,7.699948678942711e-4,0.011120055490215611,1626.5182206756253,4761.072104268482,229.79245454632434,143.52056306535212,493.7266663520596,1.3457048196186523,493.91366892209686,5341.2576646715515
9,2017,zero_tau0.00,4143.94904141035,4143.94904141035,264.4909334161915,-4236.9310372364325,-462.64059120452134,-1352.9409813628854,-2421.349464669026,-1890.946317195576,0.2591216884189092,145.64389214886683,9.741694977865702e-4,0.013875925194635975,1561.0512300240384,4529.921192633615,213.93907550138476,179.12948760431334,615.3149441898291,1.3457861400464854,615.5851965357529,5180.31597706644
9,2017,zero_tau0.50,4429.219041313952,4429.219041313952,277.08840068291664,-3970.4486016362894,-450.80247290782427,-1381.1575514549909,-2138.4885772734738,-1932.8223380076497,0.2266651175023888,127.69006360530962,8.4498653140819e-4,0.012054676533836637,1601.91098660379,4675.156004873387,224.4819735169774,156.478353423504,538.2429968590219,1.346370205323485,538.7130961464228,5281.872721113284
9,2017,zero_tau1.00,4870.68707987491,4870.68707987491,288.4271744031769,-3739.013535234752,-443.7570533157081,-1397.438038201093,-1897.8184437179505,-1961.7914874344854,0.19901726520757332,112.35906437875333,7.360937326282044e-4,0.01050944140417812,1593.9709298970763,4774.842233697916,236.7601484479043,137.17964346501287,472.58991781513146,1.3471095237502424,473.2624110608526,5347.685149741659
10,2017,aligned,3855.3707806820375,3756.8555041561585,209.93130324239883,-4045.559969513738,-378.674364045938,-1419.6844617487056,-2247.2011437190945,-1900.2609602157636,0.23873841666307502,127.11461373400701,8.839267132264494e-4,0.01453157943579697,567.5132786399497,3492.0584862190703,334.72695951381513,159.24715036575668,566.9124665764114,1.3409287147176991,567.1463513811509,4234.684646748279
10,2017,baseline,3872.098814230947,3750.6315703483942,208.04221778441593,-4046.0478164426677,-390.30493901683434,-1428.3176515634207,-2227.425225862413,-1924.4269343540607,0.23635702872595013,125.74468161928894,8.739060527402139e-4,0.014403625467218227,562.4967384119386,3502.933126170466,331.8450768928195,157.603789155862,561.2575806632823,1.3403757307306776,561.2575806632823,4238.431994570707
10,2017,defund_0.50,3860.2353087394395,3683.328700271369,207.37799681908723,-4060.4055095678677,-394.2068428224707,-1426.5788369670922,-2239.619829778305,-1925.5526719585882,0.23783091295748612,126.42422325744411,8.79297722745596e-4,0.014515373439949457,559.0023123367515,3503.0008258159132,329.9039378499772,158.62358434635524,564.757492226855,1.3406098908037731,564.8561538577911,4239.137333177327
10,2017,endog_tau0.50,3876.924402362496,3816.7355013339184,209.0966241307001,-4027.198392418396,-381.1116806025259,-1433.0349333589743,-2213.051778456896,-1921.0392394091436,0.23453047809807848,124.99326461126802,8.677503358443331e-4,0.014247118469023589,549.1028362006884,3486.421682993806,336.3290589555475,156.34870661996266,556.9202212376529,1.3398947364146843,556.7203702147378,4223.122405544129
10,2017,flat_mandate,3855.7603181178956,3750.66123250927,207.8982503705473,-4064.833940979777,-388.25581248222744,-1423.8803015487726,-2252.6978269487763,-1915.107959545007,0.23911228113934202,127.22920344518589,8.857964461984749e-4,0.014574853219046939,562.7696823469544,3485.9562405522015,332.4779561563136,159.5101016464661,567.8002517739858,1.3408393924314244,567.9966647829548,4226.920759845004
10,2017,scale_0.50,3829.3434110616413,3766.7663680692954,208.6859041446163,-4076.669101087858,-381.6585944032567,-1413.0726662680736,-2281.9378404165277,-1893.1691884069246,0.24304592988646032,129.40136372465355,8.996145815571062e-4,0.014794640874088542,573.6384830258854,3495.8777561251413,330.26580451769667,162.13315043930402,577.1411636600742,1.3416604051914176,577.6943208802453,4241.70473108378
10,2017,uniform_low,3824.7929294455403,3753.2672970115136,207.47231856804726,-4088.409783737628,-384.9783530533317,-1416.9733783576837,-2286.4580523266122,-1900.933057250556,0.24315202501957325,129.44055831397367,9.015215848065676e-4,0.01480990621630579,561.6788978816583,3469.476797004343,331.301714011685,162.2533521294095,577.3930990395808,1.3414764381376056,577.867250313922,4216.39240920054
10,2017,uniform_low_k0.75,3808.883907118868,3753.2672970115136,207.09470702246384,-4103.165464992149,-383.6831363353449,-1414.0042803147453,-2305.4780483420586,-1894.685470219363,0.24539032132763164,130.65185522214526,9.102692286318205e-4,0.014943419288882077,561.0510268417419,3459.7104525845984,330.60569025124244,163.7746124354984,582.7081970395857,1.3418332421775527,583.3418282281407,4209.883358628484
10,2017,uniform_low_k1.25,3839.3540344635544,3753.2672970115136,207.81250304073305,-4075.0621484030225,-386.1529460426399,-1419.6640114753477,-2269.245190885035,-1906.5943657015712,0.24112545170956673,128.34406667350524,8.93605453399555e-4,0.014688967458033457,561.9990920589405,3478.313406574427,331.93021006635945,160.87600784378427,572.5807622153187,1.3411513743153687,572.9121010964604,4222.2797098934625
10,2017,zero_tau0.00,3473.8502478171486,3473.8502478171486,195.46193702616213,-4481.04332611271,-353.8034053498384,-1359.655614961438,-2767.584305801433,-1767.6764914506819,0.2991059799606647,159.425441154715,0.0011204669383558425,0.018208962623800427,540.7629408404088,3269.9640166946797,306.1965237027516,200.2551389522418,710.2623500538677,1.3493485224560837,715.0170139822849,4090.922415427474
10,2017,zero_tau0.50,3685.0763186919326,3685.0763186919326,205.2795123927663,-4203.338706006994,-353.7066060050452,-1402.4289939521823,-2447.2031060497666,-1840.633583397279,0.2618363456320473,139.7229142019296,9.745687184464004e-4,0.01589254914172749,555.9358087225582,3402.865488054774,322.59191618140244,174.89443247259152,621.7612172200362,1.3442691381199023,623.5672553793054,4174.13022714289
10,2017,zero_tau1.00,3892.784268545227,3892.784268545227,210.79130548652142,-4002.6066217687403,-373.4071994633204,-1435.5967582166693,-2193.60266408875,-1916.7283525001737,0.23222369179804717,123.98178945883812,8.595779948607829e-4,0.014057958245742224,540.7667706942746,3467.619289268777,342.71428785314004,154.77474948619397,551.4424856913835,1.3391559929552135,550.9406747324317,4206.499502368154
11,2017,aligned,3695.7588027206252,3588.8672767774974,227.99608853488638,-3641.2317980600565,-219.47866296950406,-1365.202531954632,-2056.5506031359205,-1687.0863501687927,0.21235621397910318,111.89236192815112,8.08485867412304e-4,0.013298301077218013,397.8633338079429,3349.371694288091,331.95684764932724,141.96450357841226,504.2648214829247,1.269399544912854,504.5556409725099,4043.919679331516
11,2017,baseline,3701.340684176782,3582.350100918558,224.66098991417505,-3649.1079335969634,-235.24439005413365,-1369.4006131048793,-2044.4629304379505,-1709.0583184034967,0.21169280862821413,111.36597989466031,8.019449681586904e-4,0.013258294199672624,392.31736080673835,3353.7459517071698,328.9909558441338,141.47871362079582,502.6894874036035,1.2686678790711645,502.6894874036035,4043.9476813341107
11,2017,defund_0.50,3666.49361901651,3492.1911575161444,223.2571012577649,-3669.10294105632,-240.3105650064871,-1367.9686768117997,-2060.8236992380334,-1711.414891057336,0.21368489870724516,112.31368740845635,8.09120610191491e-4,0.01340361110250926,387.66022924644284,3351.882377274502,327.21369586424794,142.8502705972781,507.4199397377148,1.2689163150677414,507.51930489111015,4043.7651074325818
11,2017,endog_tau0.50,3713.2108579259184,3651.3236634280565,227.06230602801207,-3616.261525197564,-222.9335254209686,-1374.4550155236234,-2018.8729842529717,-1703.6399743481359,0.20835990727996845,109.84937499553959,7.909948785698647e-4,0.013010722059267201,379.3647368595482,3340.1613028839756,332.97399456650925,139.19777592998014,494.77512091579877,1.2681331773307156,494.56658949268257,4028.5041110131874
11,2017,flat_mandate,3689.716462198981,3578.1528751993924,225.2758225648311,-3664.321726558778,-230.8698487684402,-1370.4291833077064,-2063.022694482632,-1704.6565588272758,0.21283670908978713,112.08228974015215,8.108265199600705e-4,0.013344822088809613,391.5194582425096,3336.633847144065,329.6285841529202,142.30164288295816,505.40581367087304,1.2693382880964141,505.6728879970132,4029.6336764110397
11,2017,scale_0.50,3642.4790893767813,3575.790213432958,222.89971355035578,-3708.0089726224523,-235.81710181831124,-1359.2994910189082,-2112.892379785233,-1692.7932540398388,0.21951288659918244,115.52614803876256,8.33352613471627e-4,0.013745642014968971,392.2424927550363,3314.1783953547474,326.1192467176667,146.82472168621473,521.2591828606951,1.269874047515593,521.7547628214611,4015.2276832076604
11,2017,uniform_low,3665.255416395053,3582.1707057206972,224.95141188448946,-3682.3249252341157,-228.57646662450688,-1364.0439163464089,-2089.7045422632,-1692.9528672007316,0.2159468089830077,113.75239224696232,8.232365696038618e-4,0.013534159944451183,388.22374322129593,3322.8661715466296,328.587332387643,144.4195651184165,512.7911118830707,1.2698695547245524,513.276824972043,4020.3107637878993
11,2017,uniform_low_k0.75,3647.351607345242,3582.1707057206972,224.48113190904672,-3699.5210594892515,-227.62106259484713,-1361.0930828657029,-2110.8069140287016,-1686.9958654268926,0.2183642610842243,115.04022692770509,8.329046840589924e-4,0.013684317004197902,389.22073263119,3313.0905040890398,327.8867222355802,146.06665531344652,518.5316363980891,1.270241015975624,519.1746110227361,4014.08518203391
11,2017,uniform_low_k1.25,3681.195365001807,3582.1707057206972,225.36278612706295,-3667.227781175021,-229.4190666686679,-1366.639759907844,-2071.168954598509,-1698.1941507069853,0.21382222950387114,112.62075171881641,8.147448546455427e-4,0.013402151875049161,386.8953497546763,3331.45110963633,329.2012665139341,142.97204875206594,507.7460478762388,1.2695404477408698,508.09526716432214,4025.77559456252
11,2017,zero_tau0.00,3300.921190832257,3300.921190832257,212.58801834446666,-4091.031623727549,-204.06397618485462,-1308.4969028615844,-2578.4707446811103,-1571.2160726180014,0.27123586148767437,142.96593624536547,0.0010446774447200032,0.017020618423037964,375.8456344303162,3156.482339079427,301.9907018899032,182.06718412356898,644.0814738122458,1.277674330228151,648.6538985032981,3925.0597553490597
11,2017,zero_tau0.50,3505.8882526662,3505.8882526662,222.90547892307646,-3796.9571559311034,-200.43638754344283,-1346.3115050079557,-2250.2092633797047,-1633.2928624614788,0.2342011472177297,123.6281498228158,8.960511907043682e-4,0.014636060476220998,388.50243405532734,3273.017319015328,318.6018415820266,156.79761540863464,556.1381863045746,1.2726131915574412,557.867668832444,3992.689214021165
11,2017,zero_tau1.00,3741.5678735785796,3741.5678735785796,228.96449026241183,-3593.4370635288606,-217.03822754066454,-1378.2251780188178,-1998.1736579693782,-1702.7667929182296,0.20560144878221165,108.61130182849008,7.82322384022462e-4,0.012802941444945792,377.8016854562163,3315.0620949867803,338.272901432454,137.319961922583,488.22483658045894,1.2674500756555467,487.7561860507297,4003.7712205473813
12,2017,aligned,4532.895190026662,4366.277351861211,263.83658340895465,-4238.029856121361,-602.3887449870904,-1441.9099321552137,-2193.731178979058,-2149.3893416516735,0.23187430453215777,127.64650654224597,8.65325534085516e-4,0.01286877761280877,994.8853265253063,3401.67391981784,258.17841781537214,156.1768909503528,550.6128245104798,1.3481483426161014,550.9813311771852,4054.6567778600447
12,2017,baseline,4562.719522516226,4366.832593578271,262.73172434025156,-4224.177243683842,-611.6661735442276,-1442.6176625742385,-2169.8934075653756,-2161.4976342015743,0.23015302760685402,126.49071335442723,8.53659458913343e-4,0.012770730899253771,977.0647465464275,3411.1346533249525,255.87098029399436,154.956016134307,546.525449880857,1.347246675674137,546.525449880857,4058.5750673654966
12,2017,defund_0.50,4557.176128426226,4331.273712380203,260.76134690268333,-4250.507579065461,-623.3330004438043,-1440.7782683763949,-2186.396310245262,-2169.8869042450647,0.23229724495466678,127.4652660574986,8.608971912695921e-4,0.012922010769052724,976.0669190514068,3402.231385632745,254.5159125683783,156.45124317116301,551.617146317966,1.3468828261117198,551.4681716268915,4051.764226656852
12,2017,endog_tau0.50,4564.090229750974,4438.369479941174,262.7165825299006,-4222.271987682918,-607.3401673888197,-1446.82537240943,-2168.1064478846683,-2161.6607200295352,0.2292915376135717,126.37021774931054,8.534213182113112e-4,0.012676226838353366,966.8894492539252,3384.006583672356,258.47202611023476,154.33907531905024,544.47974050635,1.3476803444102352,544.655004506002,4032.794538969543
12,2017,flat_mandate,4535.984591261542,4360.143999033456,262.545346005048,-4249.344220208591,-612.2524601915179,-1442.5755358691451,-2194.516224147928,-2160.756551598974,0.23182242644374929,127.53863335056738,8.653038081338813e-4,0.012881759287063803,984.632163292001,3396.5068657020024,255.94422274091647,156.15416958514044,550.4896338842202,1.3478533108975945,550.7375071268061,4047.0344259845847
12,2017,scale_0.50,4476.103116700045,4363.54812888405,261.5596798481185,-4269.255130714069,-610.1923039033829,-1428.995779051808,-2230.0670477588787,-2139.144746891716,0.23724649916860846,130.52413925453354,8.819562683540655e-4,0.013149245929701294,981.6895927793104,3381.0007549472343,253.81147134381547,159.78143453785106,563.3697329077444,1.3480157646367916,563.6913380386356,4038.722129791834
12,2017,uniform_low,4454.781023424158,4352.406458576661,259.4911679329578,-4304.948212406275,-616.9692518792473,-1433.4903741839432,-2254.488586343085,-2150.3284935020847,0.2386876655881266,131.37368851414104,8.930528850908666e-4,0.0132613113470281,979.0760073252784,3354.3527487127376,254.18597058646333,160.84011593891773,566.7919521762467,1.34805908900443,567.1337376456524,4014.8323410059356
12,2017,uniform_low_k0.75,4431.652810465606,4352.406458576661,259.0941873371884,-4317.416224591425,-615.3045545280552,-1431.0809280975457,-2271.0307419658247,-2144.5357956387593,0.24059303878474392,132.45682691052508,9.007278581294095e-4,0.0133633629449328,979.4622145407272,3346.2853488462333,253.74788691437334,162.13444564645692,571.316485067689,1.3481965454014662,571.7192889815442,4009.618079095694
12,2017,uniform_low_k1.25,4476.241815284883,4352.406458576661,259.854998609076,-4293.487055822776,-618.503024289957,-1435.708787833104,-2239.2752436997152,-2155.662001924743,0.23693438569510383,130.37736375264592,8.859949907918216e-4,0.013167346704189472,978.479859890281,3361.7712535405144,254.58834281065998,159.64907242149653,562.6285827334683,1.3479328326084836,562.9151312256448,4019.6256551553224
12,2017,zero_tau0.00,3921.50926055419,3921.50926055419,247.72097442403808,-4648.148058134347,-573.5758064766393,-1384.7069040865035,-2689.8653475712044,-2018.7061028186274,0.28801077671569675,159.13445436771832,0.001092620517049697,0.01596907572537825,965.8750994964989,3202.6415730783347,234.18592374033454,194.3755228243801,683.9154841967136,1.3504582563795167,685.5458090754574,3927.997783069747
12,2017,zero_tau0.50,4152.868118958844,4152.868118958844,256.9496112415768,-4410.82846956635,-579.1250328221645,-1424.6165632728005,-2407.086873471385,-2091.023786771589,0.2558188290572525,141.3831155397466,9.626513423223403e-4,0.014136468156566774,973.0908464126514,3294.060073110768,246.74134524149108,172.40044808114789,607.4719159347062,1.3493063601321968,608.4006251952671,3976.8015954663783
12,2017,zero_tau1.00,4562.491263376715,4562.491263376715,265.11666981709726,-4199.521251555546,-591.6745692934016,-1452.472857021287,-2155.3738252408566,-2153.141242551032,0.22714490654474528,125.56919311915668,8.48092561179526e-4,0.012506475499481548,966.3184908978894,3367.4761345497736,262.8710962817843,152.82832121808744,539.3823124046323,1.3482076154374432,539.7670332734771,4017.2859428869474
13,2017,aligned,3148.244867316841,2935.555385389155,190.83521819749865,-3572.187954526174,-92.37029233511713,-1230.4650999400985,-2249.352562250958,-1385.9073819295356,0.2351743876536673,123.77564335582194,9.055905197728093e-4,0.014961942340029592,983.787968873424,4250.686720818445,273.10188283561797,158.16240628276054,558.4492602566481,1.2394234666793518,558.5266066587473,4924.15280403005
13,2017,baseline,3132.2109474126137,2926.849554639641,187.07851281510196,-3608.8946440258896,-99.93115875313298,-1240.069539249862,-2268.893946022895,-1404.391278376003,0.23707158811362586,124.70930000589114,9.131479214961726e-4,0.015098587615544324,991.078153219416,4242.311842541079,267.8990230348868,159.47008238516185,562.9543860230759,1.2392518276836766,562.9543860230759,4913.69516921388
13,2017,defund_0.50,3122.1547604713437,2900.4768975812894,185.5461545348859,-3644.8998264724655,-105.9414655007336,-1240.3212611954925,-2298.6370997762397,-1408.9631294288051,0.24027159839250523,126.26196616476605,9.262423689599014e-4,0.015333236241177087,995.5752289246387,4233.500843787581,267.042221153239,161.73682234166637,570.5531870272293,1.2391109928623034,570.4883464884592,4909.2945890876135
13,2017,endog_tau0.50,3168.1726798534637,3030.234348285232,189.09528402745326,-3560.5349725922993,-87.39849881183882,-1238.8986076040999,-2234.2378661763605,-1391.004317763861,0.23347347526117562,122.98521944850073,8.986312550664246e-4,0.014829356596217477,988.6110333113033,4232.428094627658,272.8885157286844,156.9271871964528,554.4102436068113,1.2394624759924304,554.5044823866642,4902.8939055465535
13,2017,flat_mandate,3101.773301716232,2925.1061236984037,185.99841599360474,-3627.710292191708,-100.24873859342648,-1236.7020006872494,-2290.759552911032,-1398.9858858016007,0.23941803273074067,125.97216057289208,9.233992620635194e-4,0.015248741433663969,996.2133826754475,4225.22349457619,266.8712303386011,161.09337424058003,568.5262949104957,1.2397509964538438,568.755296446018,4899.75664712023
13,2017,scale_0.50,3062.2291257596034,2944.710694491063,188.49676952802872,-3605.2263363612624,-81.70683892009318,-1226.8695490968612,-2296.6499483443076,-1367.7486126486162,0.24063918437879622,126.69309339263442,9.268662278865236e-4,0.015299599570454273,1016.5558452830509,4249.163165838589,264.20144737729504,161.85471628022313,571.4260632114642,1.240716519784063,572.1014410661052,4923.611338001766
13,2017,uniform_low,3072.1123259094234,2934.4200449346304,188.50854353009944,-3625.412045218228,-94.57169833080414,-1231.4495469977348,-2299.390799889689,-1386.4481596826404,0.24053915831373757,126.60755137819808,9.27663161931356e-4,0.01530761944451597,985.6680177489894,4220.579817726082,269.4866163916688,161.829672257861,571.188539548298,1.2404429366591232,571.7375383723706,4899.97430023226
13,2017,uniform_low_k0.75,3042.510008155313,2934.4200449346304,188.1450786029603,-3641.4555888889336,-94.09365854507082,-1229.2933176240274,-2318.0686127198355,-1382.1287448603794,0.2426179636202293,127.72095272588263,9.361985364049298e-4,0.015438251805041537,984.5556388333714,4209.473723566003,268.8739971606289,163.24915193904542,576.1249073951977,1.2408638352579786,576.8743254664231,4891.9728942540105
13,2017,uniform_low_k1.25,3098.467892344482,2934.4200449346304,188.82810953386095,-3611.2567799269395,-94.995740343935,-1233.3551809251917,-2282.905858657813,-1390.2661115584804,0.2387034887900133,125.62454396081924,9.201303407855373e-4,0.015192227938208376,986.0105315077685,4230.3813496278935,270.0266863065698,160.57626195622362,566.8295262312988,1.2400683644696924,567.2030073504939,4907.0347813287335
13,2017,zero_tau0.00,2415.2736664494105,2415.2736664494105,173.06453634470347,-4093.0807591160738,-94.11257420267621,-1219.1675924258172,-2779.80059248758,-1342.759873199337,0.2923951482107944,154.09620418574653,0.0011421236168320502,0.018633666127674614,929.2636515122301,3996.4447105702798,244.58416288095174,197.352522736796,694.326690291713,1.2481582121430082,699.3167498631174,4742.9931005775525
13,2017,zero_tau0.50,2684.904541215255,2684.904541215255,184.00810830427778,-3766.840622023731,-75.13656475989949,-1235.9591570213804,-2455.7449002424505,-1363.095192929831,0.25735574038290043,135.7098904700167,9.967646435237306e-4,0.016349714601329543,978.3305631832482,4146.9462676617195,258.40173272830526,173.25321612295693,611.1214927506652,1.2437526025200372,613.3409934002406,4845.435777667308
13,2017,zero_tau1.00,3242.6903378452325,3242.6903378452325,194.22709880313622,-3487.407859524392,-68.20138785192687,-1229.593750858215,-2189.6127208142507,-1361.8587150907158,0.22898294819776135,120.78772378376868,8.803301045566224e-4,0.014500337414089298,967.3512637919744,4220.500218537154,279.9870470998038,153.78029375934716,543.7469586218018,1.239502389559272,543.8568977437446,4890.5638696213555
14,2017,aligned,3615.9965907058345,3541.555358355091,157.16949384209457,-4502.095778867992,-534.658110691014,-1379.1093485933725,-2588.3283195836043,-1984.685703966838,0.27186372324857216,141.6824666717448,0.0010402199877048194,0.017738380517465305,456.8512609039901,2734.854537674771,299.9180280412752,179.5267090293125,645.5724054541436,1.3622547455589036,645.7375355845018,3500.9833922712355
14,2017,baseline,3614.6297102264434,3542.2295626817913,155.78933907708074,-4500.407668143025,-538.1863868913565,-1379.7534726992199,-2582.4678085524492,-1989.57566214558,0.27221424712629677,141.68931267229252,0.0010366522098737693,0.017753697961736765,446.4231489722021,2736.861132492528,295.7336294547948,179.71801530247635,646.4047656536134,1.3619063852866276,646.4047656536134,3499.2815122984603
14,2017,defund_0.50,3592.6647218329185,3469.394722434258,152.91363649179092,-4541.389996640728,-553.8179900313113,-1379.3723896596803,-2608.199616949737,-2003.5411916002913,0.27528762169708726,143.1450372150717,0.0010476167743556947,0.01797962942710816,435.91249302196695,2725.67418954843,293.909786153763,181.80949843823163,653.7028552656382,1.3621664570269272,653.8276873694043,3491.602164633366
14,2017,endog_tau0.50,3609.605414502255,3570.901880645656,156.2032066088039,-4494.411816384636,-536.1054404216987,-1382.5602098093416,-2575.746166153596,-1990.7991761897192,0.27075129852761487,141.17645854816072,0.0010343308945407713,0.01762713757124929,434.8994170468908,2714.49451629378,298.97739145675786,178.74905384065724,642.9308220372254,1.3614427206149624,642.711934519167,3477.4347884290473
14,2017,flat_mandate,3597.39195090734,3527.198313411837,154.09800353004098,-4542.092419341672,-547.5347642819551,-1383.435606462118,-2611.1220485975987,-2002.303752192218,0.27400467172269927,142.74764818080556,0.001049650487827164,0.01789696478789918,449.3210564007255,2722.2930024054767,296.72842529936094,180.9928863945438,650.6563395659849,1.362333648118587,650.8604661295129,3488.889007439807
14,2017,scale_0.50,3579.033639914543,3532.2841735276006,153.83699358055372,-4561.904357041834,-540.7312843779835,-1369.3671277341139,-2651.8059449297366,-1975.1804396347459,0.27995125725756875,145.78602625858701,0.0010684386403419345,0.01825130066957487,451.1173203178895,2708.445375560495,293.2265617103375,184.9700173932859,664.77720674941,1.3629839558253731,665.3031932199646,3482.005113097511
14,2017,uniform_low,3573.256348293104,3529.555408106834,153.78514456374887,-4576.954539257647,-542.719693769937,-1370.460640310097,-2663.7742051776136,-1978.0780707169931,0.28008452469194683,145.95535219538365,0.0010743679824504167,0.018285072263449217,443.7979998865982,2689.204363583668,294.85100915838063,185.1130422646018,665.0936659560747,1.3631580760043696,665.7049352599711,3464.647265737418
14,2017,uniform_low_k0.75,3563.558301890283,3529.555408106834,153.50900918361356,-4593.242974170913,-540.7092242627754,-1367.2554253863873,-2685.278324521751,-1970.7818447981658,0.2825033503776342,147.23641451411754,0.0010842388348727887,0.01843943928706711,443.97333894758845,2680.4851427256126,294.1414551161989,186.74842611494378,670.8374522090706,1.3635137341941437,671.6291878654846,3459.5073595923523
14,2017,uniform_low_k1.25,3582.099079393984,3529.555408106834,154.0317003860316,-4562.310081708062,-544.5318815526789,-1373.3478029007515,-2644.4303972546318,-1984.6503959696042,0.2779074631159415,144.80256623690832,0.0010654893370550648,0.01814607477967095,443.38573979446187,2697.046170992573,295.48800870520984,183.6411505726358,659.9239770338107,1.3628359087325448,660.3743859721951,3469.267415097342
14,2017,zero_tau0.00,3369.8278569626746,3369.8278569626746,145.29044397586713,-4972.815910802532,-506.05452626357663,-1295.968189395299,-3170.7931951436562,-1819.7743399501521,0.3367072943118201,175.75680971436555,0.0013063760843734125,0.021940933766497254,440.8744488502713,2532.6848696143206,269.4858362365552,223.38783591739423,799.5510961353672,1.3705696246976544,804.6371304193697,3383.4200003528513
14,2017,zero_tau0.50,3477.0880746957564,3477.0880746957564,151.74017769258523,-4707.237907689082,-516.4680853842826,-1344.4169449064302,-2846.3528773983694,-1908.5523690379089,0.30045953972286255,156.89962786108765,0.0011581913192878564,0.019552562585197653,444.5961551881237,2626.226498506928,284.3955298735046,198.8594776998435,713.4765370044711,1.3657194988014527,715.474153768115,3427.2367044487037
14,2017,zero_tau1.00,3626.9709609910537,3626.9709609910537,158.63061483578687,-4459.862566093372,-527.0229579569893,-1381.4530684189017,-2551.3865397174814,-1981.0890128160138,0.26752629512521964,139.76222476309044,0.0010246249547188196,0.017378873235930764,434.83327594003947,2703.5845892085445,303.4209238577888,176.57589328787387,635.2726719199386,1.3608738641473557,634.791043762493,3465.2206635409525
15,2017,aligned,3480.482796209454,3310.104971796233,175.93135887185383,-3999.692147270782,-658.1190630023464,-1187.039407695664,-2154.5336765727716,-1896.1503941344672,0.23092590706447308,121.15948900689382,8.676144153608842e-4,0.014620546226040067,186.8753383704829,2336.074459032646,304.91814577436645,151.31833190055735,548.3607431101966,1.2187580375587472,548.2049442120472,3037.8792171185023
15,2017,baseline,3435.1771849832976,3286.561791166704,169.7602915852866,-4058.117095791967,-683.9243794203333,-1181.8949494620451,-2192.297766909589,-1914.0750681032498,0.2357792306842473,123.5381330315373,8.83970056825006e-4,0.014940026467076383,191.5991233242241,2304.028738679739,298.0122972646193,154.57298252869217,559.8855312144201,1.2191044064876801,559.8855312144201,3007.3535846300865
15,2017,defund_0.50,3451.8319086378174,3283.7035877898447,171.93767786943775,-4035.3580740232474,-672.4760097755462,-1183.5068246713581,-2179.375239576343,-1905.4295708578943,0.23469679839798607,122.88932539539549,8.777527668940553e-4,0.01487357833278086,193.44592878122657,2336.1305262639107,298.2743241530478,153.83855470915103,557.3151683633826,1.2188497635014715,557.1987579903446,3037.765053698152
15,2017,endog_tau0.50,3466.441007878173,3382.533658173099,173.91109486890807,-4003.9453148557423,-662.1743465921509,-1183.5474791855002,-2158.223489078091,-1895.6110608634378,0.2314836846976893,121.59455402896555,8.697159922773456e-4,0.01461162120864588,185.70393964328284,2308.5275501183582,301.51277601998277,151.6525417284881,549.685251742982,1.2181588815017343,549.2589214490687,3007.6467058589215
15,2017,flat_mandate,3476.3840425464746,3328.877610388149,178.36408378349404,-3978.6886894549802,-639.316518638843,-1189.0617681675265,-2150.3104026486108,-1880.7680554775327,0.23046856008662756,120.94862451302409,8.651913799089978e-4,0.014580596858773595,184.16377079731345,2363.6455925185955,302.26150650973943,150.98318315295649,547.2747188878882,1.2189461099578203,547.203657140905,3062.1275730162833
15,2017,scale_0.50,3406.2977449505524,3312.392355794214,172.67755285276021,-4045.352695216694,-653.9860253868073,-1174.2750099894204,-2217.0916598404665,-1872.9091091091773,0.2388646317594446,125.29568383753087,8.957774137179447e-4,0.01510915506703407,199.9734842634944,2319.920581719549,295.9220553560915,156.6344586797992,567.2121791765122,1.220219785470413,567.7311310727049,3026.9393094685465
15,2017,uniform_low,3410.5316013472957,3299.9562316475967,172.67486687136224,-4063.8418838289313,-664.7040250127322,-1178.3642363732438,-2220.7736224429555,-1888.7549024857462,0.23829183244712562,125.01464618529656,8.974935437297255e-4,0.015102752960547059,187.63538110784205,2295.6250946216755,299.27772155609915,156.28992803030874,565.8519997988536,1.2202801264049001,566.3977147210719,3005.010602868538
15,2017,uniform_low_k0.75,3387.1992280770787,3299.9562316475967,172.35954254910192,-4082.537767829171,-661.7534999446774,-1175.600064918704,-2245.1842029657896,-1880.8251833480233,0.24107852500191346,126.50160608828496,9.085910854466721e-4,0.01527842836456563,191.88444098072378,2287.6112497683034,298.5295594822137,158.16703304147376,572.4693292253716,1.2208834122000987,573.3047180579084,3001.278494266952
15,2017,uniform_low_k1.25,3430.916930027837,3299.9562316475967,172.9442983771018,-4047.734662672596,-667.2563116888986,-1180.7516907204463,-2199.7266602632512,-1895.6061944548223,0.23588756494271768,123.73201450495627,8.879257884101126e-4,0.014951143822389925,183.1631817286713,2302.530659709364,299.92045265431705,154.67066538644258,560.1427836606022,1.2197557704219695,560.4420663187464,3008.222513295985
15,2017,zero_tau0.00,2936.571263929482,2936.571263929482,162.096688146333,-4508.477111245541,-613.6332523432629,-1123.7589042534128,-2771.0849546488653,-1737.7538798193075,0.30039352550736065,157.90394815800616,0.0011457667493318603,0.01908281686289995,202.89560822228253,2157.9102751100822,269.9938647636561,198.1203248456792,713.3197784808016,1.2328979688932762,721.3906383901412,2951.1744534182003
15,2017,zero_tau0.50,3170.9819068418647,3170.9819068418647,168.94239114283548,-4227.461701182161,-633.9234044354622,-1158.5929270720658,-2434.945369674633,-1820.469309374679,0.26232782995887616,138.00729039922578,9.944351922198072e-4,0.016588158285533467,202.1364791639773,2231.8982003608917,286.2472406891503,172.4337417905415,622.9283045949996,1.2250671535618145,625.9751018224174,2971.686801081918
15,2017,zero_tau1.00,3471.894128392276,3471.894128392276,172.4449351544877,-4027.0963029621944,-673.2856607879721,-1179.6070585442937,-2174.2035836299283,-1899.9872593392429,0.2325349874483782,122.37128814079558,8.783718202934879e-4,0.014657833875461806,186.5963408263339,2244.9249822033544,306.11831506554785,152.3784326227162,552.1816938482874,1.2180444723967134,551.7016068281741,2950.3664714743604
16,2017,aligned,3273.270384027187,3132.838888073461,107.85127933631928,-4652.863779664752,-950.1995474272908,-1128.30989976856,-2574.3543324689012,-2091.593618236968,0.28585713888171776,148.09154925708307,0.0010552707244361529,0.017673998771913006,533.585648482057,2049.6563269174494,212.95032950291147,189.52066483592105,678.8014177065419,1.194427754874052,678.9749062071595,2752.0608977915995
16,2017,baseline,3271.8852021464486,3145.5443094598904,108.7024448901988,-4640.130423880119,-941.1742827550836,-1129.2820854375868,-2569.6740556874493,-2083.901344549817,0.2859478358434696,148.11793286499312,0.0010527317293693467,0.017656687679291468,536.1106413623146,2072.1005154919676,211.88639601135543,189.55415351800738,679.0167883159996,1.1941225602661294,679.0167883159996,2773.4495463013154
16,2017,defund_0.50,3275.952394065826,3124.066783995715,108.12767428990375,-4648.722553454683,-945.0349469935447,-1131.381255258857,-2572.3063512022813,-2090.4699554566596,0.286389547254647,148.22088547211217,0.0010533193157675892,0.017706557974495805,539.2373516972427,2084.5326352239763,211.08004627699358,189.85313815840186,680.0656840451647,1.1940517981775274,680.0253842721005,2785.784927614668
16,2017,endog_tau0.50,3267.499121621563,3184.273302196714,107.07425527527472,-4664.868729727683,-946.5627302796968,-1123.7086466440044,-2594.5973528039817,-2080.1488577810696,0.288188783464193,149.52887450786656,0.0010653499631136077,0.017764057970209125,522.5392182707624,2019.4645787361242,213.38379804022708,191.08986599569624,684.3381821699504,1.194560875877163,684.5893759070527,2726.347886687708
16,2017,flat_mandate,3267.1625088673723,3149.11420408402,110.48552327829664,-4639.533514245243,-929.1543740169169,-1129.7783373529912,-2580.6008028753354,-2071.616826567233,0.28686747922296546,148.65755913176866,0.001057852688430514,0.017715421159238635,531.0111251859064,2072.597936927544,212.9744517561283,190.19297752839856,681.2005897499198,1.1945023146050275,681.4172248661342,2776.7966360214086
16,2017,scale_0.50,3215.423079557715,3134.401920711433,106.7633912690963,-4695.675923151509,-936.4258234780307,-1117.8056727062256,-2641.444426967252,-2060.150114124276,0.29437622508521705,152.54695997263056,0.0010857812877269068,0.018172019730887286,531.3724383747966,2031.9942681164698,209.38963431902172,195.28822741991644,699.0309904753799,1.1952433751407459,699.687107659673,2745.782782675248
16,2017,uniform_low,3213.920245623306,3124.6486714184434,106.39426873193892,-4717.105019537887,-947.4801197409478,-1117.798955468882,-2651.825944328057,-2070.9802639339655,0.29478453683578193,152.74229024777492,0.0010906729091261368,0.018232995703781625,524.9952391940311,2006.6253689228965,210.79829467932424,195.59281743610154,700.0005747797424,1.1954764403335754,700.7942259985786,2722.6250721646975
16,2017,uniform_low_k0.75,3195.093198999557,3124.648671418444,106.26391791543247,-4735.179503700639,-943.2462569899881,-1115.1022662241778,-2676.8309804864725,-2061.7917175437724,0.2976911638024456,154.2826903123796,0.001102033609516882,0.018408257991003818,526.2289045644804,1998.3462651865461,210.17066918048306,197.5655309630754,706.9027025818812,1.1958572703215316,707.9296249993645,2718.881028403318
16,2017,uniform_low_k1.25,3230.344209512023,3124.648671418444,106.50435024925555,-4701.53250605185,-951.1372982067279,-1120.1270450501495,-2630.2681627949723,-2078.913378880359,0.2922773797919634,151.41400098456592,0.0010808792281136708,0.018081726899529006,523.3357708986193,2013.7605668244817,211.33767932014217,193.8913785390816,694.0470353214846,1.195146962843561,694.642437833337,2725.849305438879
16,2017,zero_tau0.00,2855.70343397413,2855.70343397413,101.83951531903652,-5107.778472377213,-873.1258839058362,-1057.6378262407534,-3177.0147622306226,-1890.1662041322063,0.35563946009195035,184.80817942415757,0.0013287545379687407,0.02194580772243354,517.1733577318754,1883.4963647498485,189.73148709349547,236.90231652288492,844.507751834371,1.2027300019421876,850.5951095820325,2686.9206449024914
16,2017,zero_tau0.50,3004.4727232459,3004.4727232459,105.37758803890267,-4867.899403218698,-905.0876979934774,-1093.0909843760903,-2869.720720849131,-1984.0719695739283,0.3199106879213599,166.27398983796655,0.0011900453334195613,0.019702086368780927,524.9403171279071,1944.0986174662662,202.22908608959324,212.62951051927158,759.6655775329407,1.1986037238853853,762.5163617506704,2696.2145547872583
16,2017,zero_tau1.00,3239.9837944986366,3239.9837944986366,107.03200474016025,-4676.703053253576,-945.875105353375,-1114.5063133613883,-2616.321634538813,-2065.7224158242007,0.290198368011117,150.82710332715814,0.0010770494976806574,0.017853303361798734,509.40261117021987,1958.730536555654,216.27238434020887,192.47401299069588,689.1101771769305,1.1950613341673189,689.6519294818477,2672.180837387015
17,2017,aligned,3781.2653710860723,3637.2528475420636,139.74356485638165,-4784.568767886891,-877.0060999053422,-1233.9048845925106,-2673.6577833890387,-2139.3715805108022,0.2775357657618089,148.81646297895534,0.001100492257620848,0.01769609684353498,382.66556005549774,2296.020127227927,271.48821436916245,183.35898497232284,659.0413379227847,1.3333523742956734,659.2564883402691,3043.4058449650356
17,2017,baseline,3791.8030359510894,3658.013295997592,141.17575328214872,-4748.747561668638,-866.2482045076007,-1232.0885656697585,-2650.4107914912784,-2127.75194112123,0.2763152024472468,148.08454753902782,0.0010894143680377927,0.01758560538051549,378.3671754150051,2325.8337769054233,269.35954985802925,182.47079797847326,656.1429666889351,1.332917230576867,656.1429666889351,3068.865495473914
17,2017,defund_0.50,3796.272196777145,3627.5898509424565,140.74271073007662,-4757.948001939266,-870.1097694377011,-1233.4968795257228,-2654.341352975842,-2133.259667758776,0.2770849358076654,148.35050639522282,0.0010905742304914451,0.017653999344715912,381.39351835503857,2339.1016940426475,268.77051505543994,182.9831012910857,657.9707891402204,1.3329031299281273,657.9638286067635,3082.852936413765
17,2017,endog_tau0.50,3781.5966519793496,3687.154967326322,138.17284409063421,-4791.281482850859,-880.4817948118704,-1228.5290695872354,-2682.2706184517533,-2135.216273309042,0.27869161208646287,149.6261955929181,0.0011051643610178374,0.017718625241007657,369.6937045230438,2266.9124085703197,270.87283347464745,184.10849675332418,661.7860310478029,1.3330605038793297,661.8571654498624,3015.533910741505
17,2017,flat_mandate,3787.3022319581364,3654.4543854582366,141.47479101499445,-4760.799235374462,-863.9561877081884,-1236.0034312464295,-2660.839616419844,-2129.981915096503,0.27623700683251295,148.16410165659462,0.0010943701858066048,0.017598322702816444,383.5508815184836,2327.69484003003,270.1286538958439,182.46160419804085,655.9572819992071,1.3332161167206626,656.104370308979,3071.466260036812
17,2017,scale_0.50,3724.4301801129773,3638.2972593635773,138.07139604416636,-4826.52509375828,-870.2941548709264,-1220.1248639961605,-2736.1060748911927,-2111.8671329443205,0.28547898775141084,153.07128665027304,0.0011289544738919733,0.01817010827297067,382.1362984830787,2280.001841649857,266.0393770070702,188.64688682251523,677.9034533444698,1.3344779722174391,678.6972251733961,3036.0915570078078
17,2017,uniform_low,3710.6279611099326,3625.267023382017,136.66661440872824,-4866.819747829589,-883.0201486931869,-1221.012349772938,-2762.787249363464,-2124.6761354040495,0.28701853941101607,153.9195303838574,0.0011413989106635086,0.01831096191159546,377.68170207761733,2247.7161727221733,267.27569678813904,189.74729574074573,681.5592999441411,1.3347977873443182,682.5208832476854,3007.765457017252
17,2017,uniform_low_k0.75,3692.013059765352,3625.267023382017,136.4684373369155,-4884.833720806611,-879.5007419761913,-1218.2068335990066,-2787.1261452314143,-2116.1785857779832,0.28965694679414583,155.36913500748142,0.0011525650243314931,0.018474861082839408,379.6700379943547,2239.660962589186,266.5683250494979,191.51764998768084,687.824508779443,1.3352759586667113,689.0416818735587,3003.7533195245624
17,2017,uniform_low_k1.25,3727.3750496377797,3625.267023382017,136.84075922605868,-4850.800456156143,-886.1570561575476,-1223.5122686095374,-2741.1311313890574,-2132.247351004982,0.2846696543801727,152.62942534109052,0.0011314643665374217,0.01816496310744896,375.48022829424986,2254.881527188337,267.9034675133802,188.17124630924928,675.9815960071201,1.334369033202243,676.7178696730883,3011.331618065556
17,2017,zero_tau0.00,3339.561899308714,3339.561899308714,132.0324362679768,-5268.513349600354,-805.8327252607038,-1161.4980643178858,-3301.1825600217635,-1942.5013823932693,0.34509166766251015,185.64973835383535,0.0013872329079704633,0.021957576602177665,381.0465758390003,2126.9243127675395,242.51273410176046,228.6850155341957,819.46077738137,1.3442396180493048,826.4216390366443,2967.1736703717484
17,2017,zero_tau0.50,3479.595578273013,3479.595578273013,135.74468947189095,-5016.564546018077,-839.4299714137928,-1199.8352377439528,-2977.2993368603316,-2041.7663803208463,0.3099028929434858,166.72649787157349,0.0012397265373034557,0.019691561199424043,382.14642961064897,2187.5281244324365,257.3158911692185,205.06767765601526,735.9008905789153,1.3386006935935333,739.0387189448423,2978.815056890482
17,2017,zero_tau1.00,3738.7231314193864,3738.7231314193864,136.27154188176004,-4825.372040822743,-886.5813980145832,-1224.0324255178648,-2714.7582172902953,-2133.1923314066585,0.2811386275368895,151.21018144089092,0.0011213875547299728,0.017855215404119107,363.2002278929146,2197.876636490546,273.10871951946723,185.80073971126563,667.5967572147177,1.3333112086589358,667.7940826629671,2952.9786989617146
18,2017,aligned,3847.3508937078254,3656.326445784811,168.3179112647081,-4592.451396310479,-932.7514135927462,-1333.2864449342808,-2326.4135377834523,-2336.067586344236,0.2507367862683483,134.51107825715698,9.308008990773491e-4,0.01501004870905379,691.5348352386173,2460.931070284583,251.07720812367955,168.14258756777255,595.4040072463004,1.2852893508022638,595.622573909341,3139.488264749831
18,2017,baseline,3845.3709721442997,3660.092817087033,166.5304361518796,-4586.40573061048,-944.0759818370545,-1324.531080587123,-2317.7986681863017,-2338.1931467459276,0.25064339293160115,134.34827152344477,9.268066582199659e-4,0.01499392082299227,688.8186900025596,2469.337291108543,246.55459224138312,168.03584075214772,595.1822337770902,1.2848177074886085,595.1822337770902,3143.038276374869
18,2017,defund_0.50,3851.39604566844,3644.8710907802943,165.90612821483884,-4595.73747067477,-949.0454790993202,-1325.9339332301993,-2320.758058345249,-2344.87914835857,0.2511414768159246,134.47943821841434,9.276742512840381e-4,0.01504506710839574,691.6609368549703,2480.5696600422616,246.31297549420213,168.37562498859236,596.3649925780011,1.284651884179218,596.2880235137537,3154.795034061625
18,2017,endog_tau0.50,3829.8766945315915,3733.3125943749096,166.97016352323396,-4582.142437130153,-936.702769287284,-1324.0132858840777,-2321.426381958791,-2329.060383980556,0.25042283141946414,134.58529024317977,9.295889057867857e-4,0.014928412698502038,680.6420976574594,2439.1263561204732,248.7281665630813,167.89396647398382,594.6584845094812,1.2850078587052793,594.7464931302171,3114.7070493397878
18,2017,flat_mandate,3854.721291232585,3673.4586136246958,169.52096828964008,-4565.678518346966,-926.5541915023927,-1328.447825224128,-2310.6765016204454,-2326.040209486042,0.249054224952602,133.6390162346802,9.237808200725381e-4,0.014896780288941843,691.4079047641723,2491.165107245744,247.5882540649671,166.9861950195939,591.4085673878634,1.2851136036939408,591.5447700179105,3163.3119363090277
18,2017,scale_0.50,3769.9831260555165,3653.7155110653684,165.07594512565055,-4634.013959104171,-937.9660673352005,-1310.9311300722393,-2385.1167616967314,-2310.5935879406384,0.25860761637382196,138.73433403409803,9.581858984660376e-4,0.015459377488702233,692.3291236731828,2437.4256781077256,244.24060493910747,173.4360027791072,614.0942196195991,1.2860382277322588,614.6775820858742,3122.9078623536
18,2017,uniform_low,3754.2090453176206,3635.5971069749953,163.00585749627453,-4678.656511657201,-954.8434707662336,-1312.2538059461865,-2411.559234944781,-2328.1012497562974,0.2604144716326947,139.67989663795575,9.702471316137453e-4,0.015613441384571028,687.4739925072735,2400.0342680211024,245.1628811557884,174.72158289166097,618.3848100736681,1.28639119319898,619.1421312535447,3089.617697538775
18,2017,uniform_low_k0.75,3728.4460905714313,3635.5971069749953,162.74252860165535,-4695.288257176616,-951.1998547853672,-1309.0664951841682,-2435.021907207081,-2318.940886557949,0.26314008507905545,141.1845850791606,9.810127321906096e-4,0.015772540459340834,689.2751257959928,2391.284107863832,244.51063166761213,176.5661450225723,624.8570999690596,1.2867844620530942,625.8136096329229,3085.042204141794
18,2017,uniform_low_k1.25,3777.320715250268,3635.5971069749953,163.2371354199266,-4663.913835067342,-958.0810266838126,-1315.0854265838345,-2390.7473817996956,-2336.2379890191055,0.2579954804664626,138.34500809837152,9.606985752172484e-4,0.015472144098469195,685.2977929788517,2407.7938473826525,245.73979476794415,173.08447590744893,612.6406308676437,1.286041136851361,613.2239996461483,3093.673165889296
18,2017,zero_tau0.00,3242.6132054817685,3242.6132054817685,156.80338168407812,-5057.357498283242,-872.29880758092,-1254.3564184935947,-2930.702272208728,-2141.3432326388693,0.3200592626902337,172.41439279927587,0.0012061971183573326,0.01914784528669029,677.2898477365778,2274.2797641146435,221.5679853211576,215.05189672487217,760.018385806827,1.2940781152122929,765.4962680690702,3046.292120779999
18,2017,zero_tau0.50,3506.315164612924,3506.315164612924,161.7007780157737,-4811.439597834492,-903.8558809751224,-1292.21002993333,-2615.37368692604,-2238.752217457197,0.28370417106621953,152.84305367268732,0.0010632525937434442,0.016918666198850515,686.55193203262,2342.6931839231456,234.6244080312664,190.44798316957116,673.6889422541045,1.2895597471203426,676.175411459043,3063.0450202438838
18,2017,zero_tau1.00,3820.3988412366507,3820.3988412366507,167.02104188995193,-4588.407905792821,-936.9046985145897,-1315.4483278706052,-2336.054879407626,-2316.484891113831,0.2515996288522697,135.5482159846643,9.382531151510795e-4,0.014953145611705253,682.6873399719085,2385.4527073731915,252.47503424567657,168.71360160103066,597.4529285064611,1.2853672255300357,597.7084598251877,3066.9225998430247
19,2017,aligned,3621.8171576116133,3473.8105686809217,126.94644041685562,-4934.1292033235295,-1027.0214954409464,-1323.945035391073,-2583.1626724915104,-2407.859100350843,0.2789320618465382,149.0252920593011,0.0010432352715669968,0.016860349270365543,821.577226041424,2493.3097161823016,225.7656650139989,188.60381147807075,662.3570073007132,1.2938245229425667,662.6476039844335,3193.1191737026634
19,2017,baseline,3633.7898909821156,3493.9029113003185,127.79721900251491,-4902.928027334369,-1017.8494343903684,-1320.721880339342,-2564.356712604659,-2395.4450505511054,0.27795187744598193,148.45260815864006,0.0010346759944553257,0.01676922560330004,824.8512898008846,2525.021346884199,224.6790426659186,187.8858416357811,660.0294440874441,1.2932571306915082,660.0294440874441,3221.8439920017804
19,2017,defund_0.50,3642.2149307259833,3475.277113952477,126.81663229913136,-4914.702874177501,-1025.2405912454446,-1322.8882323464502,-2566.5740505856056,-2405.716787403007,0.27834505520643327,148.49071560421527,0.001035041114832343,0.0168199537743189,832.1212570470589,2540.244194010861,224.06618058819288,188.1581135480606,660.9630909512207,1.2930299586079879,660.8469869229203,3236.9992479739135
19,2017,endog_tau0.50,3608.134115500074,3514.9541290581747,124.34070507786035,-4950.687539889333,-1030.7425357052887,-1315.3559120629866,-2604.589092121057,-2398.402295727584,0.2815846573901264,150.73877291642881,0.001054348708601329,0.01695760786038991,808.7388245200475,2456.218815472374,227.09697869748632,190.40724145542902,668.655907592774,1.2939314540590008,669.0045546580801,3161.9131073725116
19,2017,flat_mandate,3612.022191489055,3490.118155893404,128.09191872352406,-4938.79873917798,-1017.8915286186718,-1324.2178274998748,-2596.689383059433,-2398.300038816284,0.2804941501540517,149.94054173430072,0.0010491506212507143,0.01694056033422201,836.493512062078,2518.1602712999456,222.8693975887631,189.65713821072632,666.0663698230946,1.2938729060431993,666.3835126738038,3217.756043351786
19,2017,scale_0.50,3562.337877824042,3466.931639632175,123.2762310042058,-4988.573844528845,-1029.260374035295,-1307.743419481879,-2651.5700510116717,-2385.1065275689984,0.28791698267588933,153.82960868475547,0.0010748340972103988,0.017376310454238347,828.1104569935394,2470.9434476122183,222.32180014340958,194.7035553849892,683.6927592109296,1.29415593739845,684.1679219785516,3182.7296143491903
19,2017,uniform_low,3552.03260764207,3455.74464739698,122.47028709741042,-5023.746988414013,-1043.3818990103432,-1308.0503353722004,-2672.3147540314694,-2399.044535302116,0.28900056569097343,154.4017159200341,0.0010845069996281971,0.01748867343600207,818.7663171871507,2436.728275692006,223.36032663621666,195.49966030369407,686.265854602982,1.2944400346170417,686.8935616181643,3151.482503642693
19,2017,uniform_low_k0.75,3531.515444694081,3455.74464739698,122.30561839715529,-5041.597976668443,-1039.131766538157,-1304.5909714208412,-2697.875238709445,-2388.809628708885,0.29194890788856276,156.02367349313076,0.001096247749057737,0.017661349637348854,818.4720643865753,2426.549026848239,222.66567346320562,197.50916465560755,693.2670401302596,1.2947196626183626,694.0510490917909,3145.756584747628
19,2017,uniform_low_k1.25,3570.1023018838455,3455.74464739698,122.61127983726972,-5008.222913173734,-1047.0851761032284,-1311.0650125808484,-2650.072724489657,-2407.9612225696906,0.2864335865688408,152.9902138376953,0.0010742914884221166,0.017338208273769484,818.4923691785349,2445.5849806428946,223.9633327427486,193.75005005236207,680.1702605795363,1.2941963367768954,680.664222710249,3156.46248604353
19,2017,zero_tau0.00,3175.8297514403234,3175.8297514403234,118.74121969348327,-5398.446104640554,-958.7248275632048,-1236.681055661603,-3203.0402214157466,-2191.703729780842,0.3501469769344935,187.8435145113661,0.0013276619845768033,0.021111612983952144,789.4150803778566,2287.5643846526355,204.42472642208367,237.16490530578318,831.4652041876819,1.2992713499678366,835.3318861799537,3090.1560919488898
19,2017,zero_tau0.50,3315.776963554727,3315.776963554727,122.21302597871578,-5165.395178854266,-989.2821814360276,-1280.9547782588854,-2895.158219159353,-2296.077637555502,0.3144500489147019,168.73530335791585,0.0011870935894104106,0.018921845801885877,803.9976350545553,2360.2697662790833,215.93321970452388,212.83281934078846,746.6986475699396,1.2967539670520127,748.7176451220861,3112.087811764905
19,2017,zero_tau1.00,3551.743904027834,3551.743904027834,122.90292317667611,-4987.788539952067,-1036.9130248227173,-1306.6211147462766,-2644.2544003830735,-2390.425218876262,0.2852238943081004,153.03336680871237,0.0010741660964699474,0.01714411322081325,791.8412135548302,2376.784217649737,229.78171057229105,192.93547641157093,677.2977039423588,1.2946865950291173,678.0463353558291,3091.6767871662864
1,2018,aligned,5619.473276048391,5431.095529965139,316.46456943948994,-4230.707604335359,-387.7023918255759,-1589.9898126092635,-2253.0153999005197,-2133.40716157988,0.20946069909283815,119.03657490785267,8.860913938377261e-4,0.01194727129310371,1743.7192953557146,5500.915562752538,361.2303293205093,146.12767954299386,519.0106055796559,1.5563058009069695,519.1309870627551,6235.149199592809
1,2018,baseline,5684.88565533348,5406.188032496102,312.61313822172787,-4245.329175126238,-411.5013233897016,-1604.2030195837344,-2229.624832152801,-2175.646604377408,0.2071863406495116,117.50292959370212,8.739814888380905e-4,0.01184242750149062,1728.3217195975863,5483.979297066157,363.50778555795927,144.51427269532013,513.3751037500124,1.5559449085596853,513.3751037500124,6216.347913678809
1,2018,defund_0.50,5707.4460015685245,5384.342168549466,315.21855334775927,-4214.489950018173,-402.9840686791405,-1598.9774980583084,-2212.5283832807236,-2162.049333995725,0.20559943835819994,116.53969562357611,8.665514813787852e-4,0.011762588273636548,1751.801357460859,5548.170083824225,361.4540200433266,143.34790115623932,509.4430099358675,1.5567416034163701,509.7038614760198,6275.980064187332
1,2018,endog_tau0.50,5687.042927175669,5563.547618451686,314.93340279817545,-4223.138874804348,-384.00087563923285,-1614.620385910707,-2224.5176132544084,-2161.0073985498975,0.20608754458744283,117.28423138815097,8.711697711062517e-4,0.0117261475841957,1716.18474405514,5461.842390794438,366.92918967609324,143.69265803583352,510.6524602562556,1.5563757359715946,510.79385541531747,6195.872777850015
1,2018,flat_mandate,5594.050593545682,5404.838388445334,310.8168683744498,-4292.811765286334,-414.0625609654984,-1595.2597354777622,-2283.489468843073,-2164.1559030418107,0.21245313270691524,120.59859554789375,8.994150055531182e-4,0.012141479792622695,1725.4912603788998,5448.4518493890655,361.2673582943428,148.32530824455804,526.4253845282867,1.5552850601936439,526.2021369519023,6187.5960363907525
1,2018,scale_0.50,5523.064767614295,5403.196528990884,308.8938759480185,-4329.0140706821785,-421.8646575067013,-1585.4278029308393,-2321.721610244638,-2156.57423278552,0.21710106287538794,123.24656500681468,9.177440075035712e-4,0.01239042939607628,1729.3823305559868,5424.034434952031,361.14855422513756,151.62651817039804,537.9422230659151,1.5545350030216938,537.4547715403195,6171.01124254709
1,2018,uniform_low,5577.54238007005,5409.254361928113,312.26022417622477,-4284.901615714606,-404.5709043157305,-1592.5503506504506,-2287.7803607484248,-2151.082325817749,0.21296456038396014,120.9393858359998,9.016170437125334e-4,0.01216238185814421,1719.2332889007648,5447.036157761271,360.6799475226162,148.67491095487577,527.6926217213395,1.5554741302335018,527.5329590958656,6186.574153424877
1,2018,uniform_low_k0.75,5540.598583859371,5409.254361928113,311.6908304236548,-4301.016413459035,-403.3551524247202,-1589.4230668794346,-2308.2381941548806,-2144.641967947223,0.21512688004744138,122.19926778992073,9.112344671689551e-4,0.012281366671277863,1717.4798130919007,5432.881180721016,360.0151330685162,150.2216316355672,533.0505091095735,1.55517763943877,532.7876507054757,6175.46233285944
1,2018,uniform_low_k1.25,5611.020926534931,5409.254361928113,312.76933314060386,-4270.4557505606945,-405.66476226961584,-1595.3588751309767,-2269.4321131601027,-2156.8667833766076,0.2110242798904465,119.80926702036288,8.929919046666517e-4,0.012055531113222471,1720.5025367373141,5459.728112760371,361.27561810621705,147.28699241188747,522.8849124074002,1.5557461095321903,522.8181047643361,6196.534843219037
1,2018,zero_tau0.00,4814.008996066474,4814.008996066474,294.52801990463917,-4719.670307023997,-389.9915445756313,-1538.7897083052524,-2790.889054143114,-2039.1230608554317,0.2651192231663468,150.90784907338272,0.0011347385093255298,0.015119978943143346,1688.850400462525,5181.3873245750665,329.23969292080096,185.9968885517265,656.9236575754289,1.549020253913788,654.0000518408015,5978.630180784942
1,2018,zero_tau0.50,5300.709282262108,5300.709282262108,306.94364403448736,-4431.295694405398,-371.4100049290987,-1582.7074826947146,-2477.1782067815843,-2093.7717473232988,0.2322610569675122,132.4277763078099,9.886869755082307e-4,0.013199340792854388,1698.7986982342377,5331.66277633153,347.72753925033896,162.4448541120995,575.5062995175556,1.552604703085165,574.2708384921078,6091.216299961878
1,2018,zero_tau1.00,5687.808301877945,5687.808301877945,317.529118242758,-4200.104247042319,-359.5505695455452,-1624.8763203074386,-2215.677357189335,-2149.081585621125,0.20459344610404812,116.82556241177747,8.66877807471668e-4,0.011591447062463314,1682.10032105529,5408.987010692344,372.8613450941553,142.59809695298264,506.95031965412454,1.5568776506245092,507.2542210874696,6146.504479920986
2,2018,aligned,4619.6207546547885,4514.203147097738,208.71190172708307,-5125.55701204792,-841.508113319805,-1656.9717100602604,-2627.0771886678544,-2637.1231019286915,0.2697635566807691,156.55922412229657,0.0010372559429546629,0.01406233743098587,1589.0353990378978,4245.2692413438945,225.59751693491972,180.7080762744581,668.4315841710807,1.37435762162612,668.5401345524834,4958.698816556839
2,2018,baseline,4661.04708931356,4515.662468913467,208.10587838644636,-5094.828263551947,-848.8847540749437,-1665.3275709181385,-2580.615938558865,-2657.6716756170117,0.2648263101395352,153.57838956245615,0.0010153744713975947,0.013808153530996008,1584.271771151712,4274.353516289752,228.2018595421763,177.29415471013252,656.1978652521625,1.3741344681663636,656.1978652521625,4981.459086373958
2,2018,defund_0.50,4669.280827665759,4468.104717051038,204.96388628225455,-5129.156625763904,-871.097490779701,-1662.1957798561161,-2595.863355128087,-2675.0320222632618,0.2667177370707803,154.31449162659027,0.0010223654418393857,0.013949891461801185,1591.5270607599134,4262.134580285532,227.0077716350342,178.7021054262911,660.8845231371344,1.3737348841763186,660.6923448017299,4971.132591296005
2,2018,endog_tau0.50,4670.261721609255,4579.301560086546,210.92689946607194,-5059.867566215706,-819.6055715895775,-1670.4976264822214,-2569.764368143907,-2634.8270608077373,0.263170988127016,153.44606105301364,0.0010106945234014523,0.013625825614273827,1576.8577758941244,4283.045878727868,230.13169978748022,175.91416468749807,652.0962381504303,1.3748196439228801,652.4213886678265,4989.684802495676
2,2018,flat_mandate,4599.218748917295,4515.470270768117,207.025748225415,-5173.137762892429,-856.7811457260068,-1654.5024780082376,-2661.854139158185,-2647.2460346973153,0.27345181852812994,158.62118227093944,0.001053130861019597,0.014275798035587919,1598.683699142073,4224.6006554348805,223.31739120977653,183.2791356059725,677.5705158333235,1.373745597155222,677.37876783651825,4942.017678875202
2,2018,scale_0.50,4580.784853623355,4509.488634400712,204.38742021279302,-5168.677801275354,-852.8824038530818,-1644.824349518813,-2670.9710479034584,-2628.9771350629917,0.27547349222627115,159.92147804241486,0.0010586009505428988,0.014333640196987458,1569.3874292226537,4217.679770656797,227.57514608004033,184.63516608481845,682.5799046824062,1.37424530145977,682.6349593954649,4943.254710047483
2,2018,uniform_low,4603.954163729446,4516.153044330792,207.59922281152873,-5145.699237561918,-845.2535368770253,-1652.7164184263956,-2647.7292822584973,-2633.8430247780793,0.27214554950335973,157.96699334740543,0.0010471601344708126,0.014183598877874936,1575.6486416926873,4231.847748673574,225.88260875393357,182.3530582526621,674.3337870315379,1.3742672864646304,674.3989654170103,4949.776264591856
2,2018,uniform_low_k0.75,4584.700079689533,4516.153044330792,207.19743894801127,-5161.158181512918,-842.5258207696696,-1648.7711876697526,-2669.8611730734956,-2624.5612120770224,0.2746850602473713,159.49162641688977,0.0010576062868611895,0.014309492098507898,1570.6177676619122,4217.462296377018,225.28195837623127,184.09730740488664,680.626294479636,1.37433081767299,680.7235488897495,4939.370496238112
2,2018,uniform_low_k1.25,4621.352737821627,4516.153044330792,207.95591243611145,-5131.905428326629,-847.6937063889567,-1656.2431146733775,-2627.968607264295,-2642.140396744864,0.26987676559082185,156.60554689928443,0.0010378340452428846,0.014071011796459174,1579.8837365643103,4244.689429113541,226.41831992995313,180.79473950341753,668.7120980107553,1.3742134888864117,668.750552843753,4959.06356238383
2,2018,zero_tau0.00,4235.943917368738,4235.943917368738,195.5270162726102,-5526.83441699508,-806.7074640979355,-1577.606349400232,-3142.520603496912,-2466.805691901015,0.3281119153324902,191.10714976206117,0.0012786803260569368,0.017042499243816983,1514.8374931638348,4003.837869123595,202.7899475525197,220.90798517399725,813.0096223881036,1.3753934438594313,813.7544980727829,4799.4743295749
2,2018,zero_tau0.50,4394.734173557505,4394.734173557505,204.6712797087247,-5271.738144244709,-803.0367550236732,-1627.7585191759008,-2840.942870045134,-2545.977308777507,0.2938920952459743,171.64822974563035,0.0011376902842001975,0.015193399200245157,1545.7245737220883,4142.6875880852,216.02763322404766,197.11154692476617,728.2183005656857,1.374911148103863,728.6298996902779,4890.233574074759
2,2018,zero_tau1.00,4639.603599672712,4639.603599672712,213.9429060051871,-5040.239572236456,-793.2506492549572,-1677.252581198421,-2569.7363417830775,-2615.8871782622455,0.2627143494970554,153.89438916233658,0.0010108221094117982,0.013515842302320776,1542.3209464358279,4241.720515395188,234.28953019606587,175.41572242848082,650.9647595824061,1.375141189469738,651.4416707627887,4952.035993925562
3,2018,aligned,4667.020822299941,4544.543225603163,245.53192401276297,-4187.543031014925,-525.3487918005695,-1475.210820373588,-2186.9834188407676,-2119.4048556554453,0.23797686401824772,129.33492692056964,8.496892888536223e-4,0.013317359516294265,1570.5413190423233,4260.691225979152,329.0639666160414,160.50109992891117,589.6691686936191,1.3637537060774572,590.0123458473619,5019.266438513643
3,2018,baseline,4702.992861907962,4547.902863602253,244.63551380710177,-4165.160639601779,-531.147555447302,-1481.6505648074083,-2152.3625193470675,-2135.659501256785,0.23438898366865368,127.22218081974717,8.331284327325432e-4,0.013118539890387861,1557.794885457648,4280.149769643472,329.6224103265388,157.98346909445283,580.7789665647472,1.362960486887127,580.7789665647472,5032.567677440305
3,2018,defund_0.50,4692.023817638346,4493.543330862439,241.98677603538204,-4192.591333133371,-544.7946122153852,-1479.9590886578828,-2167.837632260104,-2146.1205633696422,0.23642532076511746,128.1190155685631,8.399896349997176e-4,0.013260614046751879,1557.4711726278979,4268.849508429252,328.17895998846245,159.43271700580482,585.824689004218,1.36272288540528,585.7225636560887,5023.318315067998
3,2018,endog_tau0.50,4720.561824964345,4649.836530150637,248.12709374304305,-4125.176579850397,-507.9429919755733,-1486.9469353681084,-2130.2866525067143,-2119.9831642036543,0.2312858332156473,126.0552130281626,8.23522324569601e-4,0.0128716023948078,1559.9554559964872,4293.170512360402,332.2048882778179,155.75714030892084,573.0898487359855,1.363541505325663,573.3341520538416,5042.952412383142
3,2018,flat_mandate,4660.191312128647,4544.362313411394,245.6506515642517,-4194.60693949574,-527.2009967576199,-1471.6305756141326,-2195.7753671239884,-2115.796762530322,0.23915682638559346,129.99430787479488,8.541268135573057e-4,0.01337955661628821,1565.2182575666168,4253.499511953798,329.205875822567,161.319528021919,592.5929295016831,1.3638903757847844,592.997229986749,5014.3830897411945
3,2018,scale_0.50,4626.934007054427,4545.127367056276,242.61854059660203,-4216.366140987864,-530.5520071642876,-1461.3678492514898,-2224.446284572087,-2103.634001373238,0.2437099545050842,132.44821566564463,8.676087274567153e-4,0.013612818384270926,1550.1280622998788,4232.7580475061995,328.9911970549007,164.42868192566164,603.8748635008208,1.363807996477484,604.2503620887229,5001.570924724162
3,2018,uniform_low,4640.196363358922,4548.806459348268,244.21783417991685,-4211.842619089722,-525.9596905332485,-1469.6174481180956,-2216.2654804383774,-2111.0244251452873,0.24149781334759465,131.28075096227863,8.633034001114285e-4,0.013515967942262383,1554.0422762577805,4239.481724888407,328.00450245843393,162.9299759215688,598.3935263012947,1.3640332503100838,598.8645118461628,5003.420763271435
3,2018,uniform_low_k0.75,4619.965197397315,4548.806459348268,243.7470223253777,-4226.66193753286,-524.1267488573826,-1466.268711213248,-2236.2664774622294,-2103.5849275071896,0.24394164325507772,132.64536827783323,8.725502133624607e-4,0.013649519865661564,1551.7977221979868,4226.389597122823,327.26942774015083,164.61536200001856,604.448951713841,1.3642341687642157,605.0138071757784,4994.057470038733
3,2018,uniform_low_k1.25,4658.636764741178,4548.806459348268,244.63980067904214,-4198.506905290804,-527.6152183863413,-1472.6376401613024,-2198.254046743161,-2117.7348135010016,0.23929582078460698,130.05159199336066,8.549769371415349e-4,0.013395558438006987,1555.7829487282315,4251.2688644180325,328.66503092970856,161.41134746084867,592.9373357197309,1.3638529440800042,593.3255870265587,5011.848134913451
3,2018,zero_tau0.00,4224.70178563156,4224.70178563156,230.9438625150265,-4586.11355227943,-494.40454349994,-1399.700098291505,-2692.008910487985,-1960.57037022997,0.29873929485265066,162.8884013921883,0.0010813981160943534,0.016721639499037624,1521.0945149129407,4017.758324745888,297.95707811743756,202.44302686286704,740.228897370347,1.3679528702748311,742.9402793112647,4856.212655311724
3,2018,zero_tau0.50,4489.569405403735,4489.569405403735,240.52418639332123,-4330.813652221936,-496.13678774583065,-1447.5463116300673,-2387.1305528460375,-2041.9374637774579,0.26206933328884896,143.11122869093907,9.415675732309577e-4,0.014591485864764046,1543.770983610629,4160.255992044652,314.6078458357383,177.0498730956451,649.3665110599875,1.3655449377948907,650.597842331236,4948.411807115981
3,2018,zero_tau1.00,4732.506079103446,4732.506079103446,251.0604090268075,-4098.862318820527,-491.05983280802843,-1491.5044266481045,-2116.298059364394,-2108.5741705192386,0.22922338255839378,125.38817454701935,8.178138550197828e-4,0.012689834236669681,1539.6732679310567,4259.037531631837,338.26017532992716,154.2755408521063,567.9794210078471,1.3638925827598973,568.3678484635462,5011.390014573204
4,2018,aligned,3110.1207924989285,3061.4138001948104,94.73627084150257,-5171.381006399645,-935.2767465234253,-1602.7026236738254,-2633.4016362023945,-2664.2669913251393,0.3015605122825489,157.60838362044316,0.0010284156721755563,0.015561975053513536,1463.8576667029201,3534.9038014506755,164.7872142159857,214.50516825183206,747.2194295947925,1.1104149954381028,747.8716528354686,4233.057500250297
4,2018,baseline,3148.059491220578,3080.4850636468555,96.48034012013673,-5114.691361268108,-936.4295060961304,-1610.2387900244235,-2568.023065147554,-2678.547403875509,0.2940942618847951,153.66656114503513,9.98569492721303e-4,0.015145797176302588,1482.5428704106828,3597.665721167555,168.24532094668223,209.0778456258252,728.7192376393077,1.109446596028827,728.7192376393077,4285.55243412772
4,2018,defund_0.50,3145.1832811288573,3041.2278078758386,95.27562068324968,-5127.826568700709,-944.3366778955835,-1611.1801859879613,-2572.3097048171635,-2687.516344931893,0.29467470547339947,153.75943281203908,0.0010001304993539225,0.01521246262957531,1491.513888110301,3604.1771715968634,167.12611437974732,209.52333863575865,730.1574853856921,1.1092081001186147,730.0005246318364,4291.780471972688
4,2018,endog_tau0.50,3112.2285267736597,3076.3354415171134,94.6862464115195,-5143.511278854701,-934.0222532216268,-1608.7163317153515,-2600.7726939177223,-2671.2454411951867,0.29802594917970376,156.12410115705038,0.0010139771626008235,0.01526200511935434,1449.6064406691467,3531.8556685486865,167.62824038811243,211.89590261677188,738.461339201644,1.1096058415227414,738.5673349666669,4226.155341286693
4,2018,flat_mandate,3122.2393654561315,3080.7838499976874,95.876055495847055,-5169.257939234268,-933.1625665054086,-1597.8753637631237,-2638.2200089657354,-2655.364005165589,0.3021611323104541,157.99204994563496,0.0010313567263752967,0.015590555999718163,1483.8040335361584,3553.488494783227,165.57021094923982,214.95963563044745,748.7076713783654,1.110672495584978,749.5349670817502,4253.63403718377
4,2018,scale_0.50,3104.2906209967005,3070.375473870245,94.16967708598382,-5187.31600043972,-936.6128843536212,-1584.4072563855607,-2666.2958597005377,-2639.1782051463574,0.306753387359431,160.34351437514522,0.0010451788699123207,0.01579746174895475,1453.7438243288661,3530.6298743280245,167.0697682728861,218.33580928369742,760.0865557431565,1.1102839108982399,760.660203701916,4240.0240370191295
4,2018,uniform_low,3093.3786029780517,3056.20133320424,93.33170080015451,-5205.869997490777,-941.7969121947812,-1591.9111256746057,-2672.1619596213895,-2654.2194637731122,0.30656962457834247,160.22083318799938,0.0010469670958854747,0.01582378481915255,1446.1703236319777,3502.900474735333,164.56656424628258,218.16309996364348,759.6312205289191,1.1105869405119948,760.4120073416174,4209.715946359589
4,2018,uniform_low_k0.75,3085.0374940100555,3056.20133320424,93.1954995744408,-5219.793878141521,-938.2108239387172,-1587.2985539061497,-2694.284500296654,-2643.343142448841,0.3093531668885934,161.69574927183007,0.0010572986577329856,0.015967687453615743,1438.703016558624,3488.8562505551035,164.06124620942683,220.19248535906144,766.5283997437159,1.1107936284939668,767.4590787359292,4200.184090141398
4,2018,uniform_low_k1.25,3101.037938777759,3056.20133320424,93.45284620282345,-5193.310870162898,-945.0439258315168,-1596.0814186321736,-2652.185525699207,-2664.056879937833,0.30405412853964797,158.88823382036455,0.001037638514260611,0.01569368232592288,1452.6656472770783,3515.5780404619513,165.02169700513977,216.32922818405552,753.3982177363646,1.1104015352853323,754.0466937752049,4218.31720305824
4,2018,zero_tau0.00,2921.408508595561,2921.408508595561,86.73206018208852,-5559.233211193894,-894.9327402558125,-1485.0469740786334,-3179.2534968594473,-2440.5005540337706,0.3696621885427723,193.372510049769,0.0012833695319131222,0.019175069204053315,1315.8206951264929,3255.36697204323,145.1135184272723,264.3083802732157,915.9646519199707,1.1153540721549953,920.8418937205222,4057.014003917809
4,2018,zero_tau0.50,2993.157743714785,2993.157743714785,90.57408647200383,-5345.527776957049,-911.7081193022295,-1548.641617156893,-2885.178040497927,-2555.323744763956,0.333349170854284,174.73031510008187,0.0011465523714188632,0.017135336104230174,1378.6450278567131,3380.721864944241,155.38602580043968,237.72990604822883,825.9867162854978,1.1122856090764182,828.1003710328874,4126.4783557293395
4,2018,zero_tau1.00,3092.336847720164,3092.336847720164,93.76264531780053,-5165.099238686328,-931.6371755068607,-1605.129319462482,-2628.332743716986,-2661.5168608962204,0.3013357407134899,158.24472092709001,0.0010274499135486455,0.015347548749722861,1401.3167865148719,3448.40192486656,168.90316930638394,214.22881552653894,746.6624810661202,1.1097486334595212,746.8657535969336,4149.942032243339
5,2018,aligned,4172.406951793109,4085.4404717273583,250.42134789883178,-4461.132702927449,-561.8476335239864,-1568.1940515983836,-2331.0910178050794,-2267.5563624386737,0.24585352098670227,140.58857261134384,9.088270597372339e-4,0.012711655077313694,1560.7219062728623,4434.38955276096,242.78591553665376,164.90818340798236,609.1862834595204,1.2897616699301913,609.9113875747473,5122.178672464379
5,2018,baseline,4193.827083905334,4063.253250830558,246.5227978716685,-4476.925241837228,-584.4048673822439,-1584.339186341617,-2308.181188113367,-2311.8410912445793,0.243156107698369,138.74461244809444,8.966079308916089e-4,0.012598150559443662,1554.523200944835,4419.008936959219,242.03467291242,163.09171894088516,602.5025183888426,1.2882283135876458,602.5025183888426,5100.454409319596
5,2018,defund_0.50,4224.711196111104,4056.415062453616,250.1633675011834,-4434.560359171343,-575.5971807036732,-1575.1978390407303,-2283.76533942694,-2293.2363134670313,0.2407601788498129,137.32808376785624,8.865297534814283e-4,0.012478783086653742,1577.7905311601494,4482.30217097373,244.0284290368068,161.4286707591687,596.5657842520787,1.2885913428713935,596.7338995209958,5161.635828772364
5,2018,endog_tau0.50,4184.023086165266,4117.626363923399,247.00360226613552,-4473.575294755481,-571.509425990994,-1593.7714335063306,-2308.2944352581562,-2310.349801002867,0.24254909558559518,138.9316409872319,8.962348201191678e-4,0.012504276879200802,1541.9201258774474,4397.5341435029595,242.59249257186534,162.50794875535306,600.9984380262287,1.2885282511326095,601.1383681877747,5078.757055507247
5,2018,flat_mandate,4152.159604001513,4061.824780356309,244.7910020245125,-4519.13430414584,-583.7238192911854,-1576.9474151550867,-2358.463069699568,-2298.7391791721343,0.24863684359887503,141.95239676082693,9.200810312800117e-4,0.01288866899675598,1547.2883942825633,4387.554692610316,240.17791785340066,166.91672128515566,616.0829182970994,1.2890200563753207,616.4615617425403,5077.277450921102
5,2018,scale_0.50,4115.99074034294,4060.6900147572046,242.97721106351705,-4552.025495967818,-586.8864090388738,-1566.5975251539048,-2398.541561775038,-2285.2956272585593,0.25411258950040616,145.11075466650175,9.391137438037595e-4,0.013152694518767143,1537.233813133688,4361.10425507412,239.65604580947436,170.67756048846854,629.6509537742195,1.2893813986997018,630.2145504076198,5060.297290802746
5,2018,uniform_low,4142.48932687918,4066.1308210631764,245.9883573590319,-4516.398966976682,-576.2669283767764,-1572.5969965356762,-2367.5350420642285,-2285.0123496961214,0.2498339711978537,142.71365090951699,9.24672527856318e-4,0.012941530505256408,1535.4344679264216,4382.579044934328,240.25347045458483,167.7226980072162,619.0492118442562,1.2894393835199593,619.631183129299,5074.741000510995
5,2018,uniform_low_k0.75,4125.502329831202,4066.1308210631764,245.4879050659351,-4530.803369414586,-574.3452792416966,-1569.2503495219282,-2387.2077406509607,-2277.432341693357,0.2521962708108397,144.0957190071405,9.338694548803868e-4,0.013060720244055943,1530.3577374864062,4369.198043805502,239.6360011860446,169.3530760474105,624.902618034565,1.289716689716931,625.6246097265657,5065.105578670701
5,2018,uniform_low_k1.25,4158.03259466944,4066.1308210631764,246.43868702348271,-4503.388271257345,-578.0094330012253,-1575.625397025593,-2349.7534412305263,-2291.873819581596,0.2476977990617174,141.46423211451145,9.163601309725626e-4,0.012833683975116705,1539.79657397848,4394.669043188118,240.81065340301114,166.24840027138123,613.7561139084612,1.2891881152484912,614.2133963104004,5083.444692630149
5,2018,zero_tau0.00,3782.3519159999905,3782.3519159999905,229.0980745168345,-4916.757772673428,-546.5777219165938,-1511.2717389835943,-2858.90831177324,-2144.399496839672,0.307577384935952,175.93026041336552,0.0011510580651705124,0.015962892275292195,1443.9508442982658,4119.114644017356,211.58040203134954,207.7527220206989,762.1282918924128,1.2946922438861852,765.9524153846359,4888.894739412643
5,2018,zero_tau0.50,3973.792086966994,3973.792086966994,239.9475068249806,-4663.61872409544,-549.0116576938606,-1557.4114952886728,-2557.195571112906,-2225.1082789392185,0.2718819292232779,155.94382094368908,0.001011495018228998,0.014022513290143764,1493.582590722423,4268.832136768924,226.58585792329535,182.82993661883097,673.6805775187229,1.2915848699816772,675.4358928041848,4988.023950877573
5,2018,zero_tau1.00,4185.818254187906,4185.818254187906,248.60181275739058,-4461.852783480259,-557.5174511419943,-1601.4794371772548,-2302.85589516101,-2305.4425702706067,0.24141654474354254,138.7938402742191,8.937968787911179e-4,0.012382711882803956,1506.450012103695,4351.519040048363,247.32491971992806,161.57368049585915,598.1921555067429,1.2888223774191814,598.4680105862708,5035.738289858704
6,2018,aligned,3467.802294443618,3389.565142834529,195.63106142175062,-4626.522042712109,-636.421329003557,-1579.7060726340997,-2410.394641074453,-2344.8799393380295,0.2655488740681057,147.41340753889259,9.379433742915326e-4,0.013927106967413278,1510.0524432838838,3914.694884985857,225.04031161331608,178.9543225308495,657.9882648056899,1.186569442010229,658.742087798437,4619.52296186676
6,2018,baseline,3508.2728119618137,3396.517872117444,196.90470018353673,-4577.851705060142,-644.0890286412999,-1581.0911269017781,-2352.6715495170633,-2357.067406070996,0.2598976056736327,144.1128161134314,9.118978578912248e-4,0.01360346564418051,1513.5304193804313,3950.4611002372303,228.65309160676085,174.97658715259664,643.985312249857,1.1852116066078069,643.985312249857,4648.122916941251
6,2018,defund_0.50,3496.2096085061257,3346.560356532237,193.87013986433232,-4612.275038465579,-659.1155576820712,-1580.5945618156395,-2372.564918967869,-2370.455000177342,0.26238605252749475,145.19156705114787,9.204606287277824e-4,0.013773896238823026,1518.6575335277855,3935.9539736622455,226.05909261915212,176.78054302873497,650.1512914248016,1.1849330488190326,649.9984877354871,4635.231010988149
6,2018,endog_tau0.50,3521.3602868853086,3465.6913395173224,200.35090503100693,-4541.535074842935,-620.0377330374686,-1587.7659068478983,-2333.7314349575677,-2342.1329527736666,0.25695365431161776,143.19049065164464,9.035616264812564e-4,0.01336704258344125,1509.3829903018366,3963.9455054830505,231.32427776446335,172.74737441069044,636.6906646820132,1.1856960371615775,636.9508987276072,4659.473307564431
6,2018,flat_mandate,3472.020708526874,3392.3704363347415,195.59694758227303,-4620.872741578658,-642.1550751885839,-1572.5489431820538,-2406.16872320802,-2341.0723079679206,0.26545160999238365,147.3796271190354,9.371515229897627e-4,0.013906808041642477,1508.1868114266174,3918.8870960502386,227.15521995231595,178.90403932508883,657.747259752903,1.186480284311409,658.4513275146442,4625.58960419211
6,2018,scale_0.50,3444.4909184523885,3393.211662372714,194.43061773592314,-4642.9583451344215,-642.2844726625663,-1559.0313179681916,-2441.6425545036636,-2320.7389086423264,0.27113659213415714,150.52438772963592,9.541118635922764e-4,0.014171654467367224,1496.730456465596,3896.6537274207494,226.79303598560062,182.86961149730433,671.8337496619414,1.1866070235859418,672.6247377146533,4613.201889623699
6,2018,uniform_low,3451.087357211312,3395.858458554555,195.60622616236606,-4638.823280222016,-633.4979058760057,-1569.1721633005682,-2436.153211045442,-2326.319044697314,0.2690337554700666,149.41781687735596,9.50762747075709e-4,0.014095296468092185,1491.2513707887258,3898.950214398914,225.7417649161269,181.39982710176926,666.6232517728791,1.186939845501767,667.5953011730951,4610.887453386367
6,2018,uniform_low_k0.75,3438.463664829819,3395.858458554555,195.23146610025972,-4651.43956032346,-631.478802764869,-1565.7384378564875,-2454.2223197021026,-2318.6688907065845,0.2712712571487583,150.69292958852174,9.591982073974344e-4,0.01420966998853816,1485.9114219203425,3887.4085452154545,225.24319120510654,182.96555295213065,672.1674283476389,1.1871895406423658,673.2891713562615,4602.975354824692
6,2018,uniform_low_k1.25,3462.896095485363,3395.858458554555,195.9511181610565,-4627.165663834906,-635.3696388418152,-1572.3510323819323,-2419.4449926111583,-2333.402749104719,0.26696371355673076,148.23844650039334,9.429630336905404e-4,0.013989423156028332,1495.9468254451833,3909.6191935008164,226.20178745022315,179.95134119705867,661.4940141083972,1.1867088916880684,662.3296835470737,4618.199323301055
6,2018,zero_tau0.00,3169.580551721987,3169.580551721987,185.11760809470957,-4973.251493096657,-586.6470376662455,-1489.255170908986,-2897.3492845214255,-2147.5273267793177,0.325422219815765,181.243597405154,0.0011644116310151594,0.01704890010477718,1387.9634124737438,3689.583121262858,203.9001144738163,220.96847763384778,806.3449807393059,1.1926574615234988,811.4106818386776,4483.925439941504
6,2018,zero_tau0.50,3340.9128350950673,3340.9128350950673,193.437338033638,-4739.335842789677,-599.0833290361479,-1543.7730432933613,-2596.4794704601677,-2248.397503141318,0.2886487444612053,161.12689296901908,0.001025158304238787,0.015034728812545224,1450.4283108411353,3828.8213982232096,216.93388879796407,195.00604395281943,715.226103567129,1.1890477029431679,717.5410287834802,4568.290271851834
6,2018,zero_tau1.00,3532.7148324700447,3532.7148324700447,202.2999700073061,-4522.170651519297,-603.6742326701922,-1594.9773081449243,-2323.519110704181,-2334.8115160034645,0.2550463670493857,142.7337435867067,8.991061918642841e-4,0.01319643383879057,1480.4459971384672,3931.3226822371944,234.24365288924895,171.24921505610038,631.9647073961235,1.1859982948653702,632.3841761321122,4626.701296202455
7,2018,aligned,3468.8823115667265,3335.1928839355096,157.19347696208385,-4926.435340618483,-750.3256900196665,-1629.5960631891369,-2546.513587409679,-2519.1389365540863,0.2583444482273614,143.07587847327295,0.0010064228204064182,0.01402307456565071,1402.1675896813256,4292.140473332856,228.4584858954044,181.10155190710043,640.1368328442168,1.1712704129034346,640.580387370725,4980.077794691884
7,2018,baseline,3483.9026660813192,3332.577862240007,155.75574618680287,-4924.951031570798,-763.1534587371357,-1633.13551029757,-2528.662062536093,-2537.4362806700155,0.2566193299638066,142.0064133545313,9.978352985203294e-4,0.013934242420423,1402.7551044196634,4304.371435693143,227.9739409459391,179.85334063296966,635.8622616308969,1.170459394796026,635.8622616308969,4988.354297637009
7,2018,defund_0.50,3477.463866959299,3303.6495628290686,153.71528403896755,-4953.124058768388,-776.44628903787,-1631.3576278658031,-2545.320141864714,-2547.492301857905,0.25859288440352485,142.793492552775,0.0010053451900106332,0.01407945910847695,1409.6125552323822,4292.224497236613,227.287825078136,181.307371969896,640.7524185402299,1.170284068776153,640.6564386439891,4978.861388988843
7,2018,endog_tau0.50,3481.4740100823046,3398.443101039079,159.0961803515625,-4879.743027768244,-731.2581916941461,-1635.3666042122697,-2513.118231861829,-2508.1101002984537,0.25468433660922063,141.85509464342212,9.91539614756874e-4,0.0137097873669702,1397.4444379549977,4315.78553663913,230.42431004367364,178.37979342110867,631.067653014074,1.170769628769754,631.234919496411,4999.064972758106
7,2018,flat_mandate,3428.678509176745,3337.046070150812,155.78500848752924,-4984.97804238749,-758.7991122496297,-1620.2091497411948,-2605.9697803966656,-2511.906108928268,0.26491161892969456,146.7257908179213,0.0010342933036429664,0.014390443870645647,1410.1340446951103,4256.575619401432,228.21864840937542,185.84772946028198,656.4092469912364,1.1723114471662468,657.447902673894,4956.394441024419
7,2018,scale_0.50,3407.5151374172106,3329.045044814142,153.24691327408675,-4989.423500198101,-761.1722450959154,-1602.523551880693,-2625.7277032214924,-2489.7715601728564,0.26827178204350144,148.63604476398336,0.0010451655240628068,0.014527325956159949,1385.1254914410279,4244.317415394658,226.7307292252615,188.2998630728344,664.7352016934612,1.1723026662093528,665.7820448391195,4948.530326386205
7,2018,uniform_low,3425.7611313721554,3337.34478049859,155.97770559110947,-4971.4285088068655,-749.8783955189717,-1616.6020614292913,-2604.948051858603,-2498.453516751399,0.26500741183310805,146.8285329351338,0.0010342143734284057,0.01437987985392493,1385.7097788735298,4255.69217960787,227.15258993885956,185.91703452883309,656.6466067108695,1.1723467253560087,657.7054296084979,4954.633164626394
7,2018,uniform_low_k0.75,3406.3262201026523,3337.34478049859,155.64091020223816,-4989.766952570568,-746.7781997568892,-1611.9964855871092,-2630.9922672265693,-2487.873614429202,0.2679471200019222,148.49317911698904,0.0010464473834791296,0.014536081123887316,1379.4341292237086,4239.3514571574115,226.48155181850973,188.03874752056757,663.9307403146033,1.1728460141536792,665.2845249602057,4943.078786415559
7,2018,uniform_low_k1.25,3443.3539503866764,3337.34478049859,156.27612274543105,-4955.067800626874,-752.6536633137035,-1620.7196636627593,-2581.694473650411,-2507.9145943472963,0.262380852891325,145.34164234074828,0.0010232929372717442,0.014240230320185005,1390.9707652168145,4270.278158557097,227.75026977794096,184.02139234623212,650.1384075457304,1.1718981869640013,650.9375929365569,4964.944628925363
7,2018,zero_tau0.00,3035.8283123691886,3035.8283123691886,143.20514308148526,-5442.8373382963,-705.1835708224289,-1526.1074340466373,-3211.546333427234,-2302.97850237985,0.3323752626839101,184.43051770930447,0.0013164270297799478,0.01806610709588032,1269.6445482529552,3960.228365427946,200.07156497154773,234.63201775781113,823.5735253075536,1.1821503348596294,831.7996532408674,4757.467565882551
7,2018,zero_tau0.50,3226.0415423604,3226.0415423604,152.5032323302506,-5122.721363673681,-712.5950160334845,-1581.2034018753502,-2828.9229457648457,-2402.115429045794,0.2899292986992057,161.64448582416543,0.001139253152518247,0.015621198970613596,1331.9405444913941,4152.552004729048,215.07089123902838,203.89569673915364,718.3991151794296,1.176278957983069,721.971019564059,4885.6982187929825
7,2018,zero_tau1.00,3485.867182423048,3485.867182423048,162.20909248760654,-4847.348224733264,-704.932373922123,-1638.8935929786462,-2503.5222578324947,-2485.3224701028307,0.2533501423041445,141.92294244368557,9.879196980982655e-4,0.013531556195503947,1366.8618797439308,4278.910014336669,234.20615895024122,177.32883155321557,627.76172976815,1.1709107944593014,628.0038325140414,4963.791174247735
8,2018,aligned,3648.009940518734,3575.5768300498544,175.46664892319842,-4923.039047638281,-676.044288985177,-1637.7115199594757,-2609.2832386936284,-2447.9869610456713,0.273071443959473,153.579907162656,0.0010313038761844532,0.01397599683955992,1789.916982728162,4712.074738385883,205.22114022866148,189.73734150880244,676.6280075915352,1.169267505699493,677.2972446604903,5404.855781766232
8,2018,baseline,3681.2815741383274,3577.3618360703395,175.03790410654133,-4894.742939503009,-687.2144828739769,-1647.4426502831125,-2560.08580634592,-2474.1814204462003,0.2677997866232663,150.48857652149488,0.0010080110561674854,0.013707651636917624,1802.593131890725,4747.6379230173025,206.8563408430545,185.96277936957532,663.5656714190563,1.168112153061478,663.5656714190563,5432.097155909838
8,2018,defund_0.50,3675.066980472008,3520.9899466068423,172.1823127239294,-4931.103771388381,-704.4519431452434,-1646.85353115633,-2579.7982970868075,-2489.587333085385,0.2700912798282275,151.42290684249517,0.0010167041574970655,0.013871337444858073,1808.7953757495052,4731.10347918347,205.37025197184465,187.65069329647747,669.2436304879385,1.167876704376675,669.1087354505072,5417.931773309344
8,2018,endog_tau0.50,3685.545757736858,3630.7547888904123,178.3334025195751,-4850.045249880424,-658.5120988162872,-1650.7025937439994,-2540.8305573201374,-2449.9040063787634,0.2653733147835417,149.9291964160121,9.997932114924443e-4,0.013475696293566845,1789.3464254284227,4762.452942198599,209.3143980712958,184.11579091545266,657.5532565631352,1.168608049697455,657.832406512094,5445.483955866536
8,2018,flat_mandate,3637.584950594332,3577.355329018724,174.35436342083372,-4956.626508860925,-687.0930776627285,-1635.0892722214405,-2634.444158976756,-2454.0295972987983,0.275818885243802,155.08123963677042,0.001042988222476716,0.014130183481838466,1799.551529559013,4696.353600279004,204.9636338754968,191.711564650263,683.4357341528895,1.169338856750785,684.1534504563218,5393.7591199605595
8,2018,scale_0.50,3621.83015654812,3571.885371780946,171.79352513578587,-4972.027895478987,-691.5841724811474,-1624.255881974005,-2656.187841023835,-2442.4173657135643,0.2793069489978634,157.02451448565097,0.0010539828118413582,0.014275268906545922,1776.342901043106,4683.091457551707,205.61930481567762,194.23743390917858,692.0786064871095,1.1691101211411752,692.6698787858398,5387.143207244046
8,2018,uniform_low,3643.692643164204,3577.79532943131,174.61257200083156,-4936.297237234439,-681.5571408668169,-1634.4713164201244,-2620.268779947498,-2448.4486199123717,0.27439297893925885,154.32131326555375,0.0010367204747932695,0.014042676637260205,1774.504047201417,4705.528944111485,205.5131331526374,190.69241656934878,679.9025630242436,1.169269133541731,680.5759863696229,5400.925647064396
8,2018,uniform_low_k0.75,3629.3158257364244,3577.79532943131,174.26085141294976,-4952.921973864102,-678.7976475797545,-1630.077331520872,-2644.0469947634756,-2438.544495607021,0.277145182537303,155.8939464537164,0.0010479313844287176,0.014180159308155131,1765.9093859507734,4688.747636694188,204.9434137257428,192.66036340133093,686.7220898485398,1.1695720443166802,687.5803461136566,5388.611033132257
8,2018,uniform_low_k1.25,3656.6079783891464,3577.79532943131,174.92169740103404,-4921.591891607164,-684.0086543501352,-1638.3674034003238,-2599.2158338567056,-2457.233863549662,0.27195417743816985,152.92818602554954,0.001026795329343803,0.013920758891268143,1781.8891583788422,4720.382176899764,206.0165213017326,188.94859543212942,673.8595972103667,1.1690008293912075,674.3722560950742,5411.822358864441
8,2018,zero_tau0.00,3373.942880519132,3373.942880519132,163.70012082219222,-5326.662665599586,-646.1625288900117,-1542.181595336377,-3138.3185413731967,-2263.7392008479924,0.3335435117603576,187.77145004179215,0.0012799527802299512,0.017077939841117336,1632.0627006586676,4437.420856657762,182.96358956241653,233.11477522119114,826.4682624265497,1.175059227408593,831.3834894872051,5218.653160486193
8,2018,zero_tau0.50,3509.662083526601,3509.662083526601,172.05536834239243,-5064.788288146979,-644.494628079642,-1600.002538076785,-2820.2911219905513,-2354.2819564939323,0.2973623345019921,168.04346164337454,0.0011310138998888522,0.015113430616266474,1710.0572005759743,4602.618921792567,195.96177295110078,207.07985165450626,736.8170066025343,1.1716424104225398,739.0438079028177,5330.544650991979
8,2018,zero_tau1.00,3691.646786692609,3691.646786692609,180.8628214441539,-4823.787664449205,-637.6837230317446,-1654.523987638582,-2531.579953778879,-2433.150672099033,0.26409706484907836,149.8907021998313,9.96169704669435e-4,0.013315470051426906,1746.3658666207102,4723.946002850302,213.69579224545356,183.0791031205817,654.3909103367281,1.1689015639741935,654.8331481171053,5409.395840092279
9,2018,aligned,5472.057316566221,5293.563801623612,314.23333757998034,-3607.6324384099494,-265.0982685947901,-1397.182822991547,-1945.3513468236122,-1782.843433936698,0.1990570194778009,116.1815826354692,7.602672723885107e-4,0.010167560350656102,1982.5978571779342,5792.349551450253,226.69912511652882,135.95448516242223,493.2319269032139,1.3401368381475554,493.30897605262925,6376.403167456989
9,2018,baseline,5522.452940804429,5293.528387295799,314.28619689118904,-3590.3452051832196,-266.7644030022329,-1405.7772799456131,-1917.8035222353733,-1797.2316352679154,0.19600846723245968,114.32598141789623,7.467152505778074e-4,0.01001875578503961,1980.2557828660943,5814.925644737196,227.39228622283818,133.79204865202553,485.67809482947246,1.339927524292564,485.67809482947246,6394.203977137482
9,2018,defund_0.50,5505.418535978428,5254.244930039258,312.0953804881,-3619.406089106293,-277.7362602571434,-1405.9871216378558,-1935.6827072112942,-1807.286567886762,0.19808701965284456,115.28717055626649,7.54579253716227e-4,0.010159841863359447,1984.0470464019618,5801.177826944253,226.6290892252492,135.32946513160522,490.8284201893381,1.3391906938842377,490.55851207960126,6383.035963117498
9,2018,endog_tau0.50,5559.947506383586,5415.1781211349635,317.33534236533416,-3547.6094368259132,-245.8317067935356,-1407.9656118698726,-1893.812118162505,-1780.0032204962386,0.19310415529789857,113.15731246435436,7.362763843210714e-4,0.009801985737804468,1982.1382435114556,5830.1009343577625,229.82497222672168,131.6016977268106,478.4816675164868,1.34118637582728,478.9311973384857,6407.255406196159
9,2018,flat_mandate,5468.6718218137385,5291.772375792557,313.0938409454358,-3615.5596879549494,-267.577470440833,-1399.0333186092198,-1948.9488989048969,-1787.050064169732,0.19943851348445624,116.39458128566454,7.618290849554928e-4,0.010189925590855676,1979.4089139987118,5789.443138157953,227.14403531552438,136.2206626901092,494.1772089359613,1.3402277459069543,494.28793334214885,6374.654444125517
9,2018,scale_0.50,5410.589910209421,5293.475906053301,311.5737014585374,-3644.1750537636744,-270.4510008902147,-1391.772380739511,-1981.9516721339492,-1777.8685011018601,0.20385395451295482,118.97700903173484,7.774066374121293e-4,0.010397787910583085,1978.9507623467616,5764.9817483955185,227.50592542700664,139.28982300852505,505.117976020323,1.3400123832485573,505.1499656491063,6358.347816463106
9,2018,uniform_low,5420.153852956021,5296.933282587096,313.21572838954353,-3633.372493592297,-262.88572508589795,-1394.6342672804883,-1975.8525012259108,-1775.3261067337862,0.20250210230985333,118.21705459693685,7.74281262186517e-4,0.010341705705420787,1962.2339174361016,5769.086006218719,225.8705574535466,138.3691936126419,501.7682992856201,1.340096533087978,501.8315887205349,6358.418958780159
9,2018,uniform_low_k0.75,5392.629764846147,5296.933282587096,312.71712784546986,-3646.2872905857726,-261.8801989822006,-1392.3903151664204,-1992.0167764371513,-1770.3259340660913,0.2043683595923586,119.32518231668277,7.818287298172142e-4,0.010433992631420613,1959.0245938087382,5756.8135021743055,225.49417955953413,139.6775884492264,506.3925907472427,1.3400768037922812,506.44900725577537,6349.079100540389
9,2018,uniform_low_k1.25,5445.459417315534,5296.933282587096,313.66802432748426,-3621.627377695384,-263.80492936730013,-1396.679836349737,-1961.1426119783473,-1779.8852527001566,0.2008028128384911,117.20833233016049,7.67413223293475e-4,0.010257624921873387,1964.8350078942726,5780.249869412874,226.21265526494463,137.17789206734972,497.5577277492579,1.3401164216023806,497.6278713313146,6366.912503941784
9,2018,zero_tau0.00,4805.810984169566,4805.810984169566,297.6123221877066,-4002.0978624723157,-245.79720678406278,-1355.7184461909214,-2400.582209497331,-1680.3966723834944,0.25038895847479586,146.2404242492681,9.697355196247048e-4,0.012798340352463132,1881.1836289928106,5525.130577451174,207.70321055603245,172.04333896319972,620.424382861742,1.3387265522365555,619.868298795123,6180.65874783913
9,2018,zero_tau0.50,5102.799091431353,5102.799091431353,309.9514528151963,-3736.788466970372,-234.4320593280947,-1386.090748152266,-2116.265659490012,-1726.0722854388548,0.21823730416716203,127.93174599982196,8.387600989204655e-4,0.011080392753231172,1934.5521323778698,5693.2808790911,219.27486607536343,149.27951287494557,540.7576499382703,1.3402373004617927,540.8826670233306,6304.158899314848
9,2018,zero_tau1.00,5563.616225599547,5563.616225599547,320.6891534606158,-3513.257908248638,-219.77142962975995,-1415.4687226510814,-1878.0177559677968,-1763.6119097973171,0.1909645191468621,112.35511542108566,7.290196129598825e-4,0.009634981329167513,1941.3598104060436,5792.810040568384,233.5095373479808,129.97769150794784,473.1799862976278,1.3421326995836287,473.95871857612235,6370.300604984539
10,2018,aligned,3960.9959011256983,3870.9188269345636,271.9263285180233,-3455.96194466048,-134.34515110341314,-1388.05775196523,-1933.559041591837,-1644.2958452025805,0.20328131222231255,111.73582307785958,7.469346728876966e-4,0.011635684411008642,1034.7245726052327,4987.4868771315,371.5074565882107,138.29151566663305,503.6990586609618,1.334167833283253,504.0331868925025,5724.736004945579
10,2018,baseline,4031.909447207487,3893.7451995831975,275.05968031829957,-3393.601150018193,-128.56153674598625,-1394.6728124114372,-1870.3668008607692,-1650.8714529399908,0.19605160430064036,107.72371777077488,7.18070212464936e-4,0.011223681231290191,1046.0755069376812,5059.5455200570395,374.52481718211743,133.23619688785698,485.7849816868942,1.3332834011658723,485.7849816868942,5786.619122038194
10,2018,defund_0.50,4014.828747772649,3808.119985799075,274.00602193116015,-3408.1889563978298,-133.2095164783307,-1393.1991155762266,-1881.780324343273,-1653.0207033584459,0.19736366512573947,108.32902771416944,7.232044546655249e-4,0.011323824802385384,1053.5039417123837,5070.9898084996485,372.551890690759,134.15298876145357,489.03606165722414,1.333501951033504,489.1162237341306,5798.504934163085
10,2018,endog_tau0.50,4033.9246857667968,3957.017119288272,275.8787252984278,-3373.8530259046684,-120.30921926589953,-1400.0294243951912,-1853.5143822435773,-1650.0734427933894,0.1939242986092692,106.8584771261675,7.103586037911265e-4,0.011051914196162147,1042.6926913521638,5049.078980520311,377.3534867088092,131.71314082342604,480.51385340405466,1.3326543211674604,480.28713367299673,5775.006460078691
10,2018,flat_mandate,3979.7712828300328,3883.5087199545337,271.86830360347193,-3449.3332510390114,-136.44135676159223,-1390.5680996695037,-1922.3237946079157,-1650.2618782374677,0.20186446762319166,110.9240145400427,7.417125380043007e-4,0.011564261688861995,1040.831921728292,5013.055548155804,372.61671656093586,137.30862136005905,500.1883410104108,1.333989387107146,500.45319538153217,5748.816838738213
10,2018,scale_0.50,3942.5674802243725,3884.396048194085,270.5815156862646,-3480.2419487504303,-138.30800940894494,-1382.9196041533671,-1959.0143351881181,-1639.511202896997,0.20662928463483154,113.56934664786513,7.588549382617582e-4,0.011825096669837007,1039.7326002086038,4990.430087449931,371.3198056988284,140.58782434356385,511.99480672640345,1.3346743593231534,512.5289492442499,5733.691018049446
10,2018,uniform_low,3948.6224260022427,3877.713139484836,271.19095277042294,-3472.193961983208,-135.01384189362423,-1387.1373217036628,-1950.0427983859206,-1642.697224233102,0.20515667339179786,112.75765384474391,7.543698848618758e-4,0.01174948875548303,1028.7920354023531,4981.722718454717,370.32366774061893,139.5856101572688,508.34590811993235,1.3345233416166526,508.8186648151072,5721.279440853174
10,2018,uniform_low_k0.75,3932.6158820151086,3877.713139484836,270.72285562150535,-3485.4688975549143,-134.46283995511132,-1384.8781481523315,-1966.1279094474712,-1638.1881610100195,0.20706995894298297,113.82415018189036,7.617751842606967e-4,0.011857625271528142,1026.72929494632,4970.459306975064,369.6839057514139,140.90782989235967,513.086728220639,1.334851726378878,513.690265961845,5712.925648795963
10,2018,uniform_low_k1.25,3963.458115097134,3877.713139484836,271.6186726039383,-3460.03353592433,-135.52141567280253,-1389.2103343156168,-1935.3017859359106,-1646.8357513892663,0.20340243302396657,111.77997149760266,7.475836811996931e-4,0.011650311405808026,1030.4807614204678,4992.042765839995,370.9089515297778,138.37326454009684,503.9991769212703,1.3342204703179381,504.3534017477,5728.931854577376
10,2018,zero_tau0.00,3569.102248576985,3569.102248576985,253.84399037690847,-3881.9359727962856,-131.96329976209887,-1345.153655629059,-2404.8190174051283,-1557.5668073713578,0.2578415103856333,141.69505881874792,9.606427994394651e-4,0.014826970370820263,997.8427470988447,4737.890222093623,338.7675328839989,176.05455944974392,638.8906321252525,1.3421507619009083,643.1397465298388,5543.742942057717
10,2018,zero_tau0.50,3745.525698305891,3745.525698305891,263.0343569764695,-3632.701526559706,-132.53884297408484,-1382.028983989663,-2118.133699595958,-1622.6703315738068,0.22445150860612675,123.60467500826503,8.296519782329784e-4,0.012832296954449722,1008.2179197651376,4860.343737223067,357.5734006321759,152.9295527976455,556.1554693050116,1.3365857788364814,557.532997444651,5622.5205825022495
10,2018,zero_tau1.00,4055.3207567685663,4055.3207567685663,278.32539907758434,-3345.885746146147,-108.55068236488512,-1405.7198149737503,-1831.6152488075115,-1646.0001612334918,0.19125202340992467,105.68290514799666,7.005972214332104e-4,0.01085055833386954,1019.7896071346935,5013.67663830655,383.5978435336232,129.8227304217093,473.8923765566364,1.3319146274959577,473.40586978183006,5740.857621200294
11,2018,aligned,3577.60518679105,3491.1038165373807,260.9518579044603,-3627.1406308080545,-67.12167864104134,-1343.9185917365935,-2216.1003604304196,-1499.5252850533514,0.22820850447163651,122.07895869272886,8.822158622318129e-4,0.014258514041516662,232.63194166852014,3791.8280830647714,416.4704397557017,153.05447177292888,565.4647130331356,1.275450326293265,566.2276683951601,4621.471719442705
11,2018,baseline,3618.4610051176196,3494.2306134052446,260.63685315402506,-3582.26278452844,-75.48064748795778,-1348.9924251667428,-2157.789711873739,-1517.83552723558,0.2228966260207021,119.01492302831923,8.548482945309818e-4,0.013914776866618761,214.4094565907325,3815.1709386843204,414.60695645287393,149.36121864600045,552.3027152763962,1.2737317390186456,552.3027152763962,4632.71939176759
11,2018,defund_0.50,3575.4717061494125,3392.915546765387,256.3172949817552,-3637.774741981899,-93.2860007512174,-1349.4544251866544,-2195.034316044027,-1534.3351482052217,0.22717058551499794,121.10982653201357,8.708852715505147e-4,0.014212187177428602,231.71370169047117,3802.893536901316,410.8574447296477,152.3333860280527,562.8929134136336,1.2734048926139405,562.7484720690809,4624.166067671992
11,2018,endog_tau0.50,3647.982362002059,3586.650365565298,264.6182602341931,-3526.784838956157,-55.69204263694899,-1357.2995110187164,-2113.7932853004913,-1510.5775210855518,0.21716653702809252,116.28639321659195,8.353710329838658e-4,0.013521832469291721,207.5344221206663,3830.521715008578,420.11814815227353,145.37579213080974,538.1044576989141,1.2737582061264756,538.1156390711524,4643.379710101194
11,2018,flat_mandate,3581.339909398008,3493.5315146478274,260.4503376094541,-3625.0038971518466,-68.48516638529692,-1348.3278276423348,-2208.1909031242153,-1507.5680751372379,0.22703057163182208,121.40649888807073,8.780241882463182e-4,0.014198804877632911,215.21690763151707,3789.8110858134532,413.09950729147903,152.243062634615,562.5459810744817,1.27556353026331,563.3549950695692,4614.022525539886
11,2018,scale_0.50,3540.5412395860358,3493.271803701506,258.630142616794,-3661.37095495506,-72.04491314267716,-1337.0704837682079,-2252.255558044175,-1493.9057318554599,0.23304604984194896,124.57403556707744,8.983185892191456e-4,0.014551615740397036,210.64275117000457,3766.627164607571,410.52257514186954,156.33027642133436,577.4513881613996,1.27599615151805,578.4779686422773,4599.2974319703835
11,2018,uniform_low,3539.152729128055,3493.5784863127715,258.8379969494203,-3668.962436110879,-68.09934684590188,-1341.7740988734674,-2259.0889903915095,-1495.8559204973221,0.23279046420034888,124.51599077929856,9.013011167364864e-4,0.014555930707289133,221.08264278915715,3763.203777232947,410.6281886846581,156.1845634317048,576.8180872166457,1.2764704271505638,578.0583207770916,4595.705723262991
11,2018,uniform_low_k0.75,3528.3984420473525,3493.5784863127715,258.4733887033182,-3679.9981445733433,-67.82755144593426,-1339.957435382695,-2272.213157744714,-1492.483080724871,0.2342826301062489,125.3231796810241,9.073259539985473e-4,0.014647963005387553,221.40610050608393,3756.2184473447815,410.0582932368122,157.205638119882,580.5154391962798,1.2767086290930687,581.8721853587992,4590.943287820512
11,2018,uniform_low_k1.25,3549.4738213257133,3493.5784863127715,259.18444670043596,-3658.4576459380037,-68.35925145775798,-1343.5055672927022,-2246.592827187543,-1499.0708343217777,0.23136928625223557,123.74727095359266,8.95564698125734e-4,0.01446825754098045,220.63446294757205,3769.854149485816,411.1700060976382,155.21210105653165,573.2966322101396,1.2762424953535647,574.4267038783061,4600.238758405229
11,2018,zero_tau0.00,3214.244329623794,3214.244329623794,248.27360117823974,-4024.105083244026,-37.601557955810655,-1282.793286432988,-2703.7102388552275,-1367.3252774738824,0.28286352627317235,151.40023654686314,0.0011034542704107327,0.017685403800161967,217.4369971186233,3606.96107857666,368.09897161892746,190.42579144608845,700.8912445306347,1.2841492286225917,706.6236346640707,4491.257893413569
11,2018,zero_tau0.50,3431.672519414092,3431.672519414092,258.1808241382946,-3735.786174151748,-41.00580887005454,-1326.1409878746342,-2368.6393774070593,-1443.5827290841185,0.24524603270932507,131.4610635319291,9.511004035609584e-4,0.015281782414850354,213.99727637471733,3729.6081171369983,394.11603305519856,164.61184410664555,607.6810232360532,1.2785936090623564,610.0005588749149,4569.112864960466
11,2018,zero_tau1.00,3687.024521329958,3687.024521329958,267.78094139606816,-3487.313025935417,-42.98315971667469,-1364.841717286217,-2079.4881489325253,-1508.7852092232642,0.21260867431932046,114.12446663579551,8.202403806681918e-4,0.013205418632380825,186.48956141989376,3807.4993647571173,428.11654126414396,142.21503339535985,526.8107921336127,1.2734685440159588,526.7019356424038,4620.102808268305
12,2018,aligned,5245.468169813183,5073.550629338222,279.4317493180224,-4238.795744539409,-466.44225142241726,-1474.1965922412303,-2298.1569008757606,-2042.9684610968725,0.23968510989132116,135.5454512032198,9.132150678262053e-4,0.012970925629614006,996.6488258481066,3829.2262642290616,302.80764685403966,161.694619263079,593.9019327820739,1.3457469059885896,594.6828558908742,4565.022147710896
12,2018,baseline,5263.065698525293,5055.475737082203,274.7459316857067,-4259.597817789178,-498.18621778849274,-1474.792842308391,-2286.6187576922944,-2076.0959493918385,0.23978312999230417,135.24826660642015,9.06958493946327e-4,0.012982008235039174,982.8755241164262,3808.502841277603,301.7503703504133,161.74239397949484,594.1448111463233,1.3439797037780792,594.1448111463233,4542.655628794845
12,2018,defund_0.50,5288.305370990652,5047.885570010113,277.47475802456574,-4232.217303678256,-486.87897759861886,-1471.8629389683922,-2273.475387111245,-2062.285558741118,0.2386307625533269,134.4958920674883,9.009943245589156e-4,0.01293526933839352,998.1520169159985,3854.7319145385836,300.7967611909012,160.92889766764324,591.2894262223533,1.3441653249870638,591.3710910405397,4585.970869102382
12,2018,endog_tau0.50,5283.634065473158,5158.313711991083,276.099165614044,-4239.859838549826,-485.26271167249723,-1481.1000522886968,-2273.4970745886326,-2071.190643298085,0.237520482725901,134.44361496227393,9.014234036089361e-4,0.012799964154835395,974.7407521487692,3794.906989941609,304.5507701322306,160.1219115115269,588.538327767651,1.3446983308707932,588.8530197129576,4528.18886827527
12,2018,flat_mandate,5220.782980576365,5049.419679731145,275.1784567004279,-4278.7890338356365,-489.6343575539241,-1468.7693093912198,-2320.3853668904926,-2057.429250596031,0.2423712281633819,136.97334474059738,9.239317651445621e-4,0.013123747886499787,980.2021737379247,3788.7265017149234,302.52238558046764,163.5813324352033,600.5577105822947,1.345461222578184,601.2197276769535,4528.887282537142
12,2018,scale_0.50,5156.025460720142,5053.299603220239,273.6762039636138,-4302.261393008248,-491.7898049500199,-1455.2314963914177,-2355.240091666811,-2040.0144910325032,0.24779817713231655,140.0202424430072,9.402616018074964e-4,0.013384267530042246,971.4121526373524,3767.7393978113373,300.30381593267373,167.248533394325,614.0048349498509,1.3455798517457793,614.7358717252138,4515.5305520749
12,2018,uniform_low,5157.859486062475,5057.294593445467,274.1878890355554,-4318.865107055945,-484.3066500474247,-1467.0140755808159,-2367.5443814277046,-2047.6613702154832,0.24740342389472314,139.86128671467804,9.449664696133406e-4,0.013403069444556813,982.4164286216121,3766.9949637679315,299.54467928952084,167.04094190768012,613.0266986322255,1.3458045944482182,613.8590822610371,4513.357783410809
12,2018,uniform_low_k0.75,5134.7591862511945,5057.294593445467,273.7349612286196,-4331.416024061048,-483.1348291391439,-1464.6012396402539,-2383.6799552816497,-2042.3712032432013,0.24924009508275033,140.931569459196,9.524843384371206e-4,0.013499373197954662,982.7261877806716,3758.031617840801,299.0341334669008,168.30204491372623,617.5776804139019,1.3459976866563927,618.5049720847511,4507.2686784787265
12,2018,uniform_low_k1.25,5179.580683628714,5057.2945934454665,274.60919067770334,-4307.1651607690865,-485.4014491832135,-1469.2665638382327,-2352.49714774764,-2052.599944045043,0.2456897378796063,138.86297655546684,9.379561574842216e-4,0.013313164689959052,981.9547529663176,3775.35337449862,300.02023749034436,165.86426232075826,608.7804547290436,1.3456241906752209,609.5253554728745,4519.034705141081
12,2018,zero_tau0.00,4580.14010946664,4580.14010946664,260.0117066863472,-4694.48125995261,-457.94582958983904,-1406.2380949650985,-2830.2973353976727,-1916.8515001811857,0.2993022058898507,169.71879122864797,0.0011583880508916954,0.01619903906228141,967.8614373544606,3573.166161467501,271.41467837462255,202.78981019238879,741.6237022171272,1.3492444451084438,744.5288479910289,4386.3198776407635
12,2018,zero_tau0.50,4883.949834201131,4883.949834201131,270.51739190093537,-4432.816249960939,-459.66700473431194,-1450.4550691233096,-2522.6941761033177,-1992.357200698116,0.26482022093588686,150.3073310385843,0.001016385084859436,0.014268816466340975,972.9921068174297,3692.8082054173965,288.20329280264286,178.94493706755486,656.1827771650571,1.3472200573031583,657.7648428533305,4459.831404005815
12,2018,zero_tau1.00,5278.6650718612045,5278.6650718612045,279.53320664387434,-4210.146322912628,-458.1310156377417,-1493.109729822204,-2258.905577452683,-2059.011669653959,0.23495020664833977,133.45098974698158,8.947730220263855e-4,0.012603239140502423,949.7013766875768,3758.370390913087,309.5499387860765,158.28816011937124,582.1695886710116,1.3454520497105684,582.807362458435,4492.439532038227
13,2018,aligned,3217.4976666159614,3023.7309803168882,218.69533165347315,-3202.1028439774777,136.56558267178306,-1197.2647573983395,-2141.4036692509217,-1123.3477883734988,0.21672707852653825,116.70112369742108,8.666373580368786e-4,0.013665665965555865,1198.6041990337887,5361.839889061831,309.770718711291,149.71064200180572,537.0155487818397,1.2369734341057619,537.4781442066819,6059.378109977998
13,2018,baseline,3267.2122268654152,3023.6920922851637,217.07637173424405,-3182.7596562865488,134.55904093155016,-1201.6147723126965,-2115.7039249054023,-1132.4846152828877,0.214033214795772,115.20345934930894,8.54513332288512e-4,0.013499982444439604,1193.284303956415,5381.642270042963,305.244797514182,147.84184090282037,530.3405789554745,1.235908798720237,530.3405789554745,6069.3858056098
13,2018,defund_0.50,3255.6978285578434,3004.8139571326865,215.02007682856282,-3226.5851519415382,130.97515715855567,-1203.1305523159308,-2154.429756784163,-1135.8892109527371,0.21808041449901516,117.20422100284176,8.714634344287825e-4,0.013783776378794924,1188.794009753063,5353.135944876384,302.36357101801616,150.7295416330046,540.3689020632429,1.2358762387310471,540.3546660568094,6045.124640318205
13,2018,endog_tau0.50,3321.591120833226,3149.702530035711,219.66025441821094,-3127.8022629797,143.90640177347905,-1199.5766003866015,-2072.132064366578,-1122.5004209161773,0.20939694021711003,112.95967792597385,8.357455851354301e-4,0.013176518548776682,1211.3662254208755,5403.421554279594,309.3798560793186,144.5169981354205,518.8526211327118,1.2358881358195815,518.8439465442822,6087.128358767774
13,2018,flat_mandate,3209.562200965375,3021.1249510259477,215.51838205132694,-3200.2166602635375,140.72353856251857,-1193.0758645937585,-2147.8643342322976,-1114.1177989705081,0.21753972960814294,117.13654666938106,8.696730899871056e-4,0.013713745814370314,1175.4702853019508,5346.724760706266,298.2313675734674,150.2936015545293,539.0291701046715,1.2366989176082712,539.3737724968076,6034.0362992220125
13,2018,scale_0.50,3146.0011393534996,3022.751601585143,214.74911339342594,-3228.3292275255467,137.96430243615387,-1187.2817320496445,-2179.0117979120564,-1107.247634755108,0.22119451066325704,119.1188259613032,8.843013397222306e-4,0.013932858518625047,1180.9248471123137,5322.724168633207,298.58853103148914,152.816735565528,548.0851416396232,1.237512507450577,548.7963340249571,6017.292298124125
13,2018,uniform_low,3164.188595057006,3026.6853203420933,217.14002636144195,-3234.830813724787,131.87142476044804,-1195.522156596528,-2171.180081888707,-1124.5638180055105,0.2198707746739182,118.39013499162823,8.799044815570752e-4,0.013864388752015287,1195.5085333386799,5347.578999257818,305.9710374619174,151.90083391010666,544.805132452077,1.2373106092887183,545.4230693040721,6047.072272113701
13,2018,uniform_low_k0.75,3133.825889606762,3026.6853203420933,216.75638024137103,-3250.1364329716416,131.79538269172895,-1193.677496306049,-2188.254319357321,-1121.2796381980017,0.22173307309668597,119.40182771153937,8.877316721726537e-4,0.013979503563999683,1193.9701861742233,5335.4968684334135,305.3869445421269,153.19331733631086,549.4196144831064,1.2377000917503882,550.2159285210605,6037.90642416029
13,2018,uniform_low_k1.25,3191.853466918357,3026.6853203420933,217.48564770526679,-3221.0024848762546,131.93842144023012,-1197.1914042357512,-2155.7495020807337,-1127.5365592594535,0.21818708542211404,117.47557410343103,8.728311151896438e-4,0.013760274850474352,1196.3703969796861,5358.495826609829,306.49828198577967,150.73233288257518,540.6332158015005,1.236955139367407,541.0909247436887,6055.352700456722
13,2018,zero_tau0.00,2448.535541606483,2448.535541606483,203.78113025878764,-3676.937435967488,131.3314167810182,-1188.8012850005405,-2619.4675677479654,-1091.408579820788,0.2670947299350103,143.79385337955551,0.0010801888017206147,0.016843263320256475,1131.0633148838724,5124.1557915487665,277.33109598932106,184.74176974265842,661.818652048241,1.2446712163201772,666.5108521609685,5883.255969956397
13,2018,zero_tau0.50,2739.7331522288205,2739.7331522288205,213.32419807134923,-3355.0787268422014,142.45797134913172,-1195.7575619822564,-2301.779136209077,-1106.6908165042737,0.23358107286087787,126.01711461035747,9.381820731095683e-4,0.014692758262586378,1176.4733342937104,5273.821785329721,292.5628178586128,161.331491203085,578.7770908934921,1.2400422596416714,580.712793988985,5985.765905974235
13,2018,zero_tau1.00,3405.5946411087225,3405.5946411087225,223.6842760992767,-3073.3117637783207,156.89171933844133,-1195.6561597865646,-2034.5473233301975,-1105.9531013471335,0.20548900647617616,111.07141389812966,8.199234743389048e-4,0.012900584452458345,1196.6305801273302,5382.745499757974,319.8213921442522,141.72180326285954,509.1693771340451,1.2357578536107663,509.10719080812015,6069.952279447487
14,2018,aligned,3828.278931914609,3759.43592643431,173.30758015103163,-4692.393931548648,-470.3374476626368,-1441.8876664305692,-2780.168817455441,-1989.0398073452636,0.28104697420882163,151.53986531714958,0.0011266775143288239,0.017913874706451425,560.693616434918,3242.0530737182103,326.16029674639685,188.1470635941332,696.3901147670613,1.3601092364110676,697.0599797122998,4077.126286582774
14,2018,baseline,3842.507083428513,3749.576248073966,171.63649719255307,-4672.549835572487,-479.91603351851825,-1444.4808263870764,-2748.152975666893,-2002.510950682733,0.27890379981287594,150.1680953217938,0.0011117604149367302,0.01776231055582894,542.7617230309061,3231.344538556329,326.1591802958925,186.65921251636536,691.0796663348732,1.3588021903523584,691.0796663348732,4061.9241726707296
14,2018,defund_0.50,3852.3604296265876,3693.899690587973,171.79018455764154,-4658.768126355838,-481.4064553669527,-1440.3518549813875,-2737.0098160074976,-1999.9105409355145,0.2780826104233771,149.6203511933277,0.0011067599018807165,0.017725379404498767,560.9555611495535,3271.922881789804,323.4258789294484,186.11856887394725,689.0448884305443,1.3588152385645076,689.0515051433731,4098.281696988678
14,2018,endog_tau0.50,3844.739388442193,3792.832389675995,173.82576343289435,-4641.562203388088,-463.2630827749765,-1450.9710147354037,-2727.3281058777084,-1994.6316771359589,0.27600209502663753,148.98380806289333,0.0011026387149980978,0.01752999145512975,532.1001757580359,3222.3922840479,328.8973253313293,184.60309393723645,683.8896991245973,1.3586837024020726,683.8300637418712,4050.516579183864
14,2018,flat_mandate,3818.5839268692525,3747.8826497880204,171.2763008803515,-4705.820601592751,-474.5934198027521,-1440.181460490776,-2791.045721299223,-1989.8045735554804,0.2824241333640507,152.22806528292335,0.0011319300315924827,0.018000931779647455,546.2627191494779,3212.346345897784,323.85578764352556,189.10942105732926,699.8024981412724,1.3600415970969142,700.4408102828124,4047.533522766793
14,2018,scale_0.50,3794.2883959060605,3751.2124666271893,170.57392828855873,-4739.813056326426,-474.68942849102456,-1424.7462234829866,-2840.3774043524145,-1967.0943908440079,0.28875017580279094,155.62078133898868,0.0011552901279860634,0.0183813274693861,538.225214976937,3188.105651511186,322.7894375591986,193.4086597406839,715.477434448049,1.360947668186915,716.6071360246528,4034.093565354353
14,2018,uniform_low,3797.4868054176172,3756.650546755464,172.05207564658716,-4731.203799403125,-464.6674110714072,-1432.0458969707183,-2834.4904913609994,-1967.0927779972153,0.28722572728456863,154.8686515536096,0.0011521710928200208,0.018299265930040415,540.0373188877562,3193.309692112798,322.806320240501,192.38414772612072,711.7000912421674,1.3611331180782569,712.9209617168983,4036.6528263440764
14,2018,uniform_low_k0.75,3788.057417188754,3756.650546755464,171.78266719574933,-4745.25556643971,-463.3004015285538,-1429.1932885200783,-2852.7618763910773,-1961.05385211303,0.2892247868695444,155.96290400079772,0.0011606314296125433,0.01842420307879575,539.8922224080613,3184.7391883733753,322.18958462506043,193.7511917867107,716.6534458823533,1.3614916527301133,718.0719102432985,4031.2494914550234
14,2018,uniform_low_k1.25,3806.379841104414,3756.650546755464,172.3023845485113,-4718.090506791856,-465.94551664363877,-1434.7122941463874,-2817.4326960018293,-1972.7368952115714,0.28535861353372066,153.84678954162354,0.0011442730188155664,0.018182530188973086,540.0238194811263,3201.310203523661,323.38089543132975,191.1074242705336,707.0736775869536,1.3607964933960515,708.1114439353883,4041.6951186198457
14,2018,zero_tau0.00,3556.0941988242935,3556.0941988242935,161.95060483103768,-5149.297528974657,-448.20698775078176,-1346.162610718156,-3354.9279305057203,-1814.462812453086,0.3436011567580804,185.4267472780701,0.0013927584961636503,0.021877817875058353,526.2348442608176,2996.9511071718616,291.50924641030684,231.0302149384662,851.3895218493478,1.3694694254927051,858.0733293160102,3915.503467959713
14,2018,zero_tau0.50,3684.6808999648933,3684.6808999648933,169.62407027935043,-4856.23039562612,-447.8735281482282,-1402.6537397794095,-3005.703127698483,-1904.0091188846843,0.30575950210132113,165.24988550508652,0.0012316316605523686,0.019418996434590583,528.2472372808694,3119.6251661504893,310.0383427235695,205.00385683054293,757.6238646897878,1.3638963961787363,760.464228013536,3985.1238800570513
14,2018,zero_tau1.00,3854.4293540828053,3854.4293540828053,176.70415134700042,-4604.759981869827,-446.49325034262006,-1456.1587621775618,-2702.1079693496454,-1985.242966782598,0.27265304632747284,147.5478777623208,0.0010917246833571093,0.01726978508238752,511.2832252965994,3196.3503660545557,332.8050432207094,182.24956140326844,675.5912841904487,1.358493097072993,675.4376041868221,4022.343452058818
15,2018,aligned,3324.5899458725194,3154.4528139583367,134.56430132634313,-4516.732938076253,-772.4872750405983,-1260.3322427394562,-2483.913420296199,-2080.026313734229,0.26310700006170046,139.27323048539583,0.0010089632691196776,0.01655131440346947,219.93497380338695,2482.943396914491,343.52224337363344,174.18605321805126,651.9376858078042,1.2233050831141523,652.3690116598221,3304.6485987298956
15,2018,baseline,3339.0823204853323,3168.0038965712174,134.1643450828705,-4480.8602783370925,-768.175958714289,-1256.7349216176542,-2455.9493980051493,-2072.9809153690335,0.26098222003274535,138.04969874082497,9.962781568495422e-4,0.016397337085016086,217.21809730000842,2503.6490349227206,337.92123187077544,172.71617472939306,646.6728157184382,1.2224962723064323,646.6728157184382,3315.5269077825415
15,2018,defund_0.50,3374.972267592898,3184.7581494636997,138.45225513408482,-4426.6641573212255,-745.6925871057762,-1260.7202653825268,-2420.251304832923,-2057.4576994449853,0.2574769658767248,136.13728198303912,9.79721579513796e-4,0.01616889921683466,230.186485272764,2564.4712035013026,339.3644505955999,170.32257134064406,637.9873482770236,1.2219337453136345,637.6937808342434,3371.206863590502
15,2018,endog_tau0.50,3340.459087788274,3254.916373297119,135.63349868104066,-4467.675178804282,-757.6667937031898,-1259.659582665937,-2450.3488024351545,-2065.780622394378,0.2597291956868139,137.72431844947442,9.944516981425754e-4,0.016265867927814832,217.2252904311896,2481.814212699795,340.2307374525855,171.8356191797868,643.5680188405302,1.2221622854771852,643.3921956115465,3293.60152658414
15,2018,flat_mandate,3368.3020765399733,3218.838679598239,143.51296477871784,-4403.006590489904,-721.3877180357981,-1259.8019350519385,-2421.8169374021672,-2031.644084283122,0.25687823555000455,136.13295050891753,9.813484461194564e-4,0.01610511885461714,216.8670345584692,2575.1668581311587,344.97644017762866,169.9084401671392,636.5037888752082,1.2226762947279182,636.5975191842111,3386.8323773258594
15,2018,scale_0.50,3302.8787816890294,3204.5843540694786,139.00453414643184,-4457.017947536975,-727.8543509696434,-1245.0744204925522,-2484.0891760747795,-2015.7238907453425,0.26447853107369923,140.1428737583544,0.0010103029961318173,0.01657612586551725,227.8070003139656,2529.9113566716546,337.5756409358958,175.0617502457863,655.3361235299722,1.2238972658935074,656.0871456207896,3348.512392982554
15,2018,uniform_low,3269.490408319883,3151.5493165848975,132.5323184224352,-4560.862676292962,-772.0069478735411,-1248.6720049654405,-2540.1837234539803,-2061.9693419444416,0.26945355038962165,142.6234952238514,0.0010350060026425377,0.016959966497820687,216.7337964895636,2445.1115905315824,336.67342372575456,178.50089882319935,667.6634374323426,1.224517575705463,668.7673674860059,3272.051482920144
15,2018,uniform_low_k0.75,3244.2536846510066,3151.5493165848975,132.2897300005689,-4580.797602185467,-768.501948692667,-1245.1426023474187,-2567.153051145382,-2052.3997947317607,0.2724894187514862,144.25974780428143,0.0010473520307926994,0.01714957128839827,220.70329246045867,2435.225070040783,335.66935749726906,180.55715081583207,675.1858408415524,1.2251652505918504,676.6599200585205,3266.9971967807405
15,2018,uniform_low_k1.25,3291.8218964608755,3151.5493165848975,132.7416451199922,-4543.454676866091,-775.0779759874567,-1251.7629283004933,-2516.6137725781414,-2070.3491054226142,0.26679870925792715,141.19294134354294,0.0010242166352537252,0.016794099806896577,212.49480783743837,2453.747930261661,337.5476922476581,176.7028646572566,661.0851594573041,1.2239470053276256,661.8696674287158,3276.4624252807785
15,2018,zero_tau0.00,2767.5444098548064,2767.5444098548064,125.52541653190028,-5015.448900561818,-704.6215661536094,-1178.6941955989255,-3132.1331388092835,-1873.3404222316526,0.33547390564435986,177.94300871097388,0.0013040996241613818,0.02115000114767723,221.9124583841687,2283.995703862363,299.34702153115757,223.22328497100017,831.2514742800495,1.2372901207222287,841.3107346512122,3201.4301750737327
15,2018,zero_tau0.50,3031.4523566889543,3031.4523566889543,128.65425468359888,-4749.166010816519,-740.2303431912634,-1221.677879908818,-2787.257787716437,-1982.2368848267906,0.29668657651570507,157.5028470098767,0.0011475367200747893,0.018630056451169656,221.89316718095915,2356.476387286317,317.30713688176786,196.90417597575453,735.1425847983145,1.229741803659383,739.499652192063,3216.379000384393
15,2018,zero_tau1.00,3339.0611793513476,3339.0611793513476,134.69915035309168,-4490.751405024816,-763.0949379928387,-1256.206993951969,-2471.4494730800093,-2064.9679826642478,0.26130115235180656,138.838869710426,0.0010052804194119048,0.016333451457704897,209.7657268039904,2408.6179628549708,344.3508726968889,172.8984184913278,647.4630797477851,1.222294034011475,647.3559695403658,3227.426386600898
16,2018,aligned,3105.8010619222323,2970.8000258592338,80.10891876960366,-5092.336227317583,-963.4320146422077,-1190.1305908679337,-2938.77362180744,-2157.400715436934,0.3229931310171125,169.3703374405192,0.0012132276135344445,0.01979006211622664,613.2170816299575,2240.479245066888,225.17456357479014,214.1886855060124,800.3260814715411,1.19662415823084,800.5152453034808,3051.9803684391463
16,2018,baseline,3114.5849809557776,2978.3353818028586,81.13844612542114,-5072.043413177645,-956.2669908695818,-1193.727324089945,-2922.049098218118,-2155.3972450474034,0.32144859775063295,168.5612273192765,0.0012053328887543196,0.019678043414589605,607.5447658826655,2258.2188465335507,225.19639922145515,213.12080645664182,796.4989714244282,1.1963413928338151,796.4989714244282,3066.793410722792
16,2018,defund_0.50,3109.718820297265,2946.3830280504576,78.94235679140263,-5107.905005637949,-970.2458854696963,-1194.938632363184,-2942.720487805069,-2169.9779288614,0.32365979537456396,169.5294857703485,0.0012141152777519562,0.019858542728078427,611.5031780606494,2252.3113629050918,224.41737755818176,214.66524190454194,801.977970696478,1.1964482056574965,802.0495736119112,3064.1130721706427
16,2018,endog_tau0.50,3108.2779129940736,3021.4302795548315,80.41140029245017,-5092.737919837818,-953.8595294394488,-1187.3665386808568,-2951.511851717512,-2142.3015119368215,0.32446462196403236,170.4903945792187,0.0012200456735940884,0.019806656108578576,598.066618660607,2206.7924304051994,226.84255951571978,215.12441144364774,803.9722041607779,1.1968649259115647,804.3240318622941,3022.834610339565
16,2018,flat_mandate,3087.4818417829347,2973.521373631204,81.149297206381,-5108.946693077253,-954.0660893265773,-1188.4433819317032,-2966.437221818972,-2143.6407923244733,0.32631079197096097,171.18298030149438,0.001225846499363369,0.01997780017108647,606.2339693176152,2244.5681423065575,226.07101430450257,216.44991537230496,808.5467225188704,1.1969996212458456,808.9915858567136,3063.180827095469
16,2018,scale_0.50,3036.40845595407,2954.8785416399032,77.57814206827663,-5168.186610832199,-960.4690697060731,-1174.893651887002,-3032.8238892391246,-2128.9220462133185,0.33402954867882767,175.27135059848743,0.0012567909122209971,0.020448246726518182,601.2357781364103,2191.652514485222,222.8391346316645,221.72067410481708,827.6725853209242,1.197932529853711,828.7733919123751,3021.5443669244446
16,2018,uniform_low,3043.2875686980874,2955.1404258234456,78.36734812233007,-5173.581137362826,-966.2586478782488,-1175.0272470563411,-3032.295242428236,-2135.3138405849268,0.33361207929844977,174.96917393266563,0.0012565466337903077,0.020452463739260265,599.179745495857,2175.5875781118048,223.3130649427987,221.44900989547233,826.6381619810838,1.19780048463025,827.6463532615924,3005.0979864207234
16,2018,uniform_low_k0.75,3024.4740571401494,2955.1404258234456,78.31871154316327,-5192.698274098662,-961.5885550483566,-1171.6313651898208,-3059.4783538604856,-2124.6857202511587,0.33673539243288403,176.65273525054567,0.001268984284041587,0.020638084444531128,599.6638633796374,2165.2634233435024,222.5390371979159,223.57745402872365,834.3772397571929,1.1981975916200063,835.6718284330843,2999.896834945779
16,2018,uniform_low_k1.25,3059.8747831139763,2955.1404258234456,78.40717544574585,-5156.927772368362,-970.336445080798,-1177.9926935606961,-3008.598633726868,-2144.592038163471,0.3308880035208181,173.50138015021943,0.001245705044089479,0.020290451587967627,598.1748308731251,2184.585350037631,223.98565968158047,219.59280398085178,819.888331463394,1.1974536041145654,820.650562927315,3009.6287686656747
16,2018,zero_tau0.00,2687.674669510794,2687.674669510794,75.91772149274703,-5583.698123310116,-891.4401584801351,-1095.2896316816978,-3596.9683331482834,-1926.935732140715,0.39833849608176475,209.62739829916174,0.0015151990991888954,0.024353518940079057,585.3774078380104,2020.4906769198296,198.59359037470472,265.63667200346003,987.0200231951533,1.2051614540912956,994.296856646782,2947.744451937857
16,2018,zero_tau0.50,2840.129926067816,2840.129926067816,78.16690530682017,-5332.098137500749,-923.3394989902788,-1139.4268338604465,-3269.3318046500226,-2033.1034005676547,0.36071456379295763,189.8861966327574,0.0013659515804858363,0.022005635598235693,588.1999650642762,2095.134244136949,212.5811786916007,239.8679451337137,893.7938477547342,1.2011173457368205,897.3619908846489,2965.2094685794846
16,2018,zero_tau1.00,3082.865492396918,3082.865492396918,81.72784521902237,-5086.0548863503,-941.1080424092039,-1181.1579022983344,-2963.7889416427615,-2119.965154696368,0.32558319192411705,171.4435100817981,0.0012271931081845784,0.019813016565963366,579.9922524474237,2152.5462266295094,230.0428053996398,215.82729819294005,806.7438442578517,1.1972977755979215,807.3887738008057,2974.150507637015
17,2018,aligned,3539.963378782774,3425.948005406467,140.37713825999376,-4977.439899606966,-773.1999714771493,-1352.98508718264,-2851.2548409471756,-2172.5942326306276,0.29132798707244134,157.6392842538118,0.001170510853545738,0.018263022638806102,460.3208899796583,2797.810359063761,317.2558614976708,193.611504926179,721.8648445632914,1.3383552545148016,722.1412202411822,3643.595935876435
17,2018,baseline,3516.7391200935303,3379.305422647379,131.6756266123107,-5051.985954386112,-821.2088753901215,-1348.678401436696,-2882.0986775592946,-2213.867511619063,0.2950775789935305,159.36398414430803,0.0011840879845059324,0.01853594019652161,447.14377199907176,2737.5736405670204,311.9025343120225,196.196296790258,731.1557424838531,1.337843043287472,731.1557424838531,3584.435620572638
17,2018,defund_0.50,3525.3835964870646,3360.794800595453,131.25261611783426,-5056.706616213398,-823.6173016830717,-1347.687376512009,-2885.401938018318,-2214.851991559004,0.29580020282841674,159.58297777762846,0.0011853124249214045,0.01860372915122667,452.550659064475,2748.784945240526,310.6665935069765,196.70690328909674,732.9462904757912,1.3378383707884576,732.9437306158458,3595.6883660742515
17,2018,endog_tau0.50,3518.580754575714,3420.4712994859433,131.28442152043652,-5057.942390191249,-817.0322123360405,-1347.8592179686916,-2893.050959886516,-2207.4388928533717,0.29554792969483984,159.9967098651462,0.0011900786463790276,0.01851359709743517,441.1992361927823,2700.2864934457684,313.02882260452174,196.48624745283357,732.3211974039344,1.3378250497811557,732.3113479480082,3549.140416545465
17,2018,flat_mandate,3494.7126984899364,3375.5118942762897,131.74331032189679,-5074.158497369989,-815.203788553184,-1343.5621759769588,-2915.3925328398454,-2199.508017434382,0.2978641092839474,161.02413299277583,0.0012001658060336146,0.01871379568748151,446.5739111049664,2723.8442714217867,312.1075144648257,198.12245965748508,738.060325442656,1.3386267432995744,738.4926765236621,3576.322002752789
17,2018,scale_0.50,3443.1095988361703,3369.2136911010225,129.91867599023197,-5127.79885096547,-815.6138049262057,-1326.357339506602,-2985.8277065326624,-2173.845645891305,0.3062219852386235,165.55918794640414,0.0012332365526141916,0.019219399875594786,438.3492648108248,2679.4284279227995,309.27168154873726,203.7754968250877,758.7698250260287,1.339912157327549,759.943341834316,3544.867954480765
17,2018,uniform_low,3438.471117546819,3364.7835946390605,129.80185568062768,-5147.91662372556,-819.848624817325,-1333.5724792495184,-2994.4955196587166,-2187.357709416159,0.30618267338526195,165.51942760076219,0.001236511328982755,0.01924782243264783,443.0824919397375,2666.5774409926134,308.4643881523184,203.78911377848704,758.6724164481523,1.3398838951752934,759.829755525494,3531.082470891939
17,2018,uniform_low_k0.75,3421.972728749121,3364.7835946390605,129.60412203127711,-5165.323974321355,-816.7155220092865,-1330.2692879311917,-3018.3391643808777,-2178.6604634063597,0.30875041087435984,166.94498886888172,0.0012475427132408064,0.019404122443006724,444.1978130863756,2657.0181350083612,307.63059404922365,205.52796205649594,765.0348653226097,1.3403556993941672,766.4717076606048,3525.592474661694
17,2018,uniform_low_k1.25,3453.6493231081595,3364.7835946390605,129.97973403220684,-5132.078279984185,-822.7047572172058,-1336.5842564518148,-2972.7892663151642,-2195.285235822247,0.30384394880672605,164.22146890664973,0.0012264694220301172,0.019105373429235583,441.73972251836983,2675.278315598479,309.22156584368895,202.20536259041083,752.8774254782617,1.339451882642803,753.7828073449367,3536.077326196694
17,2018,zero_tau0.00,3080.8584728091146,3080.8584728091146,123.42694940415473,-5586.165793118809,-759.9211190999895,-1257.8213300736968,-3568.4233439451227,-2000.488639726031,0.3673745085606472,199.24444358692864,0.0015007321190726635,0.023039600976375144,440.2846036008772,2494.6527067571897,276.17641397168495,245.2441676263827,910.2961414163894,1.349992252320867,918.5627151074142,3444.1476682099064
17,2018,zero_tau0.50,3210.935526673716,3210.935526673716,127.97425862599545,-5305.60901313484,-786.1659802852519,-1304.551909922426,-3214.8911229271625,-2104.770074662409,0.3294421951870611,178.7281116976833,0.0013384591894115615,0.020621403543029007,440.6096541524537,2588.1316272308572,293.66862580641975,219.4813955432424,816.3058462425138,1.3437930237208922,819.9363198150297,3482.255177309064
17,2018,zero_tau1.00,3492.8207932372666,3492.8207932372666,132.576848480257,-5053.4681688901865,-803.7481277653071,-1349.5051374521418,-2900.214903672738,-2195.106709357436,0.2955178219277884,160.35746484467145,0.0011942043387335277,0.018460689545283203,426.2348648950881,2647.9776971626716,316.18131937033627,196.44376670866203,732.2465951015564,1.337769050054634,732.2060961109776,3499.921345935323
18,2018,aligned,3556.6323936291465,3388.919160948371,129.48397865153078,-5102.094082682647,-956.7030931951181,-1385.3013749269355,-2760.0896145605943,-2399.1625128204764,0.29446758899503467,160.07518538639133,0.001119849316781367,0.017510797363021798,723.2135587159241,2566.90855180364,255.18615443287646,198.0505816611841,729.6442833896747,1.2948732504421163,730.2129769302792,3354.2571015056114
18,2018,baseline,3604.1228664346463,3405.0047587104114,130.34890534163966,-5045.698179429188,-955.5258505765959,-1387.33142906197,-2702.840899790622,-2403.8782012275897,0.2888489389023565,156.9661091688689,0.0010937436867677478,0.017152309302164864,715.7172538175491,2607.5863245244564,255.4279183129237,194.1761883179439,715.7221538457045,1.2938647966393315,715.7221538457045,3384.5602083651406
18,2018,defund_0.50,3601.2646160315157,3385.8756699864416,128.36944847590257,-5066.051876161052,-965.6567657044857,-1385.8446099030996,-2714.5505005534665,-2411.5801597175646,0.29032509962686975,157.56238657346972,0.0010988344354929535,0.017272899339196516,721.2229937121695,2605.2807925242187,254.137175201133,195.21066510417873,719.3798475079552,1.293747331330568,719.3145376114921,3383.521840232665
18,2018,endog_tau0.50,3562.605499240641,3458.671685608968,129.5792884327733,-5063.576833819697,-948.5230964947609,-1383.7803802490919,-2731.273357075844,-2389.8204293411836,0.29149354280271106,158.83547375718115,0.0011078258157158963,0.017247712582364006,699.9972116350949,2550.298062873217,256.44099905735214,195.95564397978478,722.2750655746631,1.2945914377794843,722.6806989750897,3333.4641169258744
18,2018,flat_mandate,3576.866036498792,3402.416294869706,130.380784364696,-5061.2575201248,-947.4573266573817,-1381.6274349669845,-2732.1727585004346,-2386.722282193565,0.2917226733107216,158.66145592116342,0.0011078678423658726,0.017320481857741925,714.4198188135254,2595.6726162715186,255.1683815368737,196.16137714225607,722.8428148671766,1.2946551813112235,723.2843786863192,3377.963999352455
18,2018,scale_0.50,3489.410181323843,3383.2311450272414,126.2531350501389,-5143.631382475942,-959.0842189757321,-1361.6910510295245,-2822.8561124706857,-2367.39784885815,0.3025489300412354,164.5537541639791,0.0011502444272520774,0.017961006503649044,709.8808548307919,2530.137628234186,252.87142461715695,203.52784104523636,749.6685730461577,1.2958512533025173,750.8195311184203,3330.300742924527
18,2018,uniform_low,3482.9070042409026,3373.2157126329625,125.91177361383444,-5173.227205944129,-967.6940462829008,-1366.545613644795,-2838.9875460164335,-2381.9108650182875,0.30350686514309866,164.98911336234974,0.0011569549266655008,0.018057332985132877,709.2508599386497,2505.746773383909,252.0357427459736,204.22776789286493,752.0421852773651,1.295903492162607,753.2271506929335,3306.7818989299512
18,2018,uniform_low_k0.75,3458.534889292813,3373.2157126329625,125.72289325164483,-5190.129617861676,-963.7988685675368,-1362.8100841151772,-2863.520665178962,-2371.738696584974,0.30632997366225556,166.57142693622853,0.0011682943100757527,0.01821893561538463,709.9543323966589,2495.6303232049986,251.26048680610018,206.14542393713657,759.0374033229962,1.2962982031017851,760.4649454644067,3301.2103315383692
18,2018,uniform_low_k1.25,3505.1976287304014,3373.2157126329625,126.08037989151514,-5157.930641102594,-971.2264334520299,-1369.9339593371367,-2816.770248313427,-2391.134423475382,0.3009491316813448,163.5561534223025,0.0011466866016410814,0.01791079837039601,708.1321773299044,2514.9059746972725,252.7359953314542,202.49029087654418,745.7045248062337,1.2955450184493849,746.6729018806308,3311.8245810328135
18,2018,zero_tau0.00,2974.8905877892025,2974.8905877892025,120.36814090201182,-5592.301653085981,-886.3810153516588,-1295.6831987725475,-3410.237438961775,-2176.838192930968,0.3683043236576497,200.98830226756294,0.0014183645511066506,0.02184740809434504,687.7727350445462,2341.701775112788,223.82021917904868,248.27269013585354,912.6000767066967,1.3033952802691018,919.3222010848937,3236.5715052408764
18,2018,zero_tau0.50,3226.3688560610703,3226.3688560610703,124.08712602451905,-5329.21328516818,-918.1839731523982,-1341.0959758662918,-3069.9333361494905,-2285.9061191809615,0.32945180195758056,179.88670386296377,0.0012628761734353588,0.01949045477018175,692.1418525245649,2423.3626478417523,237.89060046138425,221.80561610004213,816.3296503060284,1.299243075783926,819.7229327763133,3259.1705649794076
18,2018,zero_tau1.00,3545.993614171307,3545.993614171307,130.69675917358614,-5066.836900124876,-936.9610927641744,-1379.2515291887144,-2750.6242781719866,-2370.3515746846706,0.2931322662295704,160.17204341312288,0.0011180980124266412,0.017281449140164957,684.4973916596973,2485.6897486606795,259.75842267610324,197.04428878117014,726.3355639967316,1.295286327055982,727.1335670798962,3275.537449635509
19,2018,aligned,3643.0853078052105,3519.9606387404315,112.95270527792167,-5217.968912741331,-1001.1081447372516,-1344.765078322914,-2872.0956896811663,-2392.465359265081,0.3061952672201637,165.28654330244862,0.0011722127352195297,0.018303013448311718,885.1624643589158,2690.079865334457,229.17710033786403,205.11326232136497,758.703621986505,1.2926385266663722,759.004667512457,3473.1483708634128
19,2018,baseline,3617.952032668443,3470.6362775936414,104.40528874042259,-5301.003985971643,-1050.7171289186135,-1340.93398302265,-2909.352874030379,-2435.608841124451,0.31032290138062085,167.19400718619764,0.0011888162904101383,0.018605755799833677,870.1817133179793,2625.598692894081,226.12016804348949,207.97236577113216,768.9312490044051,1.2921258248849703,768.9312490044051,3412.6777441708437
19,2018,defund_0.50,3631.1752213318464,3456.637408269333,104.14359620379585,-5300.389185733075,-1054.2280945551863,-1340.9733679835253,-2905.187723194363,-2439.4096212759127,0.3101852184688704,166.935509299373,0.0011866554633484995,0.01862001400851707,874.7733356402637,2639.9712789708674,226.04057219764536,207.90945881968656,768.5900924451313,1.2918710755077625,768.4385608809387,3426.5409532297645
19,2018,endog_tau0.50,3601.387878429886,3504.97570092151,104.31568351292258,-5306.931989920828,-1038.7897025362977,-1336.9242730260612,-2931.2180143584687,-2416.435483750841,0.31225960079994625,168.7078027723522,0.0012000543407490168,0.0186520488437086,857.6626281711225,2583.538920724103,226.8976639886497,209.236965625418,773.730084980811,1.2928937680077377,774.1899323781743,3375.3895514655082
19,2018,flat_mandate,3586.310533898962,3466.510607787393,105.75425224274653,-5325.479695433053,-1041.0074933036287,-1331.7069632131083,-2952.765238916317,-2411.0126877565367,0.3149758747125205,169.88928296332412,0.001209758546605217,0.018868863713769425,868.976356401399,2605.851364281776,227.0871787172906,211.16849718371844,780.4605837063048,1.2930652518815149,781.02800967052,3402.798055485868
19,2018,scale_0.50,3540.8525827924577,3458.9945367084742,102.60880795977266,-5370.23902851363,-1044.53159658268,-1315.712923617876,-3009.9945083130738,-2390.7720335198087,0.3220764138685869,173.73283617122283,0.0012367307491550526,0.01928114393023796,855.3323385626123,2564.527043607971,224.96410184037506,216.0011616398567,798.0546008335876,1.2935809079033749,798.9533025506097,3372.443286359099
19,2018,uniform_low,3542.634939535542,3456.2822296722757,103.09148506388871,-5384.84711218821,-1049.4458955337307,-1321.7003640126354,-3013.7008526418444,-2403.6844596036904,0.32162677242815346,173.41883982130628,0.0012378567554267813,0.019290640691339456,859.7567452045532,2553.1246595234907,224.26988592837648,215.7291094530924,796.9404601985963,1.2934594332120726,797.7629856937585,3359.428421692533
19,2018,uniform_low_k0.75,3523.6774831559524,3456.2822296722757,102.97525236798204,-5402.415849156115,-1045.0135858857132,-1318.000710431587,-3039.4015528388154,-2392.9406619205583,0.32456207522285296,175.05968239547084,0.0012497332332773994,0.019458440293487454,858.8704363006863,2541.9970167266147,223.52739665817464,217.72926759390282,804.2136779794716,1.2937958362474393,805.2530860264382,3353.0482318173244
19,2018,uniform_low_k1.25,3559.7781926441926,3456.2822296722757,103.19292528929913,-5369.14293447964,-1053.4143942477965,-1325.0141088774124,-2990.71443135443,-2413.303512706205,0.319000464148702,171.95152404592415,0.0012272354323758013,0.01914035145017589,860.1500040358583,2563.0753234113645,224.93245906470077,213.93950917047292,790.4328821352154,1.293157992713244,791.0642907609366,3365.132564066529
19,2018,zero_tau0.00,3164.8559255896334,3164.8559255896334,97.3189960548102,-5816.105543767013,-980.4482218634809,-1239.1540967422839,-3596.5032251612483,-2195.374553142558,0.38749690001050213,209.91273569822812,0.001506286635066382,0.023137375404021856,831.1231204080955,2357.0627924747696,198.44394998430758,260.7065754301695,960.1562565469669,1.2994857265242938,965.6252716153684,3260.4254386442763
19,2018,zero_tau0.50,3305.21375049847,3305.21375049847,101.66391622004146,-5548.120819149669,-1004.6652652336248,-1288.1465895008596,-3255.3089644151846,-2301.5586107668405,0.3486516739826498,188.88845610419372,0.0013496970953841038,0.020785712004047604,841.1962021444582,2459.0131219059613,211.9260067153849,234.10328415976267,863.9039076724013,1.296397191190111,866.7597054368642,3303.595549898448
19,2018,zero_tau1.00,3564.6602800394708,3564.6602800394708,106.06696704434671,-5304.729268973456,-1022.0812003267166,-1333.6455359481645,-2949.0025326985747,-2393.5557268513194,0.3136655156308315,169.93389716675335,0.0012094943124570203,0.018668478839492353,838.6490585627565,2526.794762051056,230.068950474794,210.13742974745318,777.2137203879847,1.2936575057724369,778.1350264853232,3324.8613092637197
