Channel,ATT_all_enrollees,ATT_new_enrollees
Any Assistance,-0.0155740226933926,-0.0226057658306286
Agent/Broker,-0.0183404985087763,-0.0252462025223352
Navigator,-0.00896876887420835,-0.0180164579558298
