Channel,Observed_rate,Predicted_rate,ATT,CI_lower,CI_upper
Any Assistance,0.0216973361676523,0.0372713588610449,-0.0155740226933926,-0.0159869180015434,-0.0151511241559961
Agent/Broker,0.0197856034860949,0.0381261019948712,-0.0183404985087763,-0.0188670220477462,-0.0179180643542768
Navigator,0.0262589771781667,0.0352277460523751,-0.00896876887420835,-0.00960716709449907,-0.00836299967950026
