region,year,plan_id,issuer,metal,share,posted_premium,realized_premium,markup,mc_foc,mc_structural,ra_factor_static,ra_transfer,predicted_claims,predicted_risk_score,lerner_index,commission_pmpm,admin_pmpm,base_premium,region_factor
1,2014,ANT_BR,Anthem,Bronze,0.06232540511880848,233.61,320.75164423442044,-5.665194128171464,152.86247607422376,291.43482837281834,0.6,-136.32346200770246,184.62262117142393,0.838926521814121,-0.017662245011068667,16.5,34.98200998977356,238.78090289596372,0.9783445709717554
1,2014,ANT_BR_HSA,Anthem,Bronze,0.06114440458429571,235.19,322.8584514006898,-52.87267267946376,160.9649486057888,340.74911409038,0.6,-136.0360399367189,204.71307415366107,0.8398036237709545,-0.16376425164055905,16.5,34.98200998977356,240.40339230241494,0.9783139819597189
1,2014,ANT_G,Anthem,Gold,0.035358943456296206,375.66,509.1311109047372,161.73372765796515,342.16448314877096,312.4153732569985,0.8640000000000001,101.64173991601285,484.50005181102523,2.193655173897542,0.31766616534306996,16.5,34.98200998977356,377.1074338153343,0.9961617467980145
1,2014,ANT_P,Anthem,Platinum,0.029973144908497652,435.62,575.9721404120056,490.37993587005076,174.01283897185562,50.61019455218127,1.035,908.4200401846573,1044.5664999151381,5.1425938773090625,0.8513952350529856,16.5,34.98200998977356,433.7489819674643,1.0043135963663796
1,2014,ANT_SIL,Anthem,Silver,0.0970691628882671,312.48,443.4216852311226,90.48877498290838,306.26971057399385,317.95090025844064,0.721,14.030776486019793,351.3414791854367,1.7205461891128615,0.20406934977874017,16.5,34.98200998977356,315.6313919413501,0.9900155940701372
1,2014,BS_BR,Blue_Shield,Bronze,0.055182428767309555,265.65,366.50719627060175,64.21531184717111,215.78138207755325,261.32708434635424,0.6,-128.2247571530424,145.72747241100228,0.8778683399855665,0.17520887038670663,14.410964921869109,40.9648000770764,257.24004469860654,1.0326930253462165
1,2014,BS_BR_HSA,Blue_Shield,Bronze,0.05847057230697492,261.29,360.73173285046903,52.66457964837446,207.02759261086157,267.10235312501817,0.6,-128.96631321298977,138.1360399120284,0.8758385298223508,0.14599375339736206,14.693918327610886,40.9648000770764,253.07033243156326,1.0324797754421078
1,2014,BS_G,Blue_Shield,Gold,0.04452152322607614,378.69,511.28410105571203,265.42857219535546,298.18916781800624,204.8907287832802,0.8640000000000001,154.96112682154532,401.7866400561695,2.3833815910790492,0.5191410639354754,18.923311038976504,40.9648000770764,359.3709350564826,1.0537580061684204
1,2014,BS_P,Blue_Shield,Platinum,0.040884122883247456,433.92,568.4672667846413,724.1720734835426,90.81247082457173,-196.66960677597763,1.035,856.5910225209432,764.3167204455731,4.944785472831386,1.273902853861045,20.058331142411827,40.9648000770764,406.653361597191,1.067051304569856
1,2014,BS_SIL,Blue_Shield,Silver,0.10354910320117934,321.59,453.6805044672856,169.1654322162299,288.47188222056934,243.55027217397927,0.721,29.95338781753211,306.00243886230936,1.7723776185289501,0.3728734881717366,16.659116614259474,40.9648000770764,306.599014087917,1.048894436130784
1,2014,KA_BR,Kaiser,Bronze,0.04181567284019458,257.35,352.09873695678897,33.54698496275378,232.3966991966965,300.69202030460406,0.6,-147.48411514814876,183.1456200674995,0.7895888749149699,0.09527720903716508,6.25,17.85973168943113,249.39548978657075,1.0318951646649128
1,2014,KA_G,Kaiser,Gold,0.013259016031396328,425.63,557.5576348916544,208.83628348721837,456.69300574376325,330.8616197150049,0.8640000000000001,2.5205369002463844,366.041015541653,1.767237968637712,0.37455550855796244,6.25,17.85973168943113,406.95607536316345,1.0458868309563192
1,2014,KA_P,Kaiser,Platinum,0.018140502977636516,457.77,596.9126108246444,207.55516778617013,505.3954419044684,371.49771134904313,1.035,-26.04963396848481,375.71319766142454,1.8783980088862702,0.3477144962634134,6.25,17.85973168943113,435.7266211112285,1.0505899291453769
1,2014,KA_SIL,Kaiser,Silver,0.03521495920667999,350.1,471.4621566436915,166.58127751813086,386.9013956419426,287.0211474361295,0.721,24.373284303935286,352.042315468452,1.6755393347752747,0.3533290533942579,6.25,17.85973168943113,336.8966045566472,1.0391912392846119
1,2015,ANT_BR,Anthem,Bronze,0.062081442250293314,247.06,344.20908881407274,-50.31702116016956,175.91046599490124,360.63610517293637,0.6,-132.1740434132065,243.7657996518918,0.8435382929137603,-0.1461815588122041,16.5,33.890004801305935,254.55613656493185,0.9705521278485473
1,2015,ANT_BR_HSA,Anthem,Bronze,0.06330724912172594,245.43,341.92489789321746,-108.37661693164702,173.1574700174118,416.41151002355855,0.6,-132.38932902726222,284.02218099629636,0.8427168489020197,-0.31696029625047323,16.5,33.890004801305935,255.99328336629134,0.958736091715435
1,2015,ANT_G,Anthem,Gold,0.030233135132991102,398.24,552.2354010171857,90.12632487786047,365.42605678482323,428.2190713380193,0.8640000000000001,145.25166291312627,612.068598497414,2.2285052398850627,0.1632027296907315,16.5,33.890004801305935,401.5716387748698,0.9917035008123728
1,2015,ANT_P,Anthem,Platinum,0.022556694086407886,467.04,638.0112953999676,417.77163112590654,186.66689162973282,186.3496594727551,1.035,1076.159132334954,1346.880069122678,5.285356635241033,0.6548028759647689,16.5,33.890004801305935,467.04039531686084,0.9999991535703019
1,2015,ANT_SIL,Anthem,Silver,0.13322935061039362,325.15,478.0259908652527,64.32926941892956,330.9345594263285,379.8067166450172,0.721,46.601312447592086,455.1355178132936,1.7827416539860363,0.13457274426122756,16.5,33.890004801305935,329.5297096820419,0.986709211481211
1,2015,BS_BR,Blue_Shield,Bronze,0.05272915520128374,281.56,395.53324117736713,56.379469438359166,239.10893149722367,296.119560028923,0.6,-124.11748382247183,191.233814757617,0.8833056908275574,0.14254040765457987,15.62373720176695,43.034211710084975,273.6859535379905,1.0287703711506573
1,2015,BS_BR_HSA,Blue_Shield,Bronze,0.05603717458677657,276.94,389.43312940329804,25.17870508958461,230.71670190175743,321.22021260362845,0.6,-124.89345539165164,196.3267572119768,0.8818595085804637,0.06465475890087788,15.719472249069986,43.034211710084975,269.2626000972989,1.0285126857570521
1,2015,BS_G,Blue_Shield,Gold,0.03747318058290093,401.37,550.107927887023,234.7115592730062,318.92871189517007,272.36215690393186,0.8640000000000001,207.23745238139657,525.5399445189958,2.413603423483415,0.42666456412387765,22.330814754290763,43.034211710084975,381.60095018064175,1.051805557114048
1,2015,BS_P,Blue_Shield,Platinum,0.03244517815871248,459.92,611.1883679854191,731.3872210038935,102.95511132803395,-163.23306472855938,1.035,1010.7156704948204,958.8710423511351,5.029006332571518,1.1966641698608733,24.69548682010519,43.034211710084975,432.0233774326763,1.064572020924194
1,2015,BS_SIL,Blue_Shield,Silver,0.12151193871545285,340.85,492.1066604808994,151.21128064082214,328.39921116371306,297.8611681299923,0.721,67.14518477595134,400.17992985876606,1.8250087680236347,0.3072733876291261,18.671634263048954,43.034211710084975,325.8977222093585,1.0458802770675275
1,2015,KA_BR,Kaiser,Bronze,0.04216716228790447,266.33,368.9649774942836,-1.7310418122601234,255.44967576168688,351.2509617489378,0.6,-145.58498786099668,212.92437621683706,0.7881225470890453,-0.004691615513255435,6.25,19.445057557605885,249.06463426052488,1.0693208242540582
1,2015,KA_G,Kaiser,Gold,0.014653063037765616,432.46,585.0295524008081,141.84535408259097,477.56344512113264,423.7391407606113,0.8640000000000001,28.226752905110846,464.081384951507,1.7980137829720861,0.24245844248464846,6.25,19.445057557605885,398.2755879692902,1.0858310503162087
1,2015,KA_P,Kaiser,Platinum,0.020834210397154985,461.96,625.7931439210507,127.26636358917375,530.4648136571079,479.0817227742711,1.035,2.8347157615112097,497.59374969360135,1.9289875185224163,0.20336810146521758,6.25,19.445057557605885,422.9160616198388,1.092320774554214
1,2015,KA_SIL,Kaiser,Silver,0.05430077194726368,356.02,499.64211532081447,114.57966750142589,411.98193179206004,365.6173902617827,0.721,52.14490451187113,435.6481503038718,1.7284015998895947,0.2293234777213598,6.25,19.445057557605885,330.4772945897861,1.077290348923727
1,2016,ANT_BR,Anthem,Bronze,0.06023506725715078,271.2,381.14628789459493,-17.60855240988382,195.46464575175247,363.75908530395384,0.6,-122.66011274614297,259.948666940561,0.8404858632799438,-0.046198934553846216,14,34.995755000524916,265.25627815182185,1.022407469069502
1,2016,ANT_BR_HSA,Anthem,Bronze,0.07191423925744284,252.92,351.7142518175479,-80.51682600778634,133.96389204271344,397.2353228248093,0.6,-123.37516349533479,273.8601593294745,0.8257965127798894,-0.2289268222476083,14,34.995755000524916,247.63787435304369,1.021330039521442
1,2016,ANT_G,Anthem,Gold,0.01682700389490027,456.74,627.8466019897628,231.58085750533525,404.2525919998622,361.26998948390263,0.8640000000000001,247.01255661724173,655.5164367139295,2.2282330980350644,0.36884942400167875,14,34.995755000524916,429.2720239769982,1.063987342497944
1,2016,ANT_P,Anthem,Platinum,0.011446888513578304,534.34,732.8169309485796,815.2571763295979,198.64488033315138,-117.43600038154318,1.035,1416.9357426205581,1401.136142827373,5.342083929433533,1.1124977356545314,14,34.995755000524916,495.39185661157364,1.0786208793475682
1,2016,ANT_SIL,Anthem,Silver,0.10513772327147254,362.4,532.2216710015626,150.06558994465888,383.82938899753424,347.16032605637884,0.721,107.5120612220721,489.41439526792766,1.7642627089363245,0.2819606906690921,14,34.995755000524916,342.8767417802734,1.0569395816069604
1,2016,BS_BR,Blue_Shield,Bronze,0.04624816323477595,314.02,446.76474680096004,73.78838134096773,298.08886032165276,329.920985776062,0.6,-110.77357143318386,227.9826264163291,0.8898697977475608,0.1651616020944497,15.133833161267187,43.05537968393028,284.31944784571454,1.1044619085304443
1,2016,BS_BR_HSA,Blue_Shield,Bronze,0.04446814941939287,316.79,450.29230212835637,67.16403811802539,303.84701778143256,340.0728843264007,0.6,-110.10255873764338,229.97032558875733,0.890712132852259,0.14915653188066313,16.298248960793753,43.05537968393028,286.6356603041531,1.1052009357937171
1,2016,BS_G,Blue_Shield,Gold,0.019815341766609054,464.03,627.9718476638111,369.7920023807701,381.08588549495494,215.1244655991107,0.8640000000000001,324.04641294091385,568.9677329934608,2.41175964465185,0.5888671661898142,21.597506597577855,43.05537968393028,396.7920290840679,1.1694539355317706
1,2016,BS_P,Blue_Shield,Platinum,0.00667671605701219,591.57,762.6873840676211,1136.0996920027767,199.46608695851236,-416.46768761908595,1.035,1333.7972401083898,1044.95210529393,5.0264465449775955,1.4896007404025031,26.361277178655477,43.05537968393028,493.12624729708347,1.1996319466718819
1,2016,BS_SIL,Blue_Shield,Silver,0.12835456941723067,366.62,539.9916760195587,207.96502889426668,375.6714217341005,288.9712674413617,0.721,127.29907450841102,439.2023120288907,1.8244834366469105,0.3851263605158501,16.99969171846232,43.05537968393028,318.87317848941336,1.1497360854769159
1,2016,HN_BR,Health_Net,Bronze,0.023401170118056598,323.33,444.2470926658364,-11.929095694383193,316.0192177504159,404.71803866388365,0.6,-153.8864607802714,271.4819213635822,0.7227427932904703,-0.026852388887452512,27.209813380286015,51.458149696335965,273.68588406343866,1.181390852898552
1,2016,HN_G,Health_Net,Gold,0.0040187442058097446,530.41,631.5941685587461,-203.55672645726253,464.07192397664284,783.6927453196727,0.8640000000000001,153.1561689218724,1013.9773684463886,1.766175755934783,-0.3222903829555057,37.842059596792176,51.458149696335965,510.552018371248,1.0388951192321254
1,2016,HN_P,Health_Net,Platinum,0.0022997910432089423,623.24,729.4914319916052,-1188.542469003512,465.12705495572453,1866.5757512987811,1.035,713.0794710237132,2792.0318570760974,3.3024318799391095,-1.6292754333777966,28.26037402191167,51.458149696335965,599.3584832200625,1.0398451301658962
1,2016,HN_SIL,Health_Net,Silver,0.02053346060932652,422.29,536.9490879639893,-358.6781209300597,407.6811743603382,844.1690591977131,0.721,90.46646573111744,1011.5817562654527,1.5200977126530255,-0.667992792929587,38.544701486704014,51.458149696335965,406.1648744639217,1.0397009356295548
1,2016,KA_BR,Kaiser,Bronze,0.04408960313346398,284.61,397.9515805929871,8.73162779371389,264.4302570277307,370.5653049655091,0.6,-139.35613339410313,239.84070180074937,0.7857421439662768,0.021941432625303067,6.25,18.654647833764137,267.722011214081,1.063080314948085
1,2016,KA_BR_HSA,Kaiser,Bronze,0.04830899021286327,277.29,387.74280734429607,-3.90714465962467,253.15932409023364,372.9953041701566,0.6,-140.61603985964015,232.37926431051642,0.782153195816505,-0.010076639941783169,6.25,18.654647833764137,260.60436974969343,1.0640266710275537
1,2016,KA_G,Kaiser,Gold,0.01746230077879939,444.92,611.0636090020281,187.4233480327363,479.2867900227223,404.98561313552767,0.8640000000000001,92.99369111552221,521.2791771744471,1.8114790181898976,0.3067165926290895,6.25,18.654647833764137,412.94792433637383,1.0774239892717872
1,2016,KA_P,Kaiser,Platinum,0.022620968117999348,481.59,658.9053158581357,196.54626921454357,535.3832928316577,443.70439880982804,1.035,77.04011362611809,545.4819791031086,1.9441955465878866,0.2982921286020715,6.25,18.654647833764137,444.2071250861869,1.0841564054303718
1,2016,KA_SIL,Kaiser,Silver,0.06728781004103915,373.75,539.085402605024,164.57307491224523,437.4834752787435,355.85767985901464,0.721,106.63690328988885,487.64601067661124,1.7357035683462771,0.3052820093383688,6.25,18.654647833764137,349.96075282340485,1.0679769002228645
1,2016,OS_BR,Other_Small,Bronze,0.006554224578239948,348.97,475.3842135949372,-50.493084264154334,392.7957660411325,525.8772978590915,0.6,176.6580219456014,702.5353198046929,1.6755447861074968,-0.10621531557036139,0,0,307.9930675229229,1.133044983144068
1,2016,OS_G,Other_Small,Gold,0.0020846210320934035,521.46,696.6951688128689,50.58800957742096,591.0707444332282,646.107159235448,0.8640000000000001,89.31638248752559,735.4235417229736,1.7590890954083527,0.07261139712454187,0,0,445.15623262507,1.1714089611302745
1,2016,OS_P,Other_Small,Platinum,7.947035671454185e-4,659.18,900.1136282100332,170.1392164877616,758.2205858540666,729.9744117222716,1.035,30.733764643991297,760.7081763662629,1.8234805888195291,0.1890197094627937,0,0,558.9216549894318,1.1793781724425472
1,2016,OS_SIL,Other_Small,Silver,0.005428138616681317,445.69,588.3032199152084,13.505273403655337,519.826497605215,574.797946511553,0.721,134.13299736767917,708.9309438792322,1.6917721678704236,0.02295631393212813,0,0,383.2871416358856,1.1628096838776705
1,2017,ANT_BR,Anthem,Bronze,0.06551324042854828,287.2,389.663010296625,-66.86140650214205,163.90974526642566,419.43624770119607,0.6,-120.90884888494773,298.5273988162483,0.8060133994818819,-0.17158776875240178,10.5,37.088169097570955,299.5828221887004,0.9586664479016732
1,2017,ANT_BR_HSA,Anthem,Bronze,0.06854138966183584,281.33,380.5460746254405,-100.60402248640278,102.14986082442874,444.0619280142723,0.6,-121.4108553975989,322.65107261667345,0.801417405527352,-0.2643675212927217,10.5,37.088169097570955,293.94530716004124,0.9570828080845233
1,2017,ANT_G,Anthem,Gold,0.014458384548468,515.51,718.8457570615751,261.7129069068162,505.15280323639513,420.0446810571879,0.8640000000000001,320.88878420419275,740.9334652613807,2.258326344589976,0.3640738007227305,10.5,37.088169097570955,510.94308898027765,1.008938199024938
1,2017,ANT_P,Anthem,Platinum,0.007493567836029804,613.25,853.4995559447437,677.6583229806641,378.6224725179044,138.75306386650868,1.035,1706.63603588042,1845.3890997469287,5.403790125979063,0.7939761869361023,10.5,37.088169097570955,604.323066214455,1.0147717905944982
1,2017,ANT_SIL,Anthem,Silver,0.11767226653086428,407.86,610.5539219512323,168.10302899396552,511.11831371400956,405.3627238596958,0.721,134.51581199656215,539.8785358562579,1.7511209106906331,0.27532871864410474,10.5,37.088169097570955,398.6929583672539,1.0229927352373802
1,2017,BS_BR,Blue_Shield,Bronze,0.0328509921961371,382.9,545.3682354180846,147.61847250511747,390.61536138615685,353.89667698562954,0.6,-107.19316769229674,246.70350929333281,0.8953398129114545,0.2706766968045942,12.859833183582692,43.85308592733761,336.3480584896855,1.1384040738018473
1,2017,BS_BR_HSA,Blue_Shield,Bronze,0.038029789585700906,370.84,527.8119428250394,115.06564233752388,359.43143352128504,368.8932145601779,0.6,-108.90249304350671,259.9907215166712,0.890243917082108,0.21800499951109703,12.211897200232185,43.85308592733761,326.37836546638385,1.136227272509567
1,2017,BS_G,Blue_Shield,Gold,0.010785497253157748,559.11,778.4350390195867,497.82568959209163,514.3126167836882,236.7562635001575,0.8640000000000001,414.79711459016585,651.5533780903233,2.4727511062465064,0.6395211734290465,16.809408905334415,43.85308592733761,465.90760629472845,1.2000447995397454
1,2017,BS_G3,Blue_Shield,Gold,0.002071743405503923,654.97,883.5040227749304,732.166495809304,584.7419754543355,107.48444103828871,0.8640000000000001,424.7656037592449,532.2500447975336,2.4485809286954217,0.8287075971761828,16.47226487676308,43.85308592733761,422.5675538928863,1.5499770248948737
1,2017,BS_P,Blue_Shield,Platinum,0.0032840792374175167,715.5,982.5667210282426,1425.3678986164598,368.9265684266997,-486.6542635155547,1.035,1630.8541320765623,1144.1998685610076,5.216847088590615,1.4506576175558152,20.614084066903253,43.85308592733761,587.3886921183047,1.2181031225161765
1,2017,BS_P3,Blue_Shield,Platinum,8.021168002744285e-4,809.41,1066.4922483666082,1795.5256373687441,468.34976883386264,-772.8864749294736,1.035,1600.0544014308966,827.167926501423,5.081951342313848,1.6835805793419416,42.75052816902193,43.85308592733761,510.9518262603368,1.5841219434013623
1,2017,BS_SIL,Blue_Shield,Silver,0.06380504235805538,450.37,655.972308485717,286.88389170047486,512.7167140977919,325.23533085790456,0.721,171.56106144590052,496.7963923038051,1.8022663657263265,0.43734146699383336,14.748063406339265,43.85308592733761,380.07396955921615,1.1849535513371474
1,2017,BS_SIL3,Blue_Shield,Silver,0.006705137397856178,540.02,716.0579350918272,354.7080661903001,552.3196100127456,317.4967829741895,0.721,197.99521646723292,515.4919994414224,1.7419432761694853,0.49536224487870856,14.91710176056583,43.85308592733761,350.9439593134934,1.538764197726531
1,2017,HN_BR,Health_Net,Bronze,0.016632589565639726,391.4,519.9239375064516,-36.43696354370805,383.7115854945292,506.556281890046,0.6,-150.53103562950463,356.0252462605414,0.7089861075799327,-0.07008133481689506,39.6912676056372,49.80461916011361,331.6880703090459,1.1800243512988522
1,2017,HN_G,Health_Net,Gold,0.0018299684170201159,647.36,748.0967883212902,-288.9249474111483,558.6869897468848,987.2171165723249,0.8640000000000001,205.1229578362751,1192.3400744086,1.7311771812664905,-0.3862133241602178,45.974035727192835,49.80461916011361,626.1361903166269,1.0338964749388477
1,2017,HN_P,Health_Net,Platinum,9.021240818013744e-4,764.84,895.9223762184629,-486.9772844180909,615.3493114036347,1333.0950414764402,1.035,845.0861897700928,2178.181231246533,3.2662362621462706,-0.543548523113732,34.68112519562069,49.80461916011361,739.2839179801564,1.0345686973546875
1,2017,HN_SIL,Health_Net,Silver,0.00840671173514024,519.39,613.1329589474608,-363.5299196383278,478.94623301967306,926.858259425675,0.721,128.88007863214472,1055.7383380578196,1.4360999257379754,-0.5929055261723071,55.96244366197912,49.80461916011361,501.9040055984732,1.0348393202813282
1,2017,KA_BR,Kaiser,Bronze,0.05611388521369979,291.25,394.2601562385249,-5.367558997033932,216.6639871964321,381.11585873488764,0.6,-142.34917142376136,238.76668731112625,0.750045529145065,-0.013614256759403788,6.25,18.51185650067122,274.2689470001971,1.061913873901994
1,2017,KA_BR_HSA,Kaiser,Bronze,0.05475666108499268,293.65,397.5432937433472,-4.489196883388722,218.49556873048786,383.5206341260647,0.6,-141.84642702837223,241.67420709769243,0.7513942351754385,-0.011292347158261797,6.25,18.51185650067122,276.6466674670138,1.0614622713104382
1,2017,KA_G,Kaiser,Gold,0.030901359915834873,465.46,668.2886030249578,119.07819749036992,485.7978888361953,530.6985490339166,0.8640000000000001,126.24791308995826,656.9464621238749,1.8539936423266437,0.17818379207930746,6.25,18.51185650067122,438.0532184867983,1.0625649586775667
1,2017,KA_G_COIN,Kaiser,Gold,0.04682770402835381,444.76,651.1860505804425,57.49343479296261,470.82886611325773,575.1807592868087,0.8640000000000001,117.84527772158576,693.0260370083944,1.8654723423323267,0.08829033536838687,6.25,18.51185650067122,419.65320279715115,1.059827488591776
1,2017,KA_P,Kaiser,Platinum,0.03273857283265909,513.73,725.9730555112808,179.29729728216194,552.6510631097277,528.1639017284476,1.035,116.091327930043,644.2552296584906,1.9818641305292548,0.2469751403595665,6.25,18.51185650067122,480.96380503689284,1.0681261138987244
1,2017,KA_SIL,Kaiser,Silver,0.1133393645485241,401.6,597.4533774445916,123.88053933979882,376.640152378714,455.0609816041216,0.721,125.4704606385965,580.5314422427181,1.7203836924336757,0.20734762580078914,6.25,18.51185650067122,382.7524736829373,1.049242075787799
1,2018,ANT_BR,Anthem,Bronze,0.04250315782804979,373.18,495.9992029912828,69.02077333847888,223.32794944380163,381.7649720201205,0.6,-114.14010592729784,267.6248660928227,0.7871344371299014,0.1391550085609551,9,45.2134576326834,337.13224293572625,1.1069246796164383
1,2018,ANT_BR_HSA,Anthem,Bronze,0.035794160210992805,398.63,529.8900118829522,79.8342471876295,269.99598625637725,404.8423070626393,0.6,-108.46799660187716,296.37431046076216,0.799423217282074,0.15066192114839136,9,45.2134576326834,360.3490746874038,1.1062328947168913
1,2018,ANT_G,Anthem,Gold,0.0035451090095142586,725.93,1013.2519773707572,861.0829001305499,802.0242758716788,106.95561960752389,0.8640000000000001,433.9577316731842,540.9133512807081,2.3064636700288528,0.8498210902730591,9,45.2134576326834,656.5795883929592,1.1056237702679466
1,2018,ANT_P,Anthem,Platinum,0.0011364023470404113,913.59,1305.8239379517163,1967.595125782193,1031.084020665339,-706.9846454631602,1.035,2040.8229717336528,1333.8383262704926,5.4698099080515865,1.5067843899909776,9,45.2134576326834,829.4251151125872,1.1014737597811808
1,2018,ANT_SIL,Anthem,Silver,0.026137061706729442,601.57,883.9469652103795,645.446280560288,779.248464475555,193.28722701740816,0.721,216.42502309592726,409.7122501133354,1.781482849452179,0.7301866582082462,9,45.2134576326834,538.1229158662142,1.1179044457373748
1,2018,BS_BR,Blue_Shield,Bronze,0.03879545015051701,422.45,574.9275622575856,132.3277000432634,358.99837004035857,398.21532050025974,0.6,-100.39829197348436,297.8170285267754,0.8413054839476402,0.23016412628340202,6.880445129259515,44.38454171406244,354.4168638038877,1.1919579544436059
1,2018,BS_BR_HSA,Blue_Shield,Bronze,0.04085650551505383,415.64,565.192632065217,61.74002862701155,332.5907891887903,459.06806172414304,0.6,-101.693581029954,357.37448069418906,0.8376558219344055,0.10923714345215921,6.972641059046174,44.38454171406244,349.33789119874734,1.1897936366814892
1,2018,BS_G,Blue_Shield,Gold,0.01043349296552765,663.99,965.2739553149132,688.6740173903721,661.0857259117831,232.21539621047862,0.8640000000000001,529.6472024559994,761.862598666478,2.5564352862324378,0.7134492892908288,10.569861774526442,44.38454171406244,522.4960875571421,1.2708037740615303
1,2018,BS_G3,Blue_Shield,Gold,0.0020064788184292145,759.76,1022.57511520422,553.8567643408336,680.6362360078599,424.3338091493239,0.8640000000000001,534.3160908774672,958.6499000267911,2.4540850542463106,0.5416294178352091,24.583804402710314,44.38454171406244,463.960319041935,1.6375538355712898
1,2018,BS_P,Blue_Shield,Platinum,0.0020006944169224995,887.97,1307.4527005041482,1946.1250686463625,516.2039666462381,-683.0569098562767,1.035,1978.2698882181128,1295.2129783618361,5.4033362776650575,1.4884860216327098,14.651061852055784,44.38454171406244,702.9965651805479,1.2631213920255018
1,2018,BS_P3,Blue_Shield,Platinum,3.9084050054133206e-4,1022.3,1277.497034415114,2119.6555201494457,658.5034602221045,-886.5430274483939,1.035,1762.0367162160337,875.4936887676398,4.7407179410331,1.6592253939124824,51.67734499217478,44.38454171406244,621.2082939947919,1.6456637972843464
1,2018,BS_SIL,Blue_Shield,Silver,0.06163205488454034,578.24,900.2269955516841,485.3178681319844,556.8095213931394,370.52458570563726,0.721,225.15313073455067,595.677716440188,1.8788526769797484,0.5391061038272554,10.325269615232568,44.38454171406244,451.28117401651485,1.2813297635563212
1,2018,BS_SIL3,Blue_Shield,Silver,0.009299169433060517,642.82,894.8153005357332,693.7404622343075,703.4869906430863,156.6902965873631,0.721,256.34583559023605,413.03613217759914,1.7944984669087771,0.7752890030143198,18.160140045209346,44.38454171406244,394.04629495050295,1.631331161433065
1,2018,KA_BR,Kaiser,Bronze,0.046088961674485264,311.19,405.2328118830444,14.919129654943774,-513.320415198096,371.29377803381226,0.6,-143.88783935275148,227.40593868106077,0.7024542386266248,0.03681619359897646,6.25,19.019904194288372,293.44614858643143,1.0604671470354714
1,2018,KA_BR_HSA,Kaiser,Bronze,0.046198501997951724,310.38,404.1483525713787,7.828921370641908,-518.550771817816,377.29952700644844,0.6,-143.98232423193025,233.31720277451822,0.7021774123235459,0.01937140488345601,6.25,19.019904194288372,292.67527199223304,1.060492736155164
1,2018,KA_G,Kaiser,Gold,0.08848010722214364,484.34,691.0565472693772,96.19445093789948,-9.807700875925732,575.8421921371894,0.8640000000000001,142.03256865098444,717.8747607881738,1.7589576481079716,0.13919910218346054,6.25,19.019904194288372,461.72324965667036,1.0489833474059342
1,2018,KA_G_COIN,Kaiser,Gold,0.1084458789278637,460.18,648.7255908519369,198.057923296688,-44.41904677172438,431.64776336096054,0.8640000000000001,131.0535365197377,562.7012998806982,1.7194799821362614,0.305303083599013,6.25,19.019904194288372,439.63335272419454,1.0467358701256124
1,2018,KA_P,Kaiser,Platinum,0.17538540127611166,531.64,799.1475434572138,22.736755979459232,115.86444155052929,757.3908832834662,1.035,115.2623827318181,872.6532660152843,1.9654387599191292,0.02845126180466893,6.25,19.019904194288372,504.57316411328793,1.0536430349685322
1,2018,KA_SIL,Kaiser,Silver,0.10222235623452054,478.19,669.8221673780099,238.19727223702267,-92.39086389707815,412.6049909466989,0.721,161.23497612017965,573.8399670668786,1.6044022158959175,0.35561270414419943,6.25,19.019904194288372,456.842973876327,1.046727272486086
2,2014,ANT_BR,Anthem,Bronze,0.053656060496403986,258.72,336.886077596304,2.4282569075082563,181.6357470849327,299.4758106990222,0.6,-157.98424455173412,168.41153828967316,0.7608077288614571,0.0072079467481528745,16.5,34.98200998977356,238.78090289596372,1.0835037344369358
2,2014,ANT_BR_HSA,Anthem,Bronze,0.05259896629994159,260.48,339.32484936126855,-40.29606597791016,188.53224265249926,344.63890534940515,0.6,-157.82822762381346,186.8106777255917,0.7619187670166634,-0.11875365465795344,16.5,34.98200998977356,240.40339230241494,1.0835121647215766
2,2014,ANT_G,Anthem,Gold,0.022555488306769022,416.05,533.0461600526789,204.39065768535337,377.5227761079831,293.673492377552,0.8640000000000001,84.32645971912228,442.3085379984267,1.9910667018684596,0.3834389458225423,16.5,34.98200998977356,377.1074338153343,1.1032665036344405
2,2014,ANT_P,Anthem,Platinum,0.017093698308594564,482.46,603.356920116023,613.6784960896489,199.0055907274668,-45.30358596339943,1.035,923.3749077124827,956.3868312107836,4.682158521680782,1.0171069157069434,16.5,34.98200998977356,433.7489819674643,1.1123023224436974
2,2014,ANT_SIL,Anthem,Silver,0.06873534490902715,346.1,471.3772833643821,121.71348878236026,407.89542602329334,314.6817845922483,0.721,-12.37312273211332,319.93805643155014,1.5574682170141314,0.25820821893165735,16.5,34.98200998977356,315.6313919413501,1.096532248808482
2,2014,BS_BR,Blue_Shield,Bronze,0.0541235425591162,282.05,370.0631977929765,56.267782740743435,213.1490784264958,272.83061497515666,0.6,-152.12306392437924,132.15701548181272,0.7911903347876046,0.15204911776236982,13.952755012442669,40.9648000770764,257.24004469860654,1.0964467073175246
2,2014,BS_BR_HSA,Blue_Shield,Bronze,0.057404617873619807,277.41,364.08349166333045,45.05618169313005,204.36219464689512,278.062509893124,0.6,-152.82069279034724,125.24181710277678,0.78915523091026,0.12375233353011703,14.839365873467559,40.9648000770764,253.07033243156326,1.0961774828940838
2,2014,BS_G,Blue_Shield,Gold,0.03888421297468533,402.06,520.5531232873026,283.5609845530781,300.22634120184046,196.0273386571481,0.8640000000000001,132.7794845971551,367.123822443109,2.165315114655973,0.5447301569576324,18.710659520848907,40.9648000770764,359.3709350564826,1.118788306953115
2,2014,BS_P,Blue_Shield,Platinum,0.033047383404472365,460.71,577.4491871280967,792.9880508551374,81.00533806818396,-256.5036638041171,1.035,859.6401116032629,698.5487374169256,4.493533779772754,1.3732603119575044,22.272103148305725,40.9648000770764,406.653361597191,1.1329305091454145
2,2014,BS_SIL,Blue_Shield,Silver,0.10201231780196111,341.44,469.9083597551831,177.06910959655093,305.3256149471784,251.87445008155575,0.721,-2.200147797450137,279.34158329929846,1.6086130672620536,0.37681625772480815,17.182720545494814,40.9648000770764,306.599014087917,1.1136369796091137
2,2014,HN_BR,Health_Net,Bronze,0.0320096064164342,282.89,369.23094291261737,-25.08799593942541,235.18850141188688,345.0976509375902,0.6,-190.4080424300206,154.68960850756957,0.6510811060255178,-0.06794662370797772,19.750223938460408,49.2212879144526,250.169837060057,1.1307917985815692
2,2014,HN_G,Health_Net,Gold,0.005949538211146208,488.35,599.6650780353017,-62.284394875512874,459.66107865036497,612.728184996362,0.8640000000000001,16.935874713429758,629.6640597097917,1.70244525068046,-0.10386530274462015,19.750223938460408,49.2212879144526,467.7056274663514,1.0441396710265878
2,2014,HN_P,Health_Net,Platinum,0.0033077584268220287,585.84,719.697815937009,-698.2546375618701,507.90040568660487,1368.7311655844264,1.035,456.2910879791919,1825.0222535636183,3.2354143062063505,-0.9702053029753593,19.750223938460408,49.2212879144526,557.5368927540708,1.0507645460125878
2,2014,HN_SIL,Health_Net,Silver,0.014781696833960212,408.76,510.1467197421098,-63.305642533308685,396.7217069917899,524.2310743609659,0.721,-20.47218292180192,503.7588914391639,1.396320531368355,-0.12409301105633112,19.75022393845926,49.2212879144526,392.1347517918447,1.0423967733851358
2,2014,KA_BR,Kaiser,Bronze,0.04272608829647529,270.89,353.3723156432035,23.76462779219284,228.01344660279184,311.7479561615795,0.6,-172.82018623522768,166.07506343601065,0.71155603850809,0.06725096092753273,6.25,17.85973168943113,249.39548978657075,1.0861864431943975
2,2014,KA_G,Kaiser,Gold,0.012035939305922217,448.04,559.6511599099641,216.45127355547802,457.3128994699281,325.34015466505497,0.8640000000000001,-19.050909138793347,336.29402251215316,1.614899913560935,0.38676105592330123,6.25,17.85973168943113,406.95607536316345,1.1009541990500418
2,2014,KA_P,Kaiser,Platinum,0.015662110352528322,481.86,600.7507021465084,210.29628678494484,507.7074755346749,372.5946836721324,1.035,-55.71229724118099,344.64483227503536,1.7136467123837986,0.35005583186760675,6.25,17.85973168943113,435.7266211112285,1.105876888520417
2,2014,KA_SIL,Kaiser,Silver,0.03659728297220002,368.53,484.46480552468415,175.52549646785965,402.6497206907169,291.07957736739337,0.721,-6.8657451149840645,321.31369541579056,1.5204382212549392,0.36230804480784184,6.25,17.85973168943113,336.8966045566472,1.0938964507670892
2,2014,WEST_BR,Western,Bronze,0.011700994427368341,256.84,333.8441592696282,-24.697305712378295,176.30137958165307,330.6503948268431,0.6,-205.51905595390494,141.18152453433694,0.5930650792074292,-0.07397854665605094,3.148605902584934,27.89107015516339,270.3799971212466,0.9499223416472821
2,2014,WEST_BR_HSA,Western,Bronze,0.010617289873829849,265.43,345.845522786048,-17.155272253736996,198.1768500755084,335.1097248846216,0.6,-205.20813369848653,129.90159118613505,0.5973169500599228,-0.04960385814897434,3.148605902584934,27.89107015516339,279.1847067135535,0.9507325924995383
2,2014,WEST_G,Western,Gold,0.0034982126381630104,434.11,546.9199362881569,230.20296524593857,438.89801681568633,288.82590088705496,0.8640000000000001,-15.077649203518774,311.7358843396925,1.6421352794452178,0.4209079793438925,3.148605902584934,27.89107015516339,452.14718301871164,0.9601077178048787
2,2014,WEST_P,Western,Platinum,0.004376186851475815,471,589.8302341673581,486.33854710208306,482.19680968378816,75.60061691011168,1.035,445.5648725488874,595.0142922181827,3.2388958405595796,0.8245398742379314,3.148605902584934,27.89107015516339,489.7886953411331,0.9616391813044052
2,2014,WEST_SIL,Western,Silver,0.007615480083273005,373.01,487.0558656943261,188.49413776034692,401.00698556693845,270.6706577788158,0.721,-26.323484985129934,278.95277296294097,1.4443168436095661,0.38700722245001135,3.148605902585046,27.89107015516339,387.28147635774485,0.9631496024752761
2,2015,ANT_BR,Anthem,Bronze,0.05056696758588766,286.04,379.6405742420445,-20.142037859956275,248.90447897054779,365.89260730069486,0.6,-156.89881493067432,222.99343062454787,0.7673022271470417,-0.05305554576238332,16.5,33.890004801305935,254.55613656493185,1.123681416051965
2,2015,ANT_BR_HSA,Anthem,Bronze,0.0493150122716508,287.94,382.1127357920049,-68.67778868266024,254.5371572217683,416.9005196733592,0.6,-156.5419234033163,260.35859627004294,0.7682470621837031,-0.1797317447174636,16.5,33.890004801305935,255.99328336629134,1.1247951360817436
2,2015,ANT_G,Anthem,Gold,0.014147926241498575,464.14,598.1248334044425,178.1970893009324,419.736346270255,386.03773930220416,0.8640000000000001,134.30547612130758,555.3652934317469,2.009600344624145,0.29792625109153154,16.5,33.890004801305935,401.5716387748698,1.1558087155159067
2,2015,ANT_P,Anthem,Platinum,0.009331477770248453,544.33,703.366712130332,616.1493178424504,235.83932502595368,53.32738948657561,1.035,1099.6124521213683,1229.988815630927,4.798897004386989,0.8760001109183563,16.5,33.890004801305935,467.04039531686084,1.1654880508370213
2,2015,ANT_SIL,Anthem,Silver,0.06223702109703057,378.95,511.3810848831696,124.35213733829809,395.8033685791487,353.13894274356556,0.721,20.822468170410502,399.1555242538757,1.5504877327708648,0.243169215706732,16.5,33.890004801305935,329.5297096820419,1.149972184194387
2,2015,BS_BR,Blue_Shield,Bronze,0.05653662526634147,298.94,399.0809607487667,49.746225895876734,237.30241754023004,306.300523142805,0.6,-150.75810035020393,172.9337896571018,0.793689464082029,0.12465196486081795,14.807041356168124,43.034211710084975,273.6859535379905,1.0922738128703562
2,2015,BS_BR_HSA,Blue_Shield,Bronze,0.06039399644125477,294.03,392.9112885043992,20.654963660088328,229.39809922094625,329.2221131342259,0.6,-151.88493412859708,177.33717900562883,0.7914303100883554,0.05256902579386458,15.845373211925699,43.034211710084975,269.2626000972989,1.09198232466652
2,2015,BS_G,Blue_Shield,Gold,0.03410717998525448,426.15,555.5975098674071,261.550833299941,311.39617323958873,251.01246485738108,0.8640000000000001,182.24755188766687,474.76153181565394,2.166365962472187,0.47075594950445315,19.301587364615624,43.034211710084975,381.60095018064175,1.116742502339865
2,2015,BS_P,Blue_Shield,Platinum,0.027496691789925438,488.31,620.0831983097418,815.5798648846906,85.4431795029416,-238.53087828503374,1.035,1002.9372601329102,864.8757380449273,4.506390718196061,1.3152748971554862,23.43875764559805,43.034211710084975,432.0233774326763,1.1302860574393223
2,2015,BS_SIL,Blue_Shield,Silver,0.12219204017961066,361.89,501.6083223439356,161.605735708129,329.9566474303904,296.9683749257216,0.721,27.82541561979446,356.0923125975293,1.6119494189053072,0.3221751484364757,18.89260552574916,43.034211710084975,325.8977222093585,1.1104404091769622
2,2015,HN_BR,Health_Net,Bronze,0.028496486326722616,307.48,410.710171353056,-75.6148996938187,283.6193769474284,435.50153054946355,0.6,-194.02972059574975,261.8044116436701,0.6601082996237959,-0.18410768704536995,9.184643196305773,50.82354049741116,300.15246783738,1.0244127000368026
2,2015,HN_G,Health_Net,Gold,0.005393019788697003,517.63,666.8709666807873,-27.377643266626933,503.6280148434769,643.4250694500031,0.8640000000000001,44.92911602313184,747.3477226190892,1.7523368201293863,-0.04105388393633855,14.875787030516241,50.82354049741116,498.4427381079661,1.0384944155568736
2,2015,HN_P,Health_Net,Platinum,0.0029909927548612976,621.31,811.5252009555683,-936.1451226467819,571.0869444927189,1696.846783104939,1.035,552.14476622911,2441.7352985645143,3.34138087873425,-1.1535626023005499,17.61512702138848,50.82354049741116,595.3700529549351,1.043569452168983
2,2015,HN_SIL,Health_Net,Silver,0.015658995740816528,433.28,555.7608854470544,-70.94098930639677,437.432384247679,575.87833425604,0.721,3.512426884684854,629.0458821681134,1.4247055330544496,-0.12764660335772243,12.632488618498332,50.82354049741116,416.42265626972915,1.0404813318306865
2,2015,KA_BR,Kaiser,Bronze,0.04860945641099098,280.34,371.5641003664733,-9.239575951166962,254.2995536946329,361.3586187600344,0.6,-175.2859416384888,192.63958912663406,0.7085187583230609,-0.024866707903303836,6.25,19.445057557605885,249.06463426052488,1.1255712832628042
2,2015,KA_G,Kaiser,Gold,0.014225111764331994,455.21,587.9695351301057,157.48340556234228,474.22656568594897,411.0410720101575,0.8640000000000001,1.5435310066321946,423.6444312749723,1.6318671120834713,0.26784279822847357,6.25,19.445057557605885,398.2755879692902,1.1429523017491592
2,2015,KA_P,Kaiser,Platinum,0.01920642122458135,486.27,629.9588621435928,136.38277741883888,529.2611823087213,474.13102716714803,1.035,-38.59476870174354,449.70476756465877,1.7321668587489452,0.21649473579078216,6.25,19.445057557605885,422.9160616198388,1.1498026301897948
2,2015,KA_SIL,Kaiser,Silver,0.05933633252598799,374.75,508.70316067106756,128.69570297166553,418.8850520743263,360.56240014179616,0.721,13.828391936462351,390.4197628655425,1.5382112362970661,0.252987818675814,6.25,19.445057557605885,330.4772945897861,1.1339659520790033
2,2015,WEST_BR,Western,Bronze,0.013906658724220292,267.14,352.62600532418435,-56.10066120577413,197.09744661823572,379.33910503468576,0.6,-211.82608186882084,178.38915930174866,0.5900215823471151,-0.15909394190652038,10.465282274249095,29.38756149527272,280.0614218924523,0.953862185640783
2,2015,WEST_BR_HSA,Western,Bronze,0.012556220426632164,276.05,365.6871477247234,-44.85132552924465,215.8236067397806,381.1509117586953,0.6,-211.70723469697106,169.44367706172423,0.5948402321732602,-0.1226494445000489,10.465282274249095,29.38756149527272,289.25363079249644,0.9543527569340404
2,2015,WEST_G,Western,Gold,0.004909559731947289,434.27,567.6315196321209,173.7712009882469,450.4997049928024,364.47275714860126,0.8640000000000001,2.7813029500298323,385.50385011517574,1.6548889298435125,0.3061338121266894,10.465282274249095,29.38756149527272,441.4967852622999,0.9836311712711421
2,2015,WEST_P,Western,Platinum,0.0061639559767367085,470.94,614.3004691511017,398.0481966985592,494.4452428200332,186.86471095726972,1.035,526.0109684360441,750.114610950469,3.268395007424014,0.6479698725423729,10.465282274249095,29.38756149527272,480.9972518726739,0.9790908329860142
2,2015,WEST_SIL,Western,Silver,0.01985450509425013,361.99,501.1489608213527,90.72682163379535,412.5482097465632,381.03457769228464,0.721,-18.519793624286972,384.5524285739023,1.4704958923085287,0.18103763297263872,10.46528227424892,29.38756149527272,370.60019977946536,0.9767668776633444
2,2016,ANT_BR,Anthem,Bronze,0.05339917732968816,303.08,399.356974691432,8.502365619168252,237.42437582379574,355.85885407173885,0.6,-138.13352561693483,234.74761543187887,0.7541021907602122,0.021290139293892906,14,34.995755000524916,265.25627815182185,1.1425931258318018
2,2016,ANT_BR_HSA,Anthem,Bronze,0.06672139279492052,282.64,369.4913826978443,-52.59650086885636,187.61703879516168,387.09212856617575,0.6,-139.90672107893312,247.18540748724263,0.7405242029215514,-0.1423483830253972,14,34.995755000524916,247.63787435304369,1.1413439916587869
2,2016,ANT_G,Anthem,Gold,0.010367279096384487,510.43,647.0543762862109,290.35962911850464,428.6052926453981,321.6989921671813,0.8640000000000001,230.53521014197162,595.1158698363548,2.0105328426731663,0.44874069283795426,14,34.995755000524916,429.2720239769982,1.1890595507974462
2,2016,ANT_P,Anthem,Platinum,0.006474685729626723,597.15,762.9794253466663,922.0622681656358,230.516135947863,-194.07859781949446,1.035,1375.565729736517,1273.8935368791424,4.827657447206989,1.208502139814175,14,34.995755000524916,495.39185661157364,1.2054093987019507
2,2016,ANT_SIL,Anthem,Silver,0.05785049345277048,405,545.5462278628237,184.21697967988007,418.14023450919944,326.3334931824187,0.721,67.53124909421373,423.9603724618185,1.5144334126052512,0.33767437161384056,14,34.995755000524916,342.8767417802734,1.1811824794448649
2,2016,BS_BR,Blue_Shield,Bronze,0.04458159951943435,339.59,449.5615430912421,84.16923782089302,306.70303386428,322.3369255864188,0.6,-125.9573129169051,204.29691130632372,0.7918804788718896,0.18722517331472502,14.927010957543,43.05537968393028,284.31944784571454,1.1943959605052339
2,2016,BS_BR_HSA,Blue_Shield,Bronze,0.04278064449339208,342.58,452.9316827641283,78.68993528028543,311.96858171958866,331.1863677999126,0.6,-125.06978150351152,206.11658629640107,0.7927874804641554,0.17373466744490143,15.870377607253454,43.05537968393028,286.6356603041531,1.1951757839079882
2,2016,BS_G,Blue_Shield,Gold,0.01549915452768159,501.81,629.5815725930191,398.4596452250162,382.1128651379141,188.0665476840727,0.8640000000000001,299.14706018695546,514.1390846341225,2.165364199747967,0.6328959781715097,20.62593903867895,43.05537968393028,396.7920290840679,1.264667541730487
2,2016,BS_P,Blue_Shield,Platinum,0.005190377224482887,639.74,776.7525110404499,1196.3250043590904,206.53377999292192,-462.6278730025708,1.035,1302.63472417806,956.8719608075497,4.577082194936414,1.5401623906649862,25.23896822676762,43.05537968393028,493.12624729708347,1.2973148428146621
2,2016,BS_SIL,Blue_Shield,Silver,0.09434220697084496,396.47,543.2557854781605,218.7854468454751,393.763094619821,281.41495894875516,0.721,79.96788847328288,381.2911132989007,1.5697494603431987,0.40273008165556023,18.04361377551986,43.05537968393028,318.87317848941336,1.2433469690934287
2,2016,HN_BR,Health_Net,Bronze,0.036541470369698716,311.05,414.81321860655646,-46.06607499840817,262.18910963865727,409.42114390862866,0.6,-183.84036632939876,244.15228511745264,0.6456183672312285,-0.11105257241597473,8.829759925808705,51.458149696335965,273.68588406343866,1.1365218964961328
2,2016,HN_G,Health_Net,Gold,0.008074742619931735,510.25,657.076489996929,-205.68552716201344,493.3533686910794,811.3038674626065,0.8640000000000001,109.37430748185622,996.47533217455,1.7337711194973529,-0.31303132937076283,14.418044905235767,51.458149696335965,510.552018371248,0.9994084474051999
2,2016,HN_P,Health_Net,Platinum,0.004923405822511897,599.56,775.2096777966526,-1144.105611870351,532.2513938755392,1867.8571399706675,1.035,708.2893260716837,2788.2342335688536,3.2976548380305974,-1.4758660071455718,14.347792538743194,51.458149696335965,599.3584832200625,1.000336220785355
2,2016,HN_SIL,Health_Net,Silver,0.04302030629040286,406.24,555.7684373272181,-349.1437431816158,427.69384999721046,853.4540308124979,0.721,22.71571380427979,948.3026328510072,1.4191719447739215,-0.6282180126325733,11.771114890380073,51.458149696335965,406.1648744639217,1.0001849631536393
2,2016,KA_BR,Kaiser,Bronze,0.04957397117624181,299.6,394.2492798026351,10.193223416951149,254.0360274111346,365.4014085519198,0.6,-158.45748970561144,214.66957557160418,0.6983420962270216,0.02585476737472792,6.25,18.654647833764137,267.722011214081,1.119071228552919
2,2016,KA_BR_HSA,Kaiser,Bronze,0.053952127057794355,291.88,382.961045115186,-2.2480043673635706,233.95405500320706,366.5544016487854,0.6,-159.0045168986724,207.549884750113,0.6935837347415049,-0.00587006014329061,6.25,18.654647833764137,260.60436974969343,1.1200119179902714
2,2016,KA_G,Kaiser,Gold,0.016963667116660835,468.34,605.1753302446499,199.68044060391256,470.1958074708813,386.8402418069732,0.8640000000000001,61.75480445898809,469.58428714974116,1.6210435090959625,0.3299546934988067,6.25,18.654647833764137,412.94792433637383,1.1341381622214077
2,2016,KA_P,Kaiser,Platinum,0.020472374950466662,506.94,654.2121630183044,202.521364656492,529.0810933731697,433.03615052804827,1.035,32.18756238742363,487.3237174593232,1.7245117341316545,0.30956526965522896,6.25,18.654647833764137,444.2071250861869,1.1412243779332476
2,2016,KA_SIL,Kaiser,Silver,0.06542008244769172,393.42,539.544784752669,171.5800411096266,463.857379583062,349.31009580927827,0.721,56.2919539805544,427.6595417736777,1.5095484269687933,0.31800889556977197,6.25,18.654647833764137,349.96075282340485,1.1241832029048278
2,2016,WEST_BR,Western,Bronze,0.015348721451540131,283.13,370.34230258503317,-37.840153286691326,201.84665420398898,378.56772224406575,0.6,-200.87441169605867,191.72644004537347,0.5783450010438478,-0.10217615709186494,18.423216556829136,29.614733627658744,294.3956743278628,0.9617328809141521
2,2016,WEST_BR_HSA,Western,Bronze,0.014306698566788182,289.89,380.4879736700792,-35.596468861961476,214.33819072222644,386.46970890438195,0.6,-200.880060594319,185.58964831006298,0.5821617952996843,-0.09355478050622211,18.423216556829136,29.614733627658744,302.60811723292323,0.9579716586943573
2,2016,WEST_G,Western,Gold,0.006851193688809225,442.75,584.080524673345,194.51146749439343,466.3463036137849,359.9543235512929,0.8640000000000001,56.776765203579444,441.89606209595615,1.6394608615500155,0.3330216627290845,18.423216556829136,29.614733627658744,453.8019776254366,0.9756458143191284
2,2016,WEST_P,Western,Platinum,0.008627191236607597,480.17,630.0190825722256,473.63772130526996,506.32553194583903,126.76662763929687,1.035,672.7114792160475,848.293208072216,3.2394686748739105,0.7517831354750624,18.423216556829136,29.614733627658744,493.7717910999044,0.9724532844016754
2,2016,WEST_SIL,Western,Silver,0.030809992647973256,369.33,525.5486812684427,102.18480488509798,423.11336709378577,393.74914275568597,0.721,12.519393720403048,435.3440471101683,1.44732250066281,0.19443451867954256,18.423216556827434,29.614733627658744,380.30110715817744,0.9711515245375968
2,2017,ANT_BR,Anthem,Bronze,0.03866286240986794,371.9,497.7292454839284,39.79843505778419,368.3694638786934,420.8426413285733,0.6,-133.9826508579609,286.8599904706124,0.7725524230023331,0.07996000921964967,10.5,37.088169097570955,299.5828221887004,1.2413929386303353
2,2017,ANT_BR_HSA,Anthem,Bronze,0.043103992253519754,364.28,488.5181024712751,4.689782109505558,354.6040913455447,446.7401512641986,0.6,-136.16937660105776,310.5707746631408,0.769543689645752,0.009600017042933055,10.5,37.088169097570955,293.94530716004124,1.2392781620482356
2,2017,ANT_G,Anthem,Gold,0.002926911223109166,667.54,850.0131763666635,446.13999413581587,606.8379714836095,366.7850131332767,0.8640000000000001,329.77585311702967,696.5608662503064,2.114766891521363,0.52486244512446,10.5,37.088169097570955,510.94308898027765,1.3064860145818842
2,2017,ANT_P,Anthem,Platinum,0.0014846941192954604,794.09,1056.2872128386734,962.1897514837462,548.7639497422518,57.009292257356265,1.035,1727.8433036522993,1784.8525959096555,5.215458726009746,0.910916784553276,10.5,37.088169097570955,604.323066214455,1.3140157051662211
2,2017,ANT_SIL,Anthem,Silver,0.013054245262455844,528.13,657.9972278263403,290.1832482171666,523.1703694661843,330.72581051160284,0.721,137.59321870749662,468.3190292190995,1.5053525587435133,0.44100983400153804,10.5,37.088169097570955,398.6929583672539,1.3246534429973953
2,2017,BS_BR,Blue_Shield,Bronze,0.03345313017451441,401.4,534.4558060422614,148.55843652856842,416.1640127324955,342.0442835863554,0.6,-120.09709900687233,221.94718457948304,0.8000999623381118,0.27796205944261243,12.384793794015215,43.85308592733761,336.3480584896855,1.1934066211127226
2,2017,BS_BR_HSA,Blue_Shield,Bronze,0.04072941193874495,388.77,523.6603088152284,119.25824707840363,397.0794231961348,360.54897580948716,0.6,-125.38302224911999,235.1659535603672,0.8001224811202132,0.22773971040162116,12.860851936988178,43.85308592733761,326.37836546638385,1.1911635118475472
2,2017,BS_G,Blue_Shield,Gold,0.009248186662020666,586.14,756.4108765289747,497.61163791830154,477.0302340256003,214.94615268333558,0.8640000000000001,379.73726788734444,594.68342057068,2.2438618267456647,0.6578589141945532,15.72509887936513,43.85308592733761,465.90760629472845,1.2580605941625553
2,2017,BS_G3,Blue_Shield,Gold,0.0026678257010927147,650.65,828.1906975337901,692.6281213953728,518.0305830477337,91.7094902110797,0.8640000000000001,407.04807389421774,498.75756410529743,2.285045514825045,0.8363147804701268,19.610536954772634,43.85308592733761,422.5675538928863,1.5397538074230108
2,2017,BS_P,Blue_Shield,Platinum,0.0028873266867134283,750.08,980.2294383302851,1458.7312706070586,329.37122741736835,-522.3549182041111,1.035,1609.7060293729771,1087.351111168866,4.941625388878141,1.4881528890744697,21.811476111033837,43.85308592733761,587.3886921183047,1.2769738506456096
2,2017,BS_P3,Blue_Shield,Platinum,0.0010545374110166044,804.08,1037.2403013653595,1813.5906328671886,381.7818159697408,-820.2034174291666,1.035,1628.7836663845446,808.580248955378,4.960583949998366,1.7484768288311676,20.64347992957535,43.85308592733761,510.9518262603368,1.5736904316108864
2,2017,BS_SIL,Blue_Shield,Silver,0.05004904342786789,472.13,632.6814151589103,279.4369783060983,487.37342653905523,309.39135092547446,0.721,127.21245743479767,436.6038083602721,1.5709567945303566,0.44167091305489387,14.650637577927897,43.85308592733761,380.07396955921615,1.2422055647418953
2,2017,BS_SIL3,Blue_Shield,Silver,0.008945846520375916,536.46,671.7627601408543,321.78663700592193,504.70577143127275,306.1230372075948,0.721,158.58334632052572,464.7063835281205,1.5600151729163187,0.47901827266883645,16.168859839787768,43.85308592733761,350.9439593134934,1.5286201279811393
2,2017,HN_BR,Health_Net,Bronze,0.027240705973737307,379.47,514.1000833206535,-55.33603053794584,384.2842583063141,519.6314946984858,0.6,-186.49887470726023,333.13261999122557,0.6606024719607916,-0.10763668852282943,11.44061811559258,49.80461916011361,331.6880703090459,1.144056823166519
2,2017,HN_G,Health_Net,Gold,0.003458921819863268,627.62,810.6818129785003,-296.065930660311,627.8773469052448,1056.9431244786977,0.8640000000000001,174.71245994110535,1231.655584419803,1.791949778396117,-0.36520608445938185,15.443724530516198,49.80461916011361,626.1361903166269,1.002369787446119
2,2017,HN_P,Health_Net,Platinum,0.0018394200044334911,741.53,984.016532533952,-484.6406100838043,705.0969410294216,1418.8525234576427,1.035,895.7522701302267,2314.6047935878696,3.484229128728836,-0.4925126703265857,17.504285633799554,49.80461916011361,739.2839179801564,1.0030381859597057
2,2017,HN_SIL,Health_Net,Silver,0.015932411231689873,503.56,652.0652718055825,-358.1536999978854,526.3704825063651,960.4143526433543,0.721,74.732431541576,1035.1467841849303,1.4063285385764286,-0.5492605042531252,15.624198451001009,49.80461916011361,501.9040055984732,1.0032994245573956
2,2017,KA_BR,Kaiser,Bronze,0.07993193034668407,306.58,406.2438862419603,2.046835833055873,229.71590202410056,385.6851939082332,0.6,-167.24689945641092,218.4382944518223,0.6823187446258152,0.005038440952282468,6.25,18.51185650067122,274.2689470001971,1.1178079157454879
2,2017,KA_BR_HSA,Kaiser,Bronze,0.0777221588893312,309.1,409.9269225668372,3.2449688699442802,237.1864939857008,388.1700971962217,0.6,-166.9619540818291,221.20814311439264,0.6839069359570422,0.00791596914304939,6.25,18.51185650067122,276.6466674670138,1.117309681805062
2,2017,KA_G,Kaiser,Gold,0.023796445210270273,489.96,647.5502158211998,132.49729352234374,468.57244693291346,496.54106579818483,0.8640000000000001,82.04030393368626,578.5813697318711,1.6197115533813093,0.20461315630065147,6.25,18.51185650067122,438.0532184867983,1.118494236139863
2,2017,KA_G_COIN,Kaiser,Gold,0.035284380054438694,468.16,629.2615047402877,74.59791437715535,456.63934008503173,536.1517338624611,0.8640000000000001,69.61741954267005,605.7691534051312,1.6167139644401038,0.11854835202090395,6.25,18.51185650067122,419.65320279715115,1.1155878160336494
2,2017,KA_P,Kaiser,Platinum,0.023546996127105087,540.77,708.3273913001846,183.6001478452066,539.0768888680013,506.2153869543067,1.035,60.6113316728033,566.82671862711,1.729549996819849,0.25920238310733074,6.25,18.51185650067122,480.96380503689284,1.1243465606700271
2,2017,KA_SIL,Kaiser,Silver,0.09826342492961591,422.74,603.1271338726286,139.70741117230608,462.72950673197266,444.9078661996513,0.721,78.06305115387119,522.9709173535225,1.5395572390145873,0.23163841141627395,6.25,18.51185650067122,382.7524736829373,1.1044735934226446
2,2017,WEST_BR,Western,Bronze,0.021393367131935393,302.85,400.77129731884696,-46.47493330389091,218.04270049351754,416.87389169345,0.6,-213.34842000984156,203.5254716836084,0.5708326416559317,-0.11596372698046843,15.217635438997158,30.37233892928788,317.21870736051073,0.9547040983803611
2,2017,WEST_BR_HSA,Western,Bronze,0.01983066986911457,310.04,411.7715158566127,-31.575376042153326,248.64804642552457,412.97455296947817,0.6,-213.22120175484795,199.75335121463024,0.5750470972336119,-0.07668178789993944,15.217635438997158,30.37233892928788,325.957851006995,0.9511659223491035
2,2017,WEST_G,Western,Gold,0.008234520847572114,473.87,634.3124632510039,191.75776277462552,511.13631919456424,412.1823615470905,0.8640000000000001,81.51161219970842,493.6939737467989,1.6369791772893334,0.3023080482950325,15.217635438997158,30.37233892928788,489.9112408800547,0.9672568425838955
2,2017,WEST_P,Western,Platinum,0.009999474349691036,513.73,682.4021240211225,488.7296252306898,548.7853384106934,163.30015986114483,1.035,775.3800372659377,938.6801971270826,3.235964288190242,0.7161900703807922,15.217635438997158,30.37233892928788,532.917244181987,0.9639958278861123
2,2017,WEST_SIL,Western,Silver,0.05110977035585202,395.04,587.2055197672729,121.66441746868179,466.99456819509095,435.16876336930324,0.721,27.260691001878858,462.4294543711821,1.478695517762938,0.207192223800793,15.217635438995831,30.37233892928788,408.3365916523738,0.9674371782392369
2,2018,BS_BR,Blue_Shield,Bronze,0.0397820084591269,458.01,612.1873043033346,184.49053874146801,460.8787016573521,383.31222384780415,0.6,-99.43739813664244,283.8748257111617,0.7994808678066376,0.30136289570953634,7.688057257619647,44.38454171406244,354.4168638038877,1.292291780600582
2,2018,BS_BR_HSA,Blue_Shield,Bronze,0.04337282959313562,450.63,602.703616274316,116.52122568945396,447.03175387972067,441.7978488707996,0.6,-101.01996529875319,340.7778835720464,0.7963450959128309,0.19333088858789957,7.939350672646935,44.38454171406244,349.33789119874734,1.2899545435900768
2,2018,BS_G,Blue_Shield,Gold,0.005183641024041401,719.89,966.3714247215506,652.6768940476242,643.8374747030705,269.30998895986403,0.8640000000000001,437.2483255130389,706.5583144729029,2.359536479023849,0.675389273058944,10.610354581042733,44.38454171406244,522.4960875571421,1.377790221101455
2,2018,BS_G3,Blue_Shield,Gold,0.0017547874164472654,782.35,993.439564527619,491.236434653241,665.1067301685514,457.81858816031564,0.8640000000000001,443.46488999656157,901.2834781568772,2.2982025232989844,0.4944804416832585,19.45406936619462,44.38454171406244,463.960319041935,1.6862433442918798
2,2018,BS_P,Blue_Shield,Platinum,0.0011921587239578297,962.73,1313.8156578822257,1716.3638509966515,630.4495447759455,-446.93273482848826,1.035,1663.3729194797525,1216.4401846512642,5.054522911462204,1.306396251787183,15.89376187122638,44.38454171406244,702.9965651805479,1.3694661505959786
2,2018,BS_P3,Blue_Shield,Platinum,3.6049420479919615e-4,1052.7,1289.6648463254712,1951.8970375310987,690.1351156617601,-706.6167329196899,1.035,1577.2036132091855,870.5868802894956,4.712464902900784,1.5134916975464343,22.28956338027819,44.38454171406244,621.2082939947919,1.6946006841448027
2,2018,BS_SIL,Blue_Shield,Silver,0.013133531894588235,626.92,807.1825287350406,438.00597233816916,642.768727224635,324.792014682809,0.721,189.39899216790474,514.1910068507137,1.6067440440288403,0.5426355957240317,10.726530030432738,44.38454171406244,451.28117401651485,1.3892004277959478
2,2018,BS_SIL3,Blue_Shield,Silver,0.004858515672331421,661.93,817.7691149551663,607.5002647092268,628.4356479023432,165.884308531877,0.721,202.99183829073323,368.8761468226102,1.591166035078124,0.7428750408879561,16.766596372731005,44.38454171406244,394.04629495050295,1.6798280011315585
2,2018,HN_BR,Health_Net,Bronze,0.03240956802408275,433.84,572.8774956477208,106.05592966632302,403.740194851031,416.79388670233345,0.6,-159.33142416557996,257.4624625367535,0.6434546856952831,0.18512846196971217,11.815808603725008,50.027679279064344,321.2013970874709,1.3506790566102513
2,2018,HN_G,Health_Net,Gold,0.0031475099598375373,717.89,944.39198036168,383.7154462834632,722.323073080223,510.64885479915245,0.8640000000000001,206.64744218539977,717.2962969845522,1.8201687361000256,0.40630951370056023,11.815808603725008,50.027679279064344,510.93753171896685,1.4050445610929676
2,2018,HN_P,Health_Net,Platinum,0.0015939018281429906,847.57,1154.9040376227688,304.70821371244705,801.6219515162844,800.1681446312574,1.035,931.6940385166914,1731.8621831479488,3.527812221854202,0.2638385560930693,11.815808603725008,50.027679279064344,653.2293658246082,1.2975074978909815
2,2018,HN_SIL,Health_Net,Silver,0.005746677877200572,650.73,810.3539793322454,276.81091883094336,662.9369280173876,483.51538122223775,0.721,127.22980139597455,610.7451826182123,1.4238818014894055,0.34159259520024,11.81580860372415,50.027679279064344,428.84262057241665,1.5174098113928354
2,2018,KA_BR,Kaiser,Bronze,0.09660012288276286,327.57,417.24858590095727,45.26338907947461,63.18189478184725,352.9652926271943,0.6,-141.83755806088374,211.12773456631055,0.6491006669486862,0.10848062907568205,6.25,19.019904194288372,293.44614858643143,1.1162865881114734
2,2018,KA_BR_HSA,Kaiser,Bronze,0.09727856060430332,326.72,416.0324122481131,38.553979942457985,27.889882034131674,358.4585281113667,0.6,-141.9358573694158,216.5226707419509,0.6485480060240418,0.0926706160563884,6.25,19.019904194288372,292.67527199223304,1.1163225296623982
2,2018,KA_G,Kaiser,Gold,0.06695142906192308,509.83,726.835017539789,111.39921129845588,389.59175058881334,596.4159020470447,0.8640000000000001,85.56491930300977,681.9808213500545,1.6655722877868964,0.15326615890841772,6.25,19.019904194288372,461.72324965667036,1.1041895775859263
2,2018,KA_G_COIN,Kaiser,Gold,0.11184452154563851,484.4,702.4178504761547,210.48183812595232,353.1998749428862,472.91610815591406,0.8640000000000001,71.06128563550993,543.977393791424,1.6586939358532238,0.29965331601876427,6.25,19.019904194288372,439.63335272419454,1.1018272317111708
2,2018,KA_P,Kaiser,Platinum,0.06587569404191951,559.62,781.264965362796,40.95176977281851,463.27178994553003,721.2932913956892,1.035,71.57883126882498,792.8721226645141,1.774906072372246,0.05241726122174407,6.25,19.019904194288372,504.57316411328793,1.109095845363573
2,2018,KA_SIL,Kaiser,Silver,0.09942953474121138,503.36,732.7152556909373,258.51446630328803,384.14596004351836,455.1808851933609,0.721,103.26325466270663,558.4441398560675,1.558661343207715,0.3528170927183897,6.25,19.019904194288372,456.842973876327,1.10182278985047
2,2018,WEST_BR,Western,Bronze,0.022462784510667487,342.28,439.1101379815632,9.466768178055148,247.20602822544691,398.46930851028515,0.6,-184.94344447354922,213.52586403673595,0.5529151789989297,0.02155898340578196,17.754232685169022,31.17406129322289,355.8367362345828,0.9619018081774287
2,2018,WEST_BR_HSA,Western,Bronze,0.02090838021004398,350.35,449.87412341866064,26.14814642720252,255.21957327975667,392.55191569823523,0.6,-183.91159433419915,208.6403213640361,0.5562980406070428,0.0581232506295291,17.754232685169022,31.17406129322289,365.6059455578668,0.9582721623014413
2,2018,WEST_G,Western,Gold,0.01054208071092129,535.39,746.0566483815677,202.93528776265276,632.9874352514104,511.94729932569203,0.8640000000000001,109.28139639204836,621.2286957177404,1.6848930421841153,0.27201056140024144,17.754232685169022,31.17406129322289,547.1566704452443,0.9784948789244051
2,2018,WEST_P,Western,Platinum,0.011464957576573209,580.72,802.2317600855708,444.152727356993,676.0663029811091,326.9049714353549,1.035,838.228689122864,1165.133660558219,3.3550337678765283,0.5536464017700035,17.754232685169022,31.17406129322289,595.5333485277064,0.9751259126557257
2,2018,WEST_SIL,Western,Silver,0.0167060813888686,524.18,740.0107944103569,235.99803382408123,667.7898164499103,472.83869929305274,0.721,76.27538303813131,549.114082331184,1.4561252996457479,0.31891160994769713,17.75423268516903,31.17406129322289,534.5476668734814,0.9806047850996695
3,2014,ANT_BR,Anthem,Bronze,0.058436398054962375,250.45,312.49987327821543,-6.121579270897627,156.2318116384755,283.6394425593395,0.6,-151.22253095297168,157.61035365162297,0.7090204860264995,-0.01958906161042711,16.5,34.98200998977356,238.78090289596372,1.048869473908977
3,2014,ANT_BR_HSA,Anthem,Bronze,0.057298273998989055,252.15,314.7805706322109,-46.14309847501502,162.85217984983814,325.9416591174524,0.6,-151.11184556498566,174.82981355246673,0.7100574580655608,-0.14658814037454854,16.5,34.98200998977356,240.40339230241494,1.0488620713089125
3,2014,ANT_G,Anthem,Gold,0.02659153625036139,402.75,488.7065477644847,165.1475751388592,342.7371965591643,288.57696263585194,0.8640000000000001,61.18165701344989,409.2625484509726,1.8332421227536921,0.3379278953685032,16.5,34.98200998977356,377.1074338153343,1.0679980395115272
3,2014,ANT_G3,Anthem,Gold,9.615824184693039e-4,601.41,661.6828175368577,585.6050150328692,461.3613757147152,41.09579251421491,0.8640000000000001,98.2762904203758,227.52699920424553,1.8055229502032328,0.8850237598927062,16.5,34.98200998977356,348.9010623503001,1.7237264797897875
3,2014,ANT_P,Anthem,Platinum,0.020723627394287333,467.03,547.3287377282089,501.8604342849576,189.75929849826468,10.486293453477742,1.035,793.9834554481341,876.220706564433,4.26589708045932,0.916926884504592,16.5,34.98200998977356,433.7489819674643,1.0767287519190814
3,2014,ANT_P3,Anthem,Platinum,6.539013247668888e-4,687.4,770.8016911020504,1177.3262339830374,333.19567074143333,-441.5065528707606,1.035,837.0845360112742,499.5724724860964,4.32502262092552,1.527404840406824,16.5,34.98200998977356,394.72597234348115,1.741461287482347
3,2014,ANT_SIL,Anthem,Silver,0.07552131385352812,335.03,431.8111899225158,95.81396837720095,312.64458472622255,301.01521155554127,0.721,-18.887525116564042,298.5802097413176,1.44713118553254,0.22188857216598257,16.5,34.98200998977356,315.6313919413501,1.0614596917604904
3,2014,ANT_SIL3,Anthem,Silver,0.002721071453780117,480.59,537.5674897553033,354.8111988122763,391.86097849822784,147.77428095325348,0.721,25.253370286137073,176.56697150823513,1.4021068315625933,0.6600309832236761,16.5,34.98200998977356,279.52863190571867,1.719287204046048
3,2014,BS_BR,Blue_Shield,Bronze,0.05522769985654755,277.97,350.2086901804578,49.934071917299725,201.89823406494784,259.30981818608166,0.6,-145.88359857502593,124.18502844843553,0.7405308780751692,0.14258376024755232,13.204893547033848,40.9648000770764,257.24004469860654,1.0805860352173458
3,2014,BS_BR_HSA,Blue_Shield,Bronze,0.058650813206613146,273.4,344.3587058651317,39.38480589238544,193.1982597688078,264.00909989566986,0.6,-146.32895480442252,117.68014509124734,0.7385805296762803,0.11437145401461266,12.775101541684379,40.9648000770764,253.07033243156326,1.0803320854448017
3,2014,BS_G,Blue_Shield,Gold,0.04037464462594291,396.25,483.43885575190336,245.2517659783171,285.8966705096974,197.22228969650985,0.8640000000000001,107.54481836467299,340.28267588540444,1.9973464723746785,0.5073066905159527,17.799382570424523,40.9648000770764,359.3709350564826,1.1026211675624826
3,2014,BS_P,Blue_Shield,Platinum,0.035212539815790034,454.04,533.1540731318349,682.3188899863,98.32097397931557,-190.12961693154136,1.035,745.6908703123959,643.4474545902418,4.117533787300736,1.2797780686139117,19.909069164561977,40.9648000770764,406.653361597191,1.116528333164863
3,2014,BS_SIL,Blue_Shield,Silver,0.09647237587916746,336.5,435.32682215372154,154.3382312257014,254.1900401479968,240.02379085094373,0.721,-7.074225591582479,260.62954734679465,1.4942609355067336,0.35453416461253995,16.102993359701923,40.9648000770764,306.599014087917,1.0975247294941037
3,2014,KA_BR,Kaiser,Bronze,0.049270142428467584,257.35,321.13046931092896,9.140129873656434,197.2830300978441,294.1306077478414,0.6,-164.46212776311071,155.0064544369435,0.6612280206880534,0.028462356416284695,6.25,17.85973168943113,249.39548978657075,1.0318951646649128
3,2014,KA_G,Kaiser,Gold,0.01587006973153584,425.63,504.31492478076655,171.0494830468601,417.7749477213632,315.4057100444753,0.8640000000000001,-33.77721851234506,309.21744610601877,1.4769786487269851,0.3391719630768769,6.25,17.85973168943113,406.95607536316345,1.0458868309563192
3,2014,KA_P,Kaiser,Platinum,0.022381678195898726,457.77,538.6837395322264,163.0944702660843,459.75772823417276,357.7295375767109,1.035,-66.11660378044972,317.1614925948021,1.5686890187166307,0.3027647918381752,6.25,17.85973168943113,435.7266211112285,1.0505899291453769
3,2014,KA_SIL,Kaiser,Silver,0.04544312206143911,350.1,441.4214186838341,139.75531125981288,361.57981234082797,283.80637573459006,0.721,-17.34785896411611,301.2406891670756,1.41962343219216,0.3166029226142104,6.25,17.85973168943113,336.8966045566472,1.0391912392846119
3,2014,WEST_BR,Western,Bronze,0.0083287076271638,282.24,353.2501481197198,13.84498047963342,230.65190788885877,311.514097484923,0.6,-191.5446586155102,135.35752457912568,0.5670801664420794,0.03919313425154241,3.1486059025848427,27.89107015516339,270.3799971212466,1.0438642022524875
3,2014,WEST_BR_HSA,Western,Bronze,0.007286846509833846,291.68,365.0486099417375,22.13232749774204,247.66728120909357,315.02521228883205,0.6,-190.7053912396382,124.31982104919386,0.5700577340658252,0.06062843932284636,3.1486059025848427,27.89107015516339,279.1847067135535,1.0447563673294855
3,2014,WEST_G,Western,Gold,0.0015797468799858454,477.05,544.5231336843658,253.96456926437878,442.1624757354345,262.66749426482363,0.8640000000000001,-13.227536656193232,284.05436490120394,1.487502337296773,0.4663981262761005,3.1486059025848427,27.89107015516339,452.14718301871164,1.0550767933906553
3,2014,WEST_P,Western,Platinum,0.0018446102300689645,517.58,588.2629676093043,473.4532826254107,486.25105193073256,86.9186148287302,1.035,388.53056457448713,542.8200114746417,2.9375964418236857,0.8048327171596757,3.1486059025848427,27.89107015516339,489.7886953411331,1.0567414171115372
3,2014,WEST_SIL,Western,Silver,0.0029958702584568144,409.9,481.3007038043523,212.4651646185759,394.01384891747625,240.944469030613,0.721,-16.019565021819595,256.7798307805818,1.3225354015023671,0.44143954691772597,3.148605902584949,27.89107015516339,387.28147635774485,1.0584033190922915
3,2015,ANT_BR,Anthem,Bronze,0.05878848354920186,262.27,329.6735977168486,-45.28601662541675,170.658232432943,341.0696095409594,0.6,-150.08488466464414,203.77800945232352,0.6971804787639689,-0.1373662220421794,16.5,33.890004801305935,254.55613656493185,1.0303031918191472
3,2015,ANT_BR_HSA,Anthem,Bronze,0.057614680095878404,264.03,332.0165248112546,-89.76424229981282,177.68946377555343,387.8907623097615,0.6,-149.9215292160375,237.969233093724,0.6981819630093232,-0.270360766985445,16.5,33.890004801305935,255.99328336629134,1.0313942480366143
3,2015,ANT_G,Anthem,Gold,0.022597245198976004,425.57,519.8310810596777,105.43719064352953,358.4042916846249,380.5038856148422,0.8640000000000001,95.63206752047643,508.1826292501563,1.828524887845249,0.2028297162004923,16.5,33.890004801305935,401.5716387748698,1.0597610959238688
3,2015,ANT_G3,Anthem,Gold,5.356752436735254e-4,707.46,780.547857701536,618.644648214797,561.6143580330707,128.013204685433,0.8640000000000001,154.42664767321477,300.80411463176387,1.8575901693885724,0.792577472490294,16.5,33.890004801305935,365.18020849483946,1.937290092789893
3,2015,ANT_P,Anthem,Platinum,0.015420915645285938,499.1,594.9156764202904,441.7839948136302,196.63656683321713,119.24167680535425,1.035,924.9679895026725,1113.9923909137688,4.319059790048528,0.7425993503346898,16.5,33.890004801305935,467.04039531686084,1.068644179399918
3,2015,ANT_P3,Anthem,Platinum,3.244721332016202e-4,818.96,915.2523809749764,1255.092353355188,483.6135352280022,-373.72997718151737,1.035,984.870413998721,650.876837946078,4.383892168810303,1.3713073895729126,16.5,33.890004801305935,416.91292992636585,1.964343010768802
3,2015,ANT_SIL,Anthem,Silver,0.10518499728896934,347.46,463.4198817436887,73.75366778495336,338.0039930832743,355.7762091574294,0.721,-0.014365369526749112,379.72983608020337,1.4703618934650504,0.159150849349501,16.5,33.890004801305935,329.5297096820419,1.0544117564855038
3,2015,ANT_SIL3,Anthem,Silver,0.0016931130097885571,554.26,613.4230653317143,426.0093560168493,441.87793988718045,153.52370451355904,0.721,62.64695366000193,230.2260920276207,1.4189929324567074,0.6944788680003103,16.5,33.890004801305935,286.90254957289324,1.9318754776669538
3,2015,BS_BR,Blue_Shield,Bronze,0.051733228542482926,294.62,372.9968003721352,43.64229059230169,225.07173374713162,286.32029806974856,0.6,-142.37053840284463,160.0449383035512,0.730929454039929,0.11700446370789296,14.44060075375326,43.034211710084975,273.6859535379905,1.0764892980125254
3,2015,BS_BR_HSA,Blue_Shield,Bronze,0.05513932398266591,289.78,367.17862442236867,16.73103908916781,217.19630389314815,307.4133736231159,0.6,-143.2430342242856,164.1703393988303,0.7290860366055097,0.04556648447465709,14.60474455760421,43.034211710084975,269.2626000972989,1.0761984764883317
3,2015,BS_G,Blue_Shield,Gold,0.03307160821960025,419.98,511.23483711999904,217.61011605330205,305.68745595251914,250.59050935661202,0.8640000000000001,147.67287651205964,436.41261098035665,1.9807494242919435,0.42565588307555763,18.931904121481917,43.034211710084975,381.60095018064175,1.100573779497117
3,2015,BS_P,Blue_Shield,Platinum,0.02731874233018204,481.24,564.9909821639833,681.1999706347345,112.64819656452582,-159.2432001808362,1.035,860.1567865872736,793.0377999769554,4.109379427656736,1.2056829084698961,21.833833272359072,43.034211710084975,432.0233774326763,1.11392120227335
3,2015,BS_SIL,Blue_Shield,Silver,0.11164269080500358,356.66,469.6288987210326,139.01978307573646,323.70710457123016,287.5749039352112,0.721,17.08923263687782,334.02287887114414,1.5059119366601892,0.29602050353872394,17.98377444504873,43.034211710084975,325.8977222093585,1.0943924295699117
3,2015,KA_BR,Kaiser,Bronze,0.04961157616446731,266.33,333.86076125547714,-20.882965577341288,218.4616041118763,335.29866927521255,0.6,-164.53393210740822,176.7913984697241,0.6466927882956245,-0.06254992500110311,6.25,19.445057557605885,249.06463426052488,1.0693208242540582
3,2015,KA_G,Kaiser,Gold,0.017591118128371896,432.46,523.0046580291095,112.77718672098399,429.1784518392445,390.7824137505196,0.8640000000000001,-14.259127577764911,386.61644730826066,1.480607234354765,0.2156332357458794,6.25,19.445057557605885,398.2755879692902,1.0858310503162087
3,2015,KA_P,Kaiser,Platinum,0.0258975566776335,461.96,557.2166505157276,92.02651687001571,474.1306907400973,445.745076088106,1.035,-47.61616643660437,411.0805134948853,1.5743857851951801,0.16515392493178602,6.25,19.445057557605885,422.9160616198388,1.092320774554214
3,2015,KA_SIL,Kaiser,Silver,0.07189221530923723,356.01,466.7661155811431,93.79352953429094,396.8206919466563,353.52752848924627,0.721,-1.4880871363545207,367.11147314644546,1.4407332126796857,0.20094331272850455,6.25,19.445057557605885,330.4772945897861,1.0772600896588285
3,2015,WEST_BR,Western,Bronze,0.008673169486278286,293.46,368.0775624248533,-12.236437968473112,240.554598904996,350.9264388980537,0.6,-192.73164275710215,168.4659267450106,0.5551779714555228,-0.033244183339676686,10.46528227424747,29.38756149527272,280.0614218924523,1.0478415699563681
3,2015,WEST_BR_HSA,Western,Bronze,0.007562941297934955,303.43,379.90101481543593,-0.25688760324622706,258.22719562728133,350.77034092340944,0.6,-191.1649406665247,159.60540025688474,0.5581770933602342,-6.76196149070643e-4,10.46528227424747,29.38756149527272,289.25363079249644,1.0490101685799524
3,2015,WEST_G,Western,Gold,0.0033238372998536142,448.4,537.5861736236196,170.91006450090134,431.3646815056685,337.28854762744555,0.8640000000000001,-0.626009064494368,353.39215792661633,1.5086800527761937,0.3179212429309253,10.46528227424747,29.38756149527272,441.4967852622999,1.01563593432192
3,2015,WEST_P,Western,Platinum,0.0037918784780076294,491.57,585.672190227897,357.9803570666114,475.1465888790709,198.30427166601282,1.035,456.7760899496283,689.3002031052569,2.9873238595010396,0.6112299047822537,10.46528227424747,29.38756149527272,480.9972518726739,1.0219808909222725
3,2015,WEST_SIL,Western,Silver,0.010293890245849308,381.34,481.5069386385214,104.13982144566263,395.51642463485564,347.979555697586,0.721,-14.07423119970651,354.2037706945808,1.3473891055670195,0.21627896316535297,10.465282274249239,29.38756149527272,370.60019977946536,1.0289794776876149
3,2016,ANT_BR,Anthem,Bronze,0.0532898056296615,288.92,367.9073185097254,-8.66490584422251,201.51279218145189,341.576469353423,0.6,-137.58152203523696,219.94376025496047,0.7036282031518069,-0.023551871377066554,14,34.995755000524916,265.25627815182185,1.089210788951182
3,2016,ANT_BR_HSA,Anthem,Bronze,0.06491964827748466,269.44,339.20129318032525,-65.12771224031701,151.19288620806134,369.33325042011734,0.6,-137.97847752837345,231.3547728917439,0.6901898596734546,-0.1920031366321885,14,34.995755000524916,247.63787435304369,1.088040352082308
3,2016,ANT_G,Anthem,Gold,0.011718686403405112,486.59,601.6952758271877,232.27144997884756,411.44028963993645,334.42807084781526,0.8640000000000001,182.31129347763766,556.8648138658217,1.87338171318554,0.3860283756749288,14,34.995755000524916,429.2720239769982,1.1335236698911297
3,2016,ANT_G3,Anthem,Gold,3.3668312952027016e-4,769.98,904.7316499275777,789.4494821694118,652.2683500806404,80.28641275764093,0.8640000000000001,240.09846962816457,347.7215237780862,1.951858431230636,0.8725786063001177,14,34.995755000524916,378.433910955823,2.0346485283394293
3,2016,ANT_P,Anthem,Platinum,0.007203024405799882,569.25,701.0528029807941,770.9192588231391,232.0133189111619,-104.8622108428699,1.035,1208.083034358571,1189.5058683769387,4.488266516303955,1.0996593345683534,14,34.995755000524916,495.39185661157364,1.1490903461627489
3,2016,ANT_P3,Anthem,Platinum,1.8957420226354825e-4,893.62,1078.4160481638703,1670.4015485221116,585.9291477094338,-626.9812553587662,1.035,1303.4501136718113,734.2206626035714,4.68666078866386,1.5489398097943423,14,34.995755000524916,433.95585242165595,2.0592417293446443
3,2016,ANT_SIL,Anthem,Silver,0.07766258440407384,386.07,512.4243210892563,148.70241168945574,448.132430694721,328.72615439927563,0.721,51.2704717841574,409.0325786455163,1.4577858190276194,0.29019389901978154,14,34.995755000524916,342.8767417802734,1.125973135405627
3,2016,ANT_SIL3,Anthem,Silver,0.0010879547600003182,609.12,696.3760061392718,533.932556298759,502.5169737332054,127.44769483998783,0.721,112.01091831552236,260.2399475470994,1.4383754775794737,0.7667302600773053,14,34.995755000524916,299.4586267329966,2.034070638222434
3,2016,BS_BR,Blue_Shield,Bronze,0.04161348077572285,331.91,428.88167725722434,71.9112855277659,288.3950989789806,313.91501204552816,0.6,-128.58241884401784,192.80451692905203,0.7445904118921681,0.16767161979884881,14.531685064147874,43.05537968393028,284.31944784571454,1.1673840903774912
3,2016,BS_BR_HSA,Blue_Shield,Bronze,0.039953678268114114,334.82,432.50849433655776,66.82628453719062,293.8736547928884,322.62683011543686,0.6,-128.00367112308925,194.6231589923476,0.7458562425324388,0.15450860598633595,15.539653289547276,43.05537968393028,286.6356603041531,1.1681030882365364
3,2016,BS_G,Blue_Shield,Gold,0.014658787744178167,490.46,597.9242804397926,346.3418942633099,379.9669561902099,208.5270064925524,0.8640000000000001,248.77392446807897,482.5733071656517,2.024255240509373,0.5792403914565306,19.982049780723546,43.05537968393028,396.7920290840679,1.2360631364802108
3,2016,BS_P,Blue_Shield,Platinum,0.0043508668736152055,625.27,734.6208252035043,1055.7519014685895,218.41348246278292,-364.18645594901545,1.035,1153.590592691247,899.2291945441825,4.284408252268759,1.437138541745159,25.622624370138265,43.05537968393028,493.12624729708347,1.2679714442847465
3,2016,BS_SIL,Blue_Shield,Silver,0.10095368440947129,387.5,516.1875050070157,193.05866865557752,376.44962036869936,280.0734566675079,0.721,67.62818233673929,366.8562190417262,1.5066230988960037,0.37400879870765874,17.12717166934993,43.05537968393028,318.87317848941336,1.2152166633634414
3,2016,HN_BR,Health_Net,Bronze,0.03179245522161713,312.09,396.26294490315854,-39.533139255358435,248.0836954415198,384.337934462181,0.6,-173.41270451301756,228.29018249538132,0.6011027735009956,-0.09976491560425822,18.44266849243884,51.458149696335965,273.68588406343866,1.1403218732598555
3,2016,HN_G,Health_Net,Gold,0.005770234680848041,511.95,584.9562082581868,-194.75238948268276,440.45364316037364,728.2504480445336,0.8640000000000001,89.73321695871633,885.3262372018735,1.5288508025240983,-0.3329349902321634,32.03359546164691,51.458149696335965,510.552018371248,1.0027381766763195
3,2016,HN_P,Health_Net,Platinum,0.003174625808782978,601.54,670.6283866469511,-1039.5900410811655,462.46314935550714,1658.7602780317807,1.035,595.2161860931704,2439.540772146591,2.860866268134092,-1.550173034396846,29.445492827333528,51.458149696335965,599.3584832200625,1.0036397529041672
3,2016,HN_SIL,Health_Net,Silver,0.03585531445638893,407.58,499.7916666154225,-325.43057171910374,376.66143831633974,773.7640886381903,0.721,24.632308232457238,864.1263977248441,1.285583775060107,-0.6511324486918959,25.697346919274406,51.458149696335965,406.1648744639217,1.0034841159958652
3,2016,KA_BR,Kaiser,Bronze,0.049789479535750907,284.61,360.5174637217343,-6.583170165636865,207.5482752225458,348.44598605360704,0.6,-155.47819056166983,200.1716938008069,0.6482923864218683,-0.01826033640000888,6.25,18.654647833764137,267.722011214081,1.063080314948085
3,2016,KA_BR_HSA,Kaiser,Bronze,0.0535923064044477,277.29,349.65951315092036,-17.872045523275723,187.11095844704641,348.87691084043195,0.6,-155.45420117932997,193.42270966110195,0.6434853927652798,-0.05111271065449827,6.25,18.654647833764137,260.60436974969343,1.0640266710275537
3,2016,KA_G,Kaiser,Gold,0.02155211580872601,444.92,560.7169922055269,153.44650899063376,435.7059087071862,388.61583538112905,0.8640000000000001,32.43204241872728,440.74821868482,1.5153849331791307,0.2736612428795256,6.25,18.654647833764137,412.94792433637383,1.0774239892717872
3,2016,KA_P,Kaiser,Platinum,0.028279875631015534,481.59,599.861297664496,152.66524643731626,484.3830071267666,428.5414033934156,1.035,7.9789243299820845,457.2568055906025,1.6115787396146848,0.2545009105133206,6.25,18.654647833764137,444.2071250861869,1.0841564054303718
3,2016,KA_SIL,Kaiser,Silver,0.08839013251855224,373.75,505.4403620027515,136.06922474548387,403.2461049869895,350.7164894235035,0.721,41.32069132423034,413.3569866416958,1.455913416458548,0.2692092578565048,6.25,18.654647833764137,349.96075282340485,1.0679769002228645
3,2016,WEST_BR,Western,Bronze,0.010151935672056599,305.15,390.1514192454036,-3.076228332512322,248.1285953913355,363.61291395025717,0.6,-192.34373442716816,184.79497049261388,0.5561335004414941,-0.007884703683667463,18.42321655683272,29.614733627658744,294.3956743278628,1.036530175576426
3,2016,WEST_BR_HSA,Western,Bronze,0.008932239274943245,315.47,403.9293959529139,3.856989993996514,266.17348111354517,370.45767233125866,0.6,-191.52254061827165,178.935131712987,0.5599870692810327,0.009548673685651052,18.42321655683272,29.614733627658744,302.60811723292323,1.042503429467415
3,2016,WEST_G,Western,Gold,0.003816158167435411,466.33,582.6960576324279,207.58169979422948,473.4624605313474,345.4996242105397,0.8640000000000001,48.4639233407387,417.75366650090723,1.54436840854802,0.3562435288092762,18.42321655683272,29.614733627658744,453.8019776254366,1.0276068042720252
3,2016,WEST_P,Western,Platinum,0.004265924214557152,511.14,632.3096387505404,458.04723504500004,515.3870429894255,144.64767007788168,1.035,613.2536117058595,804.1777557302182,3.060597282894176,0.7244033729267717,18.42321655683272,29.614733627658744,493.7717910999044,1.0351745669014565
3,2016,WEST_SIL,Western,Silver,0.014863590832770064,394.66,516.9325898522463,125.2507561135304,429.98561367595465,362.0671001110572,0.721,20.373334769709718,409.8106344727111,1.3572133790728749,0.24229611089006894,18.423216556831065,29.614733627658744,380.30110715817744,1.0377566422278395
3,2017,ANT_BR,Anthem,Bronze,0.0514695660258602,331.6,418.12986384031416,-15.217089453449631,251.09037501816013,396.25878419619283,0.6,-136.76861492787128,259.49016926832155,0.6944035476628831,-0.036393213614756566,10.5,37.088169097570955,299.5828221887004,1.1068725422151633
3,2017,ANT_BR_HSA,Anthem,Bronze,0.055385838633322956,324.8,408.28155067639693,-46.35416973273598,235.74578351902065,417.54755131156196,0.6,-137.23111479573365,280.3164365158283,0.6900699553121256,-0.11353481355192607,10.5,37.088169097570955,293.94530716004124,1.1049674619338612
3,2017,ANT_G,Anthem,Gold,0.004512472826409745,595.19,708.5002670313379,304.7935084594494,510.44548024018627,366.6185894743175,0.8640000000000001,254.89950113486378,621.5180906091813,1.8733193082465815,0.4301953332163924,10.5,37.088169097570955,510.94308898027765,1.1648851170251846
3,2017,ANT_G3,Anthem,Gold,2.508344755067521e-4,863.53,940.5738811093704,836.4083051182681,719.644878451989,67.07740689353142,0.8640000000000001,298.1261927897171,365.2035996832485,1.8612150065318513,0.8892531697050283,10.5,37.088169097570955,389.5909743372012,2.2165041206847675
3,2017,ANT_P,Anthem,Platinum,0.0021620622438593027,708.02,856.3736872304736,692.8349665375255,428.4305167515246,126.45055159537719,1.035,1447.2879522138428,1573.73850380922,4.561936110126876,0.8090334591878517,10.5,37.088169097570955,604.323066214455,1.1715918845115638
3,2017,ANT_P3,Anthem,Platinum,1.0813276529903008e-4,1039.92,1121.5363359763749,1692.8356764784446,804.5647846529683,-608.3875095996408,1.035,1366.3667438409789,757.9792342413381,4.2292162727524785,1.509389952136249,10.5,37.088169097570955,464.375546901412,2.239394401662535
3,2017,ANT_SIL,Anthem,Silver,0.03444002286362916,470.89,588.8377634305546,201.64468635121207,477.08395807951376,350.10490798177153,0.721,85.74957993247118,435.8544879142427,1.3946190208193479,0.34244523512968156,10.5,37.088169097570955,398.6929583672539,1.1810843159317657
3,2017,ANT_SIL3,Anthem,Silver,6.832430619342881e-4,705.61,758.0682090635216,603.3076072387142,566.236540800767,117.67243272723647,0.721,161.7379766758075,279.41040940304396,1.4075034095685737,0.7958487112709941,10.5,37.088169097570955,317.73700009328644,2.220736016871927
3,2017,BS_BR,Blue_Shield,Bronze,0.02482652938833218,407.19,515.1123481612868,146.18617961360113,410.67478653512256,325.0730826203481,0.6,-117.6367165472518,207.43636607309628,0.7445841220009165,0.2837947491171941,12.918841657197238,43.85308592733761,336.3480584896855,1.210620931865694
3,2017,BS_BR_HSA,Blue_Shield,Bronze,0.030473344713343637,394.37,504.7950019244267,118.59500630190703,389.27222685396293,342.34690969518203,0.6,-122.42764375174995,219.91926594343207,0.7450676041781166,0.2349369661937778,12.173333377082114,43.85308592733761,326.37836546638385,1.208321511863871
3,2017,BS_G,Blue_Shield,Gold,0.006273493599890234,594.59,712.4876641938879,450.69097600865166,476.48269705168207,217.94360225789865,0.8640000000000001,327.324570960246,545.2681732181446,2.046099012244519,0.6325596900243399,16.43028997410984,43.85308592733761,465.90760629472845,1.2761972373206296
3,2017,BS_G3,Blue_Shield,Gold,0.0025949716962689953,621.04,737.2502013361888,578.329346704674,489.8370667457016,115.06776870417718,0.8640000000000001,336.0834810144729,451.1512497186501,2.053805945021436,0.7844410834429243,16.367902816906277,43.85308592733761,422.5675538928863,1.4696821710012857
3,2017,BS_P,Blue_Shield,Platinum,0.0017739138671438457,760.9,895.4798276930441,1260.1352970334788,362.4612441957426,-408.5085552677723,1.035,1378.1673684578934,969.6588131901211,4.374797633416756,1.4072179607662059,20.87921705100948,43.85308592733761,587.3886921183047,1.2953943618763923
3,2017,BS_P3,Blue_Shield,Platinum,9.482696444613344e-4,767.48,901.1568887930977,1517.4981678317874,363.29072304355924,-660.1943649660273,1.035,1378.149281669814,717.9549167037867,4.371462065132705,1.683944479261701,15.97790669014603,43.85308592733761,510.9518262603368,1.5020594125618383
3,2017,BS_SIL,Blue_Shield,Silver,0.040215616591751796,478.95,602.4989133427583,259.289664786947,476.64332590291986,299.3561626284737,0.721,104.75341555178736,404.1095781802611,1.4469108590526811,0.43035706628642256,14.485271989457859,43.85308592733761,380.07396955921615,1.2601494402667288
3,2017,BS_SIL3,Blue_Shield,Silver,0.011797690906103194,512.04,616.9355431730659,263.37756941050844,485.3218950220298,309.70488783521984,0.721,117.64074717442902,427.34563500964884,1.426976320112626,0.42691262049173984,15.820034348951456,43.85308592733761,350.9439593134934,1.4590363686602217
3,2017,HN_BR,Health_Net,Bronze,0.022982872656333322,377.78,468.1945199193958,-53.77709997107464,338.950181786898,472.16700073035685,0.6,-169.743658896302,302.42334183405484,0.5960321543022427,-0.11486059251683016,26.259126614993868,49.80461916011361,331.6880703090459,1.1389616745878395
3,2017,HN_G,Health_Net,Gold,0.0023309113803603666,624.82,672.7101280996417,-276.8797636385864,515.3593779398503,899.7852725781145,0.8640000000000001,150.21943614568426,1050.0047087237988,1.5122543491956435,-0.4115885164695707,49.515165188668,49.80461916011361,626.1361903166269,0.9978979168797746
3,2017,HN_P,Health_Net,Platinum,0.0011123949777952467,738.22,799.597038888176,-455.90418399379837,563.9972989847101,1205.6966037218608,1.035,731.3510428142586,1937.0476465361194,2.883078484557444,-0.5701674241161826,30.831371283262044,49.80461916011361,739.2839179801564,0.9985608803948243
3,2017,HN_SIL,Health_Net,Silver,0.01413763999730133,501.31,560.3201721297315,-324.4742376660847,443.46648767929275,834.9897906357027,0.721,57.610592744855325,892.600383380558,1.2013060680168903,-0.5790871965804559,30.967615442990873,49.80461916011361,501.9040055984732,0.9988164956010565
3,2017,KA_BR,Kaiser,Bronze,0.071009055640906,291.25,359.5232487089889,-17.100905135537396,157.17979795756233,358.11229734385506,0.6,-158.97722960191777,199.13506774193726,0.6183769707745415,-0.047565505699408844,6.25,18.51185650067122,274.2689470001971,1.061913873901994
3,2017,KA_BR_HSA,Kaiser,Bronze,0.06933248639417063,293.65,362.84637446158604,-16.114655273519467,165.7219812254276,360.4491732344343,0.6,-158.76034755833396,201.6888256761003,0.6199100756488882,-0.044411785283596655,6.25,18.51185650067122,276.6466674670138,1.0614622713104382
3,2017,KA_G,Kaiser,Gold,0.032927718506402325,465.46,596.7633462564355,87.44500417526058,413.35594487093954,490.8064855805037,0.8640000000000001,51.69963734701241,542.5061229275161,1.5125209875134151,0.14653212990344172,6.25,18.51185650067122,438.0532184867983,1.0625649586775667
3,2017,KA_G_COIN,Kaiser,Gold,0.05066623353138503,444.76,584.2432767790133,34.2006217221117,401.6995852793754,531.5307985562304,0.8640000000000001,41.06288976025045,572.5936883164808,1.522714380918552,0.05853832312913015,6.25,18.51185650067122,419.65320279715115,1.059827488591776
3,2017,KA_P,Kaiser,Platinum,0.03447714685636806,513.73,643.4629095370402,130.44830838325106,472.33631750300117,494.50274465311793,1.035,34.42928711756111,528.932031770679,1.6068427372533338,0.20272855894228034,6.25,18.51185650067122,480.96380503689284,1.0681261138987244
3,2017,KA_SIL,Kaiser,Silver,0.15074904392071375,401.6,555.343075497863,97.30925717994643,371.21108296679876,439.5219618172453,0.721,50.85167342675942,490.37363524400473,1.4377041975521327,0.1752236796915295,6.25,18.51185650067122,382.7524736829373,1.049242075787799
3,2017,WEST_BR,Western,Bronze,0.011991749582186587,332.6,420.1619333168105,-3.7949220553029512,271.8053033504373,393.5845164428256,0.6,-199.48738965719053,194.09712678563508,0.54275059012549,-0.009032046347810152,15.217635439002118,30.37233892928788,317.21870736051073,1.0484879746452307
3,2017,WEST_BR_HSA,Western,Bronze,0.01049813363678583,344,435.89503240743414,15.952621387142695,290.1712570034024,389.57007209100357,0.6,-198.7821545678847,190.78791752311884,0.5476373831327963,0.03659739203504313,15.217635439002118,30.37233892928788,325.957851006995,1.0553511717458766
3,2017,WEST_G,Western,Gold,0.0036210430953008865,511.8,631.6464624985468,219.86801826257033,521.5562082360875,381.40610530668863,0.8640000000000001,80.92659612626984,462.33270143295846,1.5266129637023846,0.3480871520959023,15.217635439002118,30.37233892928788,489.9112408800547,1.0446790301864177
3,2017,WEST_P,Western,Platinum,0.0033561340821134577,567.22,692.2303267967251,501.93496580370123,567.8859299604333,159.92302206373597,1.035,723.9275553348198,883.8505773985557,3.035317631832204,0.7250982026840548,15.217635439002118,30.37233892928788,532.917244181987,1.0643678848686287
3,2017,WEST_SIL,Western,Silver,0.022878736982578765,426.16,569.4005945339444,146.3015205763619,476.47756625297876,392.7267350282946,0.721,29.614749458810703,422.34148448710533,1.3427489752202562,0.2569395290078859,15.217635439000142,30.37233892928788,408.3365916523738,1.043648815002109
3,2018,BS_BR,Blue_Shield,Bronze,0.026158789353213533,449.11,563.0626940140122,162.99847067641343,436.6400273086948,355.67968162353634,0.6,-93.18666999403732,262.493011629499,0.7355938966185878,0.2894854736590968,7.344240333129252,44.38454171406244,354.4168638038877,1.2671801086996517
3,2018,BS_BR_HSA,Blue_Shield,Bronze,0.02900562063412756,441.87,556.2001256928776,100.84012896985644,424.25683858440794,410.9754550089587,0.6,-95.11590738158463,315.85954762737407,0.7345623212903026,0.18130188094480637,6.981386655636082,44.38454171406244,349.33789119874734,1.2648785348870408
3,2018,BS_G,Blue_Shield,Gold,0.0033993657388185616,705.89,874.9954964909291,546.9194420115599,588.9558640116212,283.69151276530664,0.8640000000000001,357.19126904023966,640.8827818055463,2.1269891891192043,0.6250540079405194,10.508962479247641,44.38454171406244,522.4960875571421,1.350995762093245
3,2018,BS_G3,Blue_Shield,Gold,0.021667074844082812,526.89,681.5822089324636,128.83715579482185,456.6780805805956,508.3605114235793,0.8640000000000001,302.27657143707415,810.6370828606534,2.053186748361754,0.1890265827164336,14.407013478017449,44.38454171406244,463.960319041935,1.1356359118987007
3,2018,BS_P,Blue_Shield,Platinum,7.395387812905816e-4,944.01,1154.4145501799046,1383.5015177826597,611.059937650993,-273.47150931681745,1.035,1341.0935605343998,1067.6220512175823,4.399528397504995,1.1984442829199042,14.254038651480808,44.38454171406244,702.9965651805479,1.3428372864916538
3,2018,BS_P3,Blue_Shield,Platinum,0.0031514523794054137,708.96,879.3853803861425,1363.436595993363,324.5863096787574,-528.435757321283,1.035,1352.533627741976,824.0978704206931,4.445294264540963,1.5504426459701561,16.263399553986197,44.38454171406244,621.2082939947919,1.1412597140983178
3,2018,BS_SIL,Blue_Shield,Silver,0.009119433622598882,614.73,745.2533574340739,378.9883046792565,569.8132802298301,321.880511040755,0.721,153.78735149607238,475.6678625368274,1.4790306837234293,0.5085361922878453,10.162586047215978,44.38454171406244,451.28117401651485,1.3621884434680709
3,2018,BS_SIL3,Blue_Shield,Silver,0.1363579098570139,445.79,617.027691726305,319.28623069640093,412.00060650834445,253.3569193158416,0.721,91.08612608971619,344.44304540555777,1.4793171749439964,0.5174585111457636,13.174717101413808,44.38454171406244,394.04629495050295,1.1313137712816121
3,2018,HN_BR,Health_Net,Bronze,0.04483854395197499,366.42,455.43438842792546,20.921347037372968,277.8939866944309,384.48536211148814,0.6,-153.4239455203929,231.06141659109522,0.5735167697249361,0.04593712633248788,11.815808603722749,50.027679279064344,321.2013970874709,1.1407795959872957
3,2018,HN_G,Health_Net,Gold,0.002884831292240475,672.97,816.8564896208898,278.20542077804294,634.663177232028,488.6233895637825,0.8640000000000001,157.03689575063873,645.6602853144212,1.6274732668718719,0.34058053564238744,11.815808603722749,50.027679279064344,510.93753171896685,1.3171277469789724
3,2018,HN_P,Health_Net,Platinum,8.224079306176786e-4,858.95,1080.7508997198256,233.33050608720538,805.320993818758,797.3927143535559,1.035,754.7281708469718,1552.1208852005277,3.1397430688768124,0.2158966568037964,11.815808603722749,50.027679279064344,653.2293658246082,1.3149286375325444
3,2018,HN_SIL,Health_Net,Silver,0.009232348580924171,584.16,708.36165970171,179.08738767343021,582.9667488568815,479.24659274921544,0.721,82.71726259284083,561.9638553420563,1.303242758449725,0.2528191429062432,11.815808603724637,50.027679279064344,428.84262057241665,1.3621780391610017
3,2018,KA_BR,Kaiser,Bronze,0.08567111081650722,311.19,380.16514605235955,28.558804843602317,137.58014749653842,332.58643701446886,0.6,-136.29624356677388,196.290193447695,0.600695874856994,0.07512210190796649,6.25,19.019904194288372,293.44614858643143,1.0604671470354714
3,2018,KA_BR_HSA,Kaiser,Bronze,0.08633174803058201,310.38,379.0786601182734,22.351987288747623,110.5727784303137,337.7067686352374,0.6,-136.39719976368914,201.30956887154827,0.6001957856837776,0.058963981991953206,6.25,19.019904194288372,292.67527199223304,1.060492736155164
3,2018,KA_G,Kaiser,Gold,0.05559763920761071,484.34,640.018823365252,59.645308828680456,430.9234139203385,561.3536103422832,0.8640000000000001,64.87112766379853,626.2247380060818,1.5211359388573242,0.09319305409653789,6.25,19.019904194288372,461.72324965667036,1.0489833474059342
3,2018,KA_G_COIN,Kaiser,Gold,0.0924106856016376,460.18,624.4235448648232,154.1504275678031,417.30585096810586,451.2532131027317,0.8640000000000001,52.59339801105968,503.84661111379137,1.528864832071385,0.24686837777901854,6.25,19.019904194288372,439.63335272419454,1.0467358701256124
3,2018,KA_P,Kaiser,Platinum,0.06153224563256033,531.64,695.4265481679439,-7.082404472348074,503.2399102184451,683.4890484460036,1.035,52.55434316389165,736.0433916098953,1.639922903177445,-0.010184259561281071,6.25,19.019904194288372,504.57316411328793,1.0536430349685322
3,2018,KA_SIL,Kaiser,Silver,0.0748738970662504,478.19,627.839938952358,188.61150434754245,510.5430212198028,420.2085304105272,0.721,82.1338953732443,502.3424257837715,1.3926772525400513,0.3004133580005568,6.25,19.019904194288372,456.842973876327,1.046727272486086
3,2018,WEST_BR,Western,Bronze,0.012942598110358286,369.34,459.85625173163766,52.43743690198677,296.0857073337303,376.244753536428,0.6,-169.9766460754122,206.26810746101583,0.53294929374782,0.11403006201291821,17.75423268517004,31.17406129322289,355.8367362345828,1.0379479193416254
3,2018,WEST_BR_HSA,Western,Bronze,0.011381656236648944,381.69,476.78085710321614,74.19129332115865,316.18077120992126,371.4155024888346,0.6,-169.26368422868936,202.1518182601452,0.5379168892043277,0.155608792206809,17.75423268517004,31.17406129322289,365.6059455578668,1.0439928689277496
3,2018,WEST_G,Western,Gold,0.0033910959894051353,568.15,714.4044186439919,214.49196210885685,594.5995958377521,468.73839524191214,0.8640000000000001,107.83196191497531,576.5703571568874,1.5563762886580859,0.3002388514281353,17.75423268517004,31.17406129322289,547.1566704452443,1.0383680409811553
3,2018,WEST_P,Western,Platinum,0.0028411151909386112,629.84,795.6312723536014,422.78347158204866,666.033002219008,341.6737394783298,1.035,755.4791544336648,1097.1528939119946,3.147237007187693,0.5313811639547416,17.75423268517004,31.17406129322289,595.5333485277064,1.0576066001292916
3,2018,WEST_SIL,Western,Silver,0.00443318960531155,556.97,684.775324673173,236.1412695427748,581.3282713582857,417.4599938371753,0.721,82.69096235855044,500.15095619572577,1.3184392791247141,0.34484488712480904,17.754232685169008,31.17406129322289,534.5476668734814,1.041946367959409
4,2014,ANT_BR,Anthem,Bronze,0.057767629247135945,281.56,335.1395514385243,55.57527728273848,180.74359816975937,244.58226416601224,0.6,-128.34137511122952,138.35670542721178,0.6172755372469239,0.16582727118954455,16.5,34.98200998977356,238.78090289596372,1.1791562750002458
4,2014,ANT_BR_HSA,Anthem,Bronze,0.056450514370905806,283.49,337.6766236404425,20.889176394063526,186.3927065020707,281.8054372566054,0.6,-128.28053999583463,153.52489726077076,0.6184021950944241,0.0618614820559989,16.5,34.98200998977356,240.40339230241494,1.1792262883020568
4,2014,ANT_G,Anthem,Gold,0.016984121409734536,452.78,519.0988855383229,192.88149090087725,388.34609190715355,291.23538464767205,0.8640000000000001,22.27948250132869,366.8526986849465,1.6318900778859673,0.371569842036653,16.5,34.98200998977356,377.1074338153343,1.2006658034265159
4,2014,ANT_P,Anthem,Platinum,0.011139248787284716,525.05,583.0324367498072,371.201751429605,292.5903895472935,176.8486753304286,1.035,556.6139303226824,798.8804096629362,3.866596027205821,0.6366742706442186,16.5,34.98200998977356,433.7489819674643,1.2104927546305668
4,2014,ANT_SIL,Anthem,Silver,0.06004799964086195,376.65,475.61376335099646,144.2902709851007,386.9257156783983,296.3414823761222,0.721,-39.85106142413449,271.4478846479601,1.3076892356692988,0.3033769880175155,16.5,34.98200998977356,315.6313919413501,1.1933223678523972
4,2014,BS_BR,Blue_Shield,Bronze,0.05242431723849157,312.45,376.04569225328447,110.48112105302215,229.58278420033236,224.59977112318592,0.6,-124.6564245194646,109.42326548283579,0.6472792137472793,0.2937970659656112,13.155847556402984,40.9648000770764,257.24004469860654,1.214624264142388
4,2014,BS_BR_HSA,Blue_Shield,Bronze,0.056104044724865694,307.32,369.5239553320772,100.03083549485041,221.26869169509996,228.5283197601504,0.6,-124.95567114080235,103.57264861934803,0.6447867802277549,0.27070189645744747,13.63379525150826,40.9648000770764,253.07033243156326,1.2143659711005723
4,2014,BS_G,Blue_Shield,Gold,0.02617507966720107,445.41,513.0872602564677,253.6617167109734,350.47419474228974,218.46074346841795,0.8640000000000001,53.70123229737591,303.87795447155275,1.7708857155896358,0.49438319046195,18.947690496890363,40.9648000770764,359.3709350564826,1.2394157583444934
4,2014,BS_P,Blue_Shield,Platinum,0.019306429937455006,510.38,566.8225858963809,537.9080502921331,227.89383026691002,-12.05026447282853,1.035,514.7374322610913,582.2090302377486,3.7020592526255163,0.9489883848602787,21.899756020433472,40.9648000770764,406.653361597191,1.2550738496182776
4,2014,BS_SIL,Blue_Shield,Silver,0.07723367178192533,378.25,475.84093696193145,193.34538035805895,356.354533611576,241.5307565267961,0.721,-31.332786068550334,235.17451871074476,1.3395446852418504,0.40632355339685094,16.866406210020724,40.9648000770764,306.599014087917,1.2336960740895833
4,2014,CC_BR,Chinese_Community,Bronze,0.021694366864207896,234.39,272.0984987716711,-32.30590950285017,72.28203391508376,228.75192478856934,0.6,-150.22225290326597,78.52967188530339,0.4886582756778273,-0.11872873113482105,11.18422261995104,75.6524834859519,241.45933253114129,0.9707224713286675
4,2014,CC_G,Chinese_Community,Gold,0.0057793180336703585,430.82,507.0130448836673,159.05166353871834,375.22677546474705,272.30889785899706,0.8640000000000001,-14.04506025009766,271.32018361330285,1.5204745596244957,0.31370329648068973,11.18422261995104,75.6524834859519,440.9970129931336,0.9769227167230449
4,2014,CC_P,Chinese_Community,Platinum,0.005949697262157716,477.93,549.6988921908968,213.0147382194931,415.3471303315292,261.0316704854518,1.035,203.93879200067266,464.97046248612446,2.5388913962403312,0.3875116745651333,11.18422261995104,75.6524834859519,488.6493749223089,0.9780632587036192
4,2014,CC_SIL,Chinese_Community,Silver,0.04345588951508906,327.92,447.9375206423,102.31743387464252,299.30081973763623,269.9676032817056,0.721,-114.00972982953347,166.60320398866475,1.1031356004100221,0.22841898514759157,11.18422261995087,75.6524834859519,336.14184991984735,0.9755405346825817
4,2014,HN_BR,Health_Net,Bronze,0.040130262112667785,292.93,349.97469187437304,24.681903997239147,206.3051736328369,276.0714999626813,0.6,-149.68044709200325,126.39105287067801,0.5251885890160249,0.07052482528107766,19.7502239384599,49.2212879144526,250.169837060057,1.1709245344780626
4,2014,HN_G,Health_Net,Gold,0.005559818380196053,505.68,555.6903998932848,-35.1136123127871,439.7696413626519,541.5827242916193,0.8640000000000001,-18.113419910656223,523.4693043809631,1.398809954889673,-0.06318916490104982,19.7502239384599,49.2212879144526,467.7056274663514,1.0811928920747926
4,2014,HN_P,Health_Net,Platinum,0.002621987599634561,606.63,665.505586172509,-663.2986737400734,518.6495178770369,1279.5829719981298,1.035,270.0310827944425,1549.6140547925722,2.718763018438894,-0.9966838558859766,19.7502239384599,49.2212879144526,557.5368927540708,1.0880535582200193
4,2014,HN_SIL,Health_Net,Silver,0.0166691536905597,423.27,491.1606423630026,-28.137787692325958,392.3485649491246,470.07714214087594,0.721,-44.52526757982198,425.551874561054,1.1669696745867462,-0.057288359989418974,19.75022393845866,49.2212879144526,392.1347517918447,1.0793993596993992
4,2014,KA_BR,Kaiser,Bronze,0.05170035745968371,284.44,338.4756004541814,69.22003596366065,214.8670067280372,251.39583280108963,0.6,-138.11381724918553,135.41797963729573,0.572729941636535,0.20450524608207554,6.25,17.85973168943113,249.39548978657075,1.1405178186799603
4,2014,KA_G,Kaiser,Gold,0.011414090686371019,470.44,529.5741575800198,213.04876567321654,445.11033303596787,298.66566021737214,0.8640000000000001,-44.549355249144654,279.0101044418258,1.3240172109375359,0.4023020432998081,6.25,17.85973168943113,406.95607536316345,1.1559969944672386
4,2014,KA_P,Kaiser,Platinum,0.014396220265091858,505.95,567.3927846951116,213.90841445927387,487.41343832744224,335.6246385464066,1.035,-71.59848933626989,287.1577967321918,1.4113501977697733,0.3770023522139386,6.25,17.85973168943113,435.7266211112285,1.1611638478954571
4,2014,KA_SIL,Kaiser,Silver,0.04212270102507351,386.95,478.3977926422539,179.69341607668113,410.63462432180677,280.8446448761416,0.721,-39.13644475309296,273.2595890155794,1.279808272135349,0.37561506102319325,6.25,17.85973168943113,336.8966045566472,1.1485719795520724
4,2015,ANT_BR,Anthem,Bronze,0.05320958491162509,313.16,380.26557605238787,1.3785242260246093,255.69011801464447,344.9970470250573,0.6,-172.44167440821926,184.11415035906842,0.6258568437040855,0.00362516176282729,16.5,33.890004801305935,254.55613656493185,1.230219802303291
4,2015,ANT_BR_HSA,Anthem,Bronze,0.051706524805826194,315.21,382.7307740149833,-38.28522556904696,260.84889575722434,387.1259947827243,0.6,-172.09441417910023,215.0315806036241,0.6268350515843151,-0.10003174076498002,16.5,33.890004801305935,255.99328336629134,1.2313213684945696
4,2015,ANT_G,Anthem,Gold,0.009570829127293652,506.7,571.9882885103676,190.25608881602435,410.6585586667044,347.84219489303734,0.8640000000000001,91.47242838045507,468.8830130408503,1.6785126510293429,0.3326223502084446,16.5,33.890004801305935,401.5716387748698,1.261792295755397
4,2015,ANT_P,Anthem,Platinum,0.005279687306416287,593.83,665.3020297697387,594.5251818511884,241.98361694350913,36.886843117244325,1.035,961.1329864665416,1064.7157673499576,4.116160274669294,0.8936169668037144,16.5,33.890004801305935,467.04039531686084,1.2714746003868027
4,2015,ANT_SIL,Anthem,Silver,0.05091688325379669,414.09,510.9500113557038,137.9384775983763,406.0190428673817,339.12152895602156,0.721,-25.77368302560846,334.458369408998,1.284661315262251,0.26996472166109575,16.5,33.890004801305935,329.5297096820419,1.256609003174703
4,2015,BS_BR,Blue_Shield,Bronze,0.054950255979022554,331.17,402.4634748544344,65.45536978155124,263.7734155801553,293.9738933627982,0.6,-165.4394957468717,142.9059679149621,0.6479752562905436,0.16263679531471908,14.755389621452261,43.034211710084975,273.6859535379905,1.2100365244138485
4,2015,BS_BR_HSA,Blue_Shield,Bronze,0.059488155530400155,325.73,396.4144400711016,40.21824783111029,255.2202232484154,313.1619805299063,0.6,-166.66974841009315,146.49223211981317,0.6458845355462907,0.10145505250489027,15.43334012849273,43.034211710084975,269.2626000972989,1.209711262842654
4,2015,BS_G,Blue_Shield,Gold,0.022750776679630675,472.09,537.7886035298275,257.96811347487505,331.47482689740866,236.7862783448674,0.8640000000000001,123.79099384435538,395.11658465175475,1.7820279181961245,0.4796831167147768,20.0462557422985,43.034211710084975,381.60095018064175,1.237130043246807
4,2015,BS_P,Blue_Shield,Platinum,0.015868590127069582,540.95,598.0007660773116,747.8413396640617,131.68496417420138,-192.87478529683506,1.035,840.4489206393248,732.6877058368156,3.7776106186001535,1.2505692000524598,23.550768950467116,43.034211710084975,432.0233774326763,1.2521313157047809
4,2015,BS_SIL,Blue_Shield,Silver,0.09273369853826106,400.91,504.8659499440182,170.95380049475628,366.53754183254364,290.87793773917696,0.721,-19.711137525779506,297.29759557742864,1.3304567858861607,0.33861226037072295,18.498665123173865,43.034211710084975,325.8977222093585,1.2301712245244023
4,2015,CC_BR,Chinese_Community,Bronze,0.024579838172052965,256.87,308.0910682210408,-73.64177020194856,112.56578587485615,304.3048725067596,0.6,-210.96185831063912,98.7246396636331,0.49527627839324323,-0.23902598224338675,19.178199541851924,77.4279659162298,264.0104390192698,0.9729539519505566
4,2015,CC_G,Chinese_Community,Gold,0.0038816818498941374,472.13,542.8875571072259,176.32694235822655,386.85359790837356,289.1326488327696,0.8640000000000001,28.2497003788239,324.34145081417256,1.5279208905327928,0.32479459153159435,19.178199541851924,77.4279659162298,482.91723075876627,0.9776623610182282
4,2015,CC_P,Chinese_Community,Platinum,0.0036668512583388014,523.76,592.5080238865348,350.09162284551746,426.7866093016654,164.98843512478754,1.035,370.1958708155214,545.2675654001368,2.5772550524679985,0.590863935561757,19.178199541851924,77.4279659162298,535.2666878022247,0.9785028882528248
4,2015,CC_SIL,Chinese_Community,Silver,0.0488161309559225,355.77,485.34665053719937,55.84518311347179,335.92587773394393,352.0735015074978,0.721,-137.859515912797,219.3932617578509,1.099147642599478,0.1150624673141564,19.17819954185309,77.4279659162298,363.62973893371765,0.9783853241575757
4,2015,HN_BR,Health_Net,Bronze,0.037706671245785695,318.38,388.5104304562431,-64.78104663043007,260.1760422306042,402.467936589262,0.6,-205.45631106103085,213.60055535372175,0.5316497255904958,-0.16674210407775958,7.689007097896993,50.82354049741116,300.15246783738,1.0607275772008495
4,2015,HN_G,Health_Net,Gold,0.0047816761101556965,535.99,604.5165168114434,-12.356806437334171,468.78700490610606,566.0497827513664,0.8640000000000001,17.156441629552177,633.1883393848668,1.4691082427259836,-0.020440808635818337,14.173118982784471,50.82354049741116,498.4427381079661,1.075329138176552
4,2015,HN_P,Health_Net,Platinum,0.0021492924089550774,643.35,729.8953588204118,-802.9966122805876,564.7502760938503,1482.0684306035882,1.035,498.07449634977905,2149.8457308016937,2.918244534142962,-1.1001530597184712,18.08477992957597,50.82354049741116,595.3700529549351,1.0805884454666999
4,2015,HN_SIL,Health_Net,Silver,0.018063362043529256,448.65,530.1278398849042,-47.755174640344876,423.1285814932259,527.059474027838,0.721,-41.967377081373165,526.6656055331093,1.179440582155232,-0.0900823745659405,11.501647832307398,50.82354049741116,416.42265626972915,1.0773909470223355
4,2015,KA_BR,Kaiser,Bronze,0.06213420720747581,294.35,356.1584372816439,-4.466566126985647,242.11109262278285,341.17994585102366,0.6,-189.4146667125134,157.12140798530098,0.57044994188676,-0.012540952731813467,6.25,19.445057557605885,249.06463426052488,1.1818217422715505
4,2015,KA_G,Kaiser,Gold,0.01385684587770085,477.98,546.155687458568,148.5083359143108,444.09721319107103,378.2022939866513,0.8640000000000001,-35.00228758863297,352.3998967991994,1.3416471542981872,0.2719157546548059,6.25,19.445057557605885,398.2755879692902,1.200123769666886
4,2015,KA_P,Kaiser,Platinum,0.01835893014908949,510.59,579.5784977018782,127.805726289973,488.23090020965316,432.3277138542993,1.035,-69.61017410615496,374.51716988798245,1.4258886804713904,0.22051495491420614,6.25,19.445057557605885,422.9160616198388,1.207308131179401
4,2015,KA_SIL,Kaiser,Silver,0.07326210821699711,393.5,504.3006266399924,125.88425257981112,409.91619712260126,358.9713165025754,0.721,-41.30535432812395,331.2663458792526,1.2915995528311126,0.24962144786244087,6.25,19.445057557605885,330.4772945897861,1.1907020737640768
4,2016,ANT_BR,Anthem,Bronze,0.03841377928613742,341.3,418.2626544961612,45.51308241851701,308.6163219613647,337.75381707711927,0.6,-151.88463862225737,200.40087542510472,0.6373288326771357,0.10881459754838027,14,34.995755000524916,265.25627815182185,1.286680196140933
4,2016,ANT_BR_HSA,Anthem,Bronze,0.055143009951743975,318.25,392.05261346214934,-12.044984499848617,273.7576746629256,369.10184296147304,0.6,-157.41173391188988,211.69010904958316,0.6279709749632835,-0.030722877711441398,14,34.995755000524916,247.63787435304369,1.2851426738798788
4,2016,ANT_G,Anthem,Gold,0.00394921411246393,573.63,654.3265727331163,320.98663980974675,455.85241187038986,298.34417792284466,0.8640000000000001,192.68414704314495,529.1572805605269,1.7744059592451675,0.49056029998749456,14,34.995755000524916,429.2720239769982,1.3362855438041241
4,2016,ANT_P,Anthem,Platinum,0.0021098740843525773,671.24,780.8572196742384,919.654354364546,284.2774980747797,-173.79288969083245,1.035,1264.6288797456757,1176.1523930195622,4.434698776725265,1.1777496976312924,14,34.995755000524916,495.39185661157364,1.3549677715560537
4,2016,ANT_SIL,Anthem,Silver,0.022369250049939744,455.24,530.6904857945489,200.50296006624922,419.77925327149626,295.1917707277747,0.721,31.325440059888383,351.46674338142367,1.2406082736133675,0.37781525283246137,14,34.995755000524916,342.8767417802734,1.327707436895013
4,2016,BS_BR,Blue_Shield,Bronze,0.05991005132338388,331.95,410.66429392341337,53.639493684091605,264.18653431728796,313.9694205553915,0.6,-150.87574245424065,169.66901113979796,0.6499434226619508,0.13061640487812917,13.114992506006114,43.05537968393028,284.31944784571454,1.167524777201073
4,2016,BS_BR_HSA,Blue_Shield,Bronze,0.05721042750938171,334.86,413.85756911276377,49.45339606122312,268.12413468793557,321.34879336761037,0.6,-150.08347826596014,171.2653151016502,0.651031730615867,0.11949375764044212,14.023777211653359,43.05537968393028,286.6356603041531,1.1682426382142244
4,2016,BS_G,Blue_Shield,Gold,0.017942123862607514,490.51,562.6874986990267,312.2162280777429,332.0255164599023,207.41589093735348,0.8640000000000001,204.40688826369944,434.5818411253376,1.810852866513595,0.554866118048844,18.49642248435554,43.05537968393028,396.7920290840679,1.236189147076027
4,2016,BS_P,Blue_Shield,Platinum,0.004912460077904332,625.34,698.1539954269377,1036.9694061885048,153.04040493071633,-381.8707904454973,1.035,1134.2173771185192,857.0160500349116,4.070827215542863,1.4853018287954842,25.17779842461231,43.05537968393028,493.12624729708347,1.2681133957634676
4,2016,BS_SIL,Blue_Shield,Silver,0.13920356496473182,387.55,508.55374464309256,165.90226705124294,297.1753006878099,299.59609790791933,0.721,9.551818378403397,326.1786053647078,1.3296008236033614,0.32622366622759724,15.828273233361822,43.05537968393028,318.87317848941336,1.2153734655135529
4,2016,CC_BR,Chinese_Community,Bronze,0.026084712758001675,265.15,321.78757155055024,-64.46747444045832,136.79850531167665,308.5326335495233,0.6,-199.86943913233333,111.21185412487897,0.49857580242672933,-0.2003417165237875,17.59581944178737,77.72241244148523,272.83630978966255,0.9718281272914585
4,2016,CC_G,Chinese_Community,Gold,0.005074365180054793,461.64,542.9002812810132,166.42743576391308,386.50728801383127,298.7504330756149,0.8640000000000001,78.34396586774324,381.71905505186186,1.5308005269018827,0.3065524950018727,17.59581944178737,77.72241244148523,473.81478511225794,0.9743047589589813
4,2016,CC_P,Chinese_Community,Platinum,0.005176348637886333,509.62,589.8126759308107,387.2729772169128,422.37836117821035,124.81728627241262,1.035,474.8698639580708,606.3387595985215,2.5863544274584678,0.6566033471656733,17.59581944178737,77.72241244148523,522.3909517671926,0.9755528848193296
4,2016,CC_SIL,Chinese_Community,Silver,0.058912312949768585,351.91,491.14160056244134,72.79857236146529,338.53102141610384,340.6206157594908,0.721,-115.61339290344856,228.9204576714756,1.0868247344141824,0.1482231850816515,17.59581944178747,77.72241244148523,361.9885369123717,0.9721578561621373
4,2016,HN_BR,Health_Net,Bronze,0.032388132130747906,335.54,415.1314891878887,-18.986753473368708,294.0852949314493,382.66009296492143,0.6,-192.2830350093706,206.0503303188593,0.5390220739189642,-0.045736721901082515,8.69642225326265,51.458149696335965,273.68588406343866,1.2260040416341822
4,2016,HN_G,Health_Net,Gold,0.004202071774988797,550.42,633.2418342089894,-143.541698668577,491.7856858798695,725.3253831812304,0.8640000000000001,75.62738387036254,866.8932275406725,1.4950193065812702,-0.22667753599678286,12.943627334375373,51.458149696335965,510.552018371248,1.0780879914174817
4,2016,HN_P,Health_Net,Platinum,0.0022189699355542685,646.76,750.5534039979693,-993.5587260148022,572.990453334123,1692.6539803164355,1.035,631.7814421857503,2515.800442316205,2.9560721429969834,-1.3237681965366057,13.866372456963356,51.458149696335965,599.3584832200625,1.0790870874560283
4,2016,HN_SIL,Health_Net,Silver,0.024475528675316823,438.21,528.987006707145,-263.03960780643575,414.7581790238762,740.5684648172448,0.721,-14.99805488610674,785.3048273852793,1.1612403884429592,-0.4972515477153456,11.02170697739194,51.458149696335965,406.1648744639217,1.078896841038687
4,2016,KA_BR,Kaiser,Bronze,0.052919093363571736,314.58,386.5336234549376,19.80750337871674,275.5839981609514,348.0714722424567,0.6,-174.2152675799033,180.34662662940124,0.5802276427002662,0.05124393371441311,6.25,18.654647833764137,267.722011214081,1.1750247899805648
4,2016,KA_BR_HSA,Kaiser,Bronze,0.05941447231191101,306.48,376.1301329058095,7.873329261376533,260.57792574580486,349.6021558106688,0.6,-175.28272061568964,174.31943519497915,0.5761129323759999,0.020932460796349365,6.25,18.654647833764137,260.60436974969343,1.1760355372949787
4,2016,KA_G,Kaiser,Gold,0.011768875225508407,491.76,566.3851754988272,188.18802827032798,445.1464977782798,359.54249939473505,0.8640000000000001,21.05288146107361,398.4029964202935,1.3610302437264736,0.332261571120019,6.25,18.654647833764137,412.94792433637383,1.1908523351710285
4,2016,KA_P,Kaiser,Platinum,0.01350644683327143,532.29,609.2797194224795,191.47243369322817,495.87304129107616,399.1526378954872,1.035,-1.2594328250604143,416.7947386679236,1.4603501478029064,0.3142603103131677,6.25,18.654647833764137,444.2071250861869,1.1982923504361234
4,2016,KA_SIL,Kaiser,Silver,0.04941210438523999,413.09,512.9368517607337,159.93699159381416,425.2209930153855,334.3452123331554,0.721,4.169685654290869,356.9240496488819,1.2454768395545985,0.3118063969176832,6.25,18.654647833764137,349.96075282340485,1.1803895055867908
4,2017,ANT_BR,Anthem,Bronze,0.040822966629032294,382.38,486.128849966091,36.816176520216544,359.26623991424924,412.2245043483035,0.6,-168.2245284365124,243.99997591179113,0.6504027989792663,0.07573337094226065,10.5,37.088169097570955,299.5828221887004,1.2763749176484744
4,2017,ANT_BR_HSA,Anthem,Bronze,0.04581930896711109,374.54,475.8601243627518,5.485439764456686,345.37146087092117,433.28651550072414,0.6,-169.71386915461102,263.5726463461131,0.6463167371101647,0.01152742052468152,10.5,37.088169097570955,293.94530716004124,1.2741826145095703
4,2017,ANT_G,Anthem,Gold,0.0016332476114901298,686.34,822.7907559542555,439.8885816244016,598.460441732635,345.8140052322829,0.8640000000000001,293.44405789105434,639.2580631233373,1.930237823468671,0.5346299511037019,10.5,37.088169097570955,510.94308898027765,1.3432807191301352
4,2017,ANT_P,Anthem,Platinum,6.925601999214952e-4,816.46,1027.2496068357398,990.1366632442396,529.3933306934913,0.024774493929271557,1.035,1692.34037157383,1692.3651460677593,4.928514170660191,0.9638715426664216,10.5,37.088169097570955,604.323066214455,1.351032329635196
4,2017,ANT_SIL,Anthem,Silver,0.010616403622228925,543.01,632.6466970831226,269.3439219393922,513.6435080825637,326.2146060461594,0.721,75.06529942989935,401.2799054760588,1.2772646319942536,0.42574144966096844,10.5,37.088169097570955,398.6929583672539,1.3619753963645609
4,2017,BS_BR,Blue_Shield,Bronze,0.034522323174335685,411.26,521.3424341015187,132.4723436820925,409.52273372673966,345.01700449208863,0.6,-155.26752069484968,189.74948379723892,0.6772520696963811,0.2540985253011205,11.459270710663901,43.85308592733761,336.3480584896855,1.2227214922740866
4,2017,BS_BR_HSA,Blue_Shield,Bronze,0.043082826949410506,398.31,509.6594733466505,104.96836328860732,384.8496051265977,360.83802413070555,0.6,-160.35397635470528,200.48404777600027,0.6752414710298976,0.20595783808223642,11.253878331133127,43.85308592733761,326.37836546638385,1.2203933904467847
4,2017,BS_G,Blue_Shield,Gold,0.006492439775650462,600.53,716.8913286852469,460.2018278132109,468.4363876728363,212.8364149446984,0.8640000000000001,311.80943856732347,524.6458535120219,1.9638978357482806,0.6419408484926225,15.870774332968423,43.85308592733761,465.90760629472845,1.2889465462388496
4,2017,BS_G3,Blue_Shield,Gold,0.0035834830701574998,602.42,719.0314389728154,555.3012444679357,464.56731788226455,119.87710857754206,0.8640000000000001,313.289567944879,433.1666765224211,1.9668433542981756,0.7722906320497206,13.556438622357067,43.85308592733761,422.5675538928863,1.4256182105091373
4,2017,BS_P,Blue_Shield,Platinum,0.0014884064806667272,768.51,942.931275851806,1431.4908708500795,298.2050550767309,-532.4126809256111,1.035,1550.071399291209,1017.6587183655979,4.6054744541289985,1.5181285290987176,20.736378221324713,43.85308592733761,587.3886921183047,1.3083500079453625
4,2017,BS_P3,Blue_Shield,Platinum,0.001083826237075653,744.47,909.7412209296714,1641.7837595808335,261.5677291986011,-775.8956245784998,1.035,1519.6004310029457,743.7048064244459,4.538396696385917,1.804671176604576,29.251903978874772,43.85308592733761,510.9518262603368,1.4570258128810025
4,2017,BS_SIL,Blue_Shield,Silver,0.050408207899399364,483.73,613.4555292317358,251.8201642386563,480.799111154241,317.7822790657419,0.721,56.72438217938532,374.5066612451272,1.3344519989835384,0.41049457090072133,13.817039982707788,43.85308592733761,380.07396955921615,1.2727259395348676
4,2017,BS_SIL3,Blue_Shield,Silver,0.021344796821544727,496.69,616.8596719167174,238.11758775469767,482.43657586868994,334.8889982346821,0.721,63.68791056764447,398.57690880232656,1.325032586671714,0.3860158129884135,12.928523639823524,43.85308592733761,350.9439593134934,1.415297191527704
4,2017,CC_BR,Chinese_Community,Bronze,0.023868721164131294,313.64,390.5546114446809,-38.74952611192971,192.29654798942687,350.87413142996644,0.6,-220.90577933209886,129.96835209786758,0.5078179484385408,-0.0992166651639147,15.938728957302128,78.43000612664419,323.85880869716925,0.9684467168323201
4,2017,CC_G,Chinese_Community,Gold,0.005826796589315069,501.58,621.3510818426041,211.46044257276787,465.8552914247062,331.46063314319207,0.8640000000000001,106.4158190558676,437.87645219905966,1.5750489864940247,0.34032360890993574,15.938728957302128,78.43000612664419,514.7771907351569,0.9743632954748638
4,2017,CC_P,Chinese_Community,Platinum,0.005469707986397172,553.4,670.7032735162625,430.39844998438497,501.6980475326099,161.87481740523333,1.035,587.9116945310049,749.7865119362382,2.6608807123981015,0.6417121653931351,15.938728957302128,78.43000612664419,567.3481218550414,0.9754152321692091
4,2017,CC_SIL,Chinese_Community,Silver,0.060140103715677684,406.85,586.284894196089,122.27204024717769,429.988638466024,385.5828478222671,0.721,-109.36275293672198,276.22009488554517,1.127816171851852,0.20855396660839526,15.938728957301402,78.43000612664419,417.615317293783,0.9742219290146156
4,2017,HN_BR,Health_Net,Bronze,0.02082802740693923,409.35,520.0673393984983,-22.134434112664017,412.040513096735,492.39715435104875,0.6,-207.1176931517515,285.27946119929726,0.5601631885591434,-0.04256070788499111,10.651411076105456,49.80461916011361,331.6880703090459,1.2341414619422209
4,2017,HN_G,Health_Net,Gold,0.001462432519313363,677.03,813.7161018461511,-213.38152198126514,657.7568589686389,977.2930046673026,0.8640000000000001,155.240270284785,1132.5332749520876,1.6389751162320942,-0.2622309199696887,19.34320975482359,49.80461916011361,626.1361903166269,1.081282331975791
4,2017,HN_P,Health_Net,Platinum,6.490318930594166e-4,799.91,996.0170430242531,-366.0274794247057,745.2365818065659,1312.2399032888452,1.035,885.8600512600875,2198.0999545489326,3.2980118280047477,-0.3674911809875455,19.996855846188566,49.80461916011361,739.2839179801564,1.0820064937777678
4,2017,HN_SIL,Health_Net,Silver,0.008508950132733043,543.2,639.7778661383365,-264.09092988187274,530.8239780124698,854.0641768600957,0.721,30.552784598482894,884.6169614585785,1.189882169363785,-0.41278534919613713,14.321015016815828,49.80461916011361,501.9040055984732,1.082278670703744
4,2017,KA_BR,Kaiser,Bronze,0.08497554657107606,321.91,401.04259215534756,3.8065082898244285,254.0107183975548,378.7242273648519,0.6,-194.66143855145253,184.0627888133994,0.5687216600436311,0.009491531234542645,6.25,18.51185650067122,274.2689470001971,1.1737019575889818
4,2017,KA_BR_HSA,Kaiser,Bronze,0.08211521531478566,324.56,404.7088339426083,5.353931167448316,258.5608583863764,380.84304627448876,0.6,-194.3526329654732,186.49041330901554,0.5703500940252917,0.013229093902624216,6.25,18.51185650067122,276.6466674670138,1.1731932394909446
4,2017,KA_G,Kaiser,Gold,0.01776356218165091,514.46,628.2769805393159,137.09743479166679,479.0570593702612,472.6676892469779,0.8640000000000001,28.011367935075636,500.6790571820535,1.3888081172559752,0.21821177448516688,6.25,18.51185650067122,438.0532184867983,1.1744235136021592
4,2017,KA_G_COIN,Kaiser,Gold,0.027910983778804237,491.57,613.2890577492991,83.66827238321673,469.98972617862216,511.10892886541114,0.8640000000000001,12.338633606325729,523.4475624717369,1.384104373202141,0.13642550984077517,6.25,18.51185650067122,419.65320279715115,1.171371972675284
4,2017,KA_P,Kaiser,Platinum,0.016173475122549078,567.81,681.1966632210655,181.92213252323074,539.9943358998397,480.7626741971635,1.035,14.169163645100866,494.9318378422644,1.4972198756243773,0.2670625714210118,6.25,18.51185650067122,480.96380503689284,1.1805670074413301
4,2017,KA_SIL,Kaiser,Silver,0.08725784147988404,443.88,599.323108272981,143.2150738384724,478.58608494396543,437.5961779338374,0.721,13.943366612424523,451.53954454626194,1.3169267527976303,0.23896137469346582,6.25,18.51185650067122,382.7524736829373,1.1597051110574905
4,2017,OSC_BR,Oscar,Bronze,0.019371463849967935,371.6,472.18286399254606,38.56698592607174,294.01792387695286,354.3293664134018,0.6,-239.17166507308644,115.15770134031536,0.48653205920231873,0.08167807192317034,12.5,79.28651165307255,267.93841191621215,1.3868858792676737
4,2017,OSC_G,Oscar,Gold,0.003560724447805875,559.52,669.6166494839639,332.7161176154965,491.48366110092513,257.6140202153948,0.8640000000000001,163.24841335299175,420.86243356838656,1.6504732795860537,0.49687551507553196,12.5,79.28651165307255,391.48204834342937,1.4292353950011996
4,2017,OSC_P,Oscar,Platinum,0.002268692668415214,635.63,759.5277913306121,971.5356427375581,508.01575704704794,-291.29436306001844,1.035,1136.916291774504,845.6219287144856,3.7391129773113954,1.2791311309827527,12.5,79.28651165307255,441.7357911191823,1.4389370587100654
4,2017,OSC_SIL,Oscar,Silver,0.015179562544354873,482.98,606.4943099200885,259.26569850632393,479.32080293106526,267.9420997606921,0.721,-6.852913720903869,261.0891860397882,1.1804917858614457,0.4274824912050447,12.5,79.28651165307255,340.45217907966367,1.4186427042576977
4,2018,BS_BR,Blue_Shield,Bronze,0.04754412373364225,440.34,560.4345594301033,140.5574063514187,391.84170668790614,375.4926113646221,0.6,-131.7303191611718,243.76229220345033,0.6798985562425737,0.250800747359958,6.757920543512288,44.38454171406244,354.4168638038877,1.2424352365006448
4,2018,BS_BR_HSA,Blue_Shield,Bronze,0.05162484479991648,433.25,549.211414796101,80.96443320772119,374.4798503612732,423.86243987431743,0.6,-132.2429414813687,291.61949839294874,0.6747577972905864,0.1474194290695503,6.6055336373441795,44.38454171406244,349.33789119874734,1.240203284313962
4,2018,BS_G,Blue_Shield,Gold,0.004184260358558,692.12,856.9964660909736,566.4210597798881,563.7217112902425,246.19086459702305,0.8640000000000001,401.8843714211929,648.075236018216,2.1523854906626703,0.6609374509599906,9.858279336572515,44.38454171406244,522.4960875571421,1.324641497768741
4,2018,BS_G3,Blue_Shield,Gold,0.0027348873431512852,683.14,829.5285856941604,346.8545260530774,561.0078235116672,438.28951792702054,0.8640000000000001,392.06314862440075,830.3526665514213,2.106335975313917,0.41813450679680314,16.96357425664906,44.38454171406244,463.960319041935,1.4724104022746274
4,2018,BS_P,Blue_Shield,Platinum,7.212600338932571e-4,925.59,1256.6861217815538,1684.7913490708784,550.5184623971417,-472.489769003387,1.035,1673.300153788795,1200.810384785408,4.985480297771669,1.3406620156530549,14.027924987443843,44.38454171406244,702.9965651805479,1.3166351670043854
4,2018,BS_P3,Blue_Shield,Platinum,4.2157222814367707e-4,919.2,1199.1930692056628,1906.2150351755315,511.30576474641174,-751.4065076839311,1.035,1650.6344536606064,899.2279459766753,4.877519140053777,1.5895814311520289,24.46987256874365,44.38454171406244,621.2082939947919,1.4796969211227344
4,2018,BS_SIL,Blue_Shield,Silver,0.017389531900541724,602.74,746.5151626205901,371.00006780761277,608.9334695468017,331.1305530989149,0.721,116.46433354355878,447.5948866424737,1.3863725073196393,0.49697593081062486,9.484424023918134,44.38454171406244,451.28117401651485,1.3356196418198967
4,2018,BS_SIL3,Blue_Shield,Silver,0.017815301573853574,577.99,732.2662650033974,465.9351642042452,603.4526309939008,221.94655908508975,0.721,99.07868618220448,321.0252452672942,1.3725881020852702,0.6362919971495389,15.665535459206476,44.38454171406244,394.04629495050295,1.4668073457526167
4,2018,CC_BR,Chinese_Community,Bronze,0.025216624740151062,341.84,414.46355544075084,1.9464082138001828,184.64847221077537,334.4561623475748,0.6,-189.05608446334892,145.40007788422585,0.49897259503142777,0.004696210772332742,14.1772012901457,78.06098487937588,351.02251637168564,0.9738406627967916
4,2018,CC_BR_HSA,Chinese_Community,Bronze,0.025897074525882722,338.42,409.3295683900897,-10.400700696994349,136.07038928453034,341.6692842077082,0.6,-188.91727848341318,152.75200572429503,0.4970321435872152,-0.025409111630759387,14.1772012901457,78.06098487937588,347.55835735976234,0.9737069842624929
4,2018,CC_G,Chinese_Community,Gold,0.011376424068344904,533.34,708.3871416303579,298.3624202359949,563.5426858566134,331.9637365149871,0.8640000000000001,122.22050214142399,454.1842386564111,1.639680381534298,0.421185539236796,14.1772012901457,78.06098487937588,545.4541754890639,0.9777906632061216
4,2018,CC_P,Chinese_Community,Platinum,0.009759065329799088,588.44,748.1801336830298,448.3090254162909,591.3550813625739,221.81012338736298,1.035,617.5339728923665,839.3440962797295,2.7370661044034374,0.599199317428307,14.1772012901457,78.06098487937588,601.3472858277926,0.9785360537380245
4,2018,CC_SIL,Chinese_Community,Silver,0.03620173360413831,502.01,727.0645668821877,248.78778876843472,584.8152112973842,400.2157932343771,0.721,-73.58569266553187,326.6301005688452,1.144667731219419,0.342181148828764,14.177201290144993,78.06098487937588,512.0558492861084,0.9803813406289296
4,2018,HN_BR,Health_Net,Bronze,0.02024875033299188,467.99,594.5291029734205,136.8835753431361,462.1505137397384,407.6178483512201,0.6,-177.61241673142234,230.0054316197978,0.5707295853492894,0.23023864543979392,11.815808603724241,50.027679279064344,321.2013970874709,1.456998643977115
4,2018,HN_G,Health_Net,Gold,0.0010057842049072405,774.41,970.1512739855592,441.5371256547565,743.7554525013535,478.5864690517384,0.8640000000000001,226.9805685437933,705.5670375955317,1.7885307197226878,0.4551219356140626,11.815808603724241,50.027679279064344,510.93753171896685,1.5156647377119128
4,2018,HN_P,Health_Net,Platinum,4.592544961299601e-4,914.3,1226.8041567724736,409.2394969423954,848.6069501958704,767.5369805510138,1.035,939.2038795207986,1706.7408600718124,3.4734138410045117,0.3335817658288992,11.815808603724241,50.027679279064344,653.2293658246082,1.3996615091635196
4,2018,HN_SIL,Health_Net,Silver,0.0020025875613500633,701.96,817.6612688489147,315.37256163446915,664.451351270168,452.2610279353812,0.721,114.85117718317498,567.1122051185562,1.3159445043682316,0.38570074632303863,11.815808603723244,50.027679279064344,428.84262057241665,1.6368708853215845
4,2018,KA_BR,Kaiser,Bronze,0.09663808588317939,343.95,415.3043028563688,50.419718937647175,223.29622077699872,345.86467972443324,0.6,-164.1538495901687,181.7108301342645,0.5533593520766941,0.12140427775698875,6.25,19.019904194288372,293.44614858643143,1.1721060291874752
4,2018,KA_BR_HSA,Kaiser,Bronze,0.09763877037383895,343.06,414.20735162245506,44.50219426872444,211.20240433020444,350.68525315944225,0.6,-164.32412129928983,186.36113186015243,0.5529104664273459,0.1074394119138852,6.25,19.019904194288372,292.67527199223304,1.1721523231696325
4,2018,KA_G,Kaiser,Gold,0.042468087219709856,535.32,706.4949850690726,126.78474922800551,509.98120898324254,560.6903316467788,0.8640000000000001,34.034748037705825,594.7250796844846,1.4398921186514138,0.17945597903375068,6.25,19.019904194288372,461.72324965667036,1.159395807765918
4,2018,KA_G_COIN,Kaiser,Gold,0.08000787711410073,508.62,702.3113143096526,214.10517152974683,506.7499063184153,469.18623858561745,0.8640000000000001,11.540142704211611,480.7263812898291,1.454362054293631,0.30485792720028254,6.25,19.019904194288372,439.63335272419454,1.1569185932967294
4,2018,KA_P,Kaiser,Platinum,0.03865622019250642,587.6,745.3941146543075,62.67109645009593,567.5612246227242,663.7031140099232,1.035,25.498661254148132,689.2017752640713,1.5291566779840802,0.08407779886907343,6.25,19.019904194288372,504.57316411328793,1.164548655758614
4,2018,KA_SIL,Kaiser,Silver,0.06714624311358146,528.52,727.5580680879367,266.6535873729342,496.6666225154266,441.8845765207141,0.721,47.891549291461445,489.77612581217556,1.3556550317709508,0.36650488678342164,6.25,19.019904194288372,456.842973876327,1.1568964178555514
4,2018,OSC_BR,Oscar,Bronze,0.02776030897816301,383.33,468.3178940427306,99.41138785987339,273.61120455767025,311.9215557993739,0.6,-205.2403624929057,106.68119330646822,0.4682959248371419,0.21227330649638346,12.5,56.98495038348331,270.416123415361,1.4175560064930095
4,2018,OSC_BR_HSA,Oscar,Bronze,0.03046831983195004,374.6,455.9319098863134,78.77338747001401,264.49013381380564,320.1735720328161,0.6,-205.59762793196919,114.57594410084693,0.46389433962583676,0.17277445548756645,12.5,56.98495038348331,264.4530954136075,1.4165082825524185
4,2018,OSC_G,Oscar,Gold,0.001734735650059951,668.13,813.451519500857,518.6734256943442,620.1982948710935,237.79314342302933,0.8640000000000001,253.7279148630605,491.52105828608984,1.8099792176872336,0.6376205751175044,12.5,56.98495038348331,460.8997488364095,1.4496210980517246
4,2018,OSC_P,Oscar,Platinum,7.21620299899475e-4,787.85,1009.5618752435473,1198.2648504024453,692.9493374977005,-245.6879255423812,1.035,1387.3960860456316,1141.7081605032504,4.314949289193852,1.1869157104544732,12.5,56.98495038348331,542.1036327386374,1.453319904941208
4,2018,OSC_SIL,Oscar,Silver,0.005060963690439022,605.97,735.8558565435559,412.78345786235883,620.0559137374801,266.08744829771376,0.721,52.65231197269665,318.73976027041044,1.2195081764962141,0.5609569512720537,12.5,56.98495038348331,418.088122667686,1.449383436519316
5,2014,ANT_BR,Anthem,Bronze,0.04192698495999049,276.28,342.2352498710622,24.627261350731004,217.6698258487148,282.62597853055763,0.6,-153.75916456827522,153.38481977989665,0.6888212539642808,0.071960037313542,16.5,34.98200998977356,238.78090289596372,1.1570439538892878
5,2014,ANT_BR_HSA,Anthem,Bronze,0.040923885740350906,278.17,344.58261918746757,-14.039703114581158,222.65913537032267,323.64031231227517,0.6,-153.55075610008393,170.08955621219124,0.6895998484917066,-0.04074408380691704,16.5,34.98200998977356,240.40339230241494,1.1570968168788427
5,2014,ANT_G,Anthem,Gold,0.012597274349853489,444.3,518.7207551060288,203.68761409258374,385.73719403335554,280.05113102367153,0.8640000000000001,55.08779748765712,392.15563037503676,1.7518547091443804,0.39267295955980996,16.5,34.98200998977356,377.1074338153343,1.178178842842884
5,2014,ANT_P,Anthem,Platinum,0.008902239441708886,515.21,587.9102692441936,532.9116184617064,245.4973656721459,20.016640792713588,1.035,757.0543282987184,846.3782193397018,4.1115462165355625,0.9064506036725768,16.5,34.98200998977356,433.7489819674643,1.187806822423035
5,2014,ANT_SIL,Anthem,Silver,0.03604247132397168,369.58,455.29418284438947,129.53512203204744,357.8673205757299,290.77705082256847,0.721,-24.79532105320667,281.4926874575707,1.359214043317365,0.28450862522071796,16.5,34.98200998977356,315.6313919413501,1.1709228214811869
5,2014,BS_BR,Blue_Shield,Bronze,0.05785253001141193,273.39,340.6384576671984,39.968002040869415,172.40299926454156,259.7056555492526,0.6,-151.50469438013917,118.46413895314826,0.7043028664737613,0.11733261803315789,12.162554835435389,40.9648000770764,257.24004469860654,1.0627816533009682
5,2014,BS_BR_HSA,Blue_Shield,Bronze,0.061188028500445725,268.9,334.99380558851175,29.799508876982266,166.7935353927986,264.2294966344531,0.6,-151.97834479372202,112.2511518407311,0.7023962417731591,0.08895540269656917,13.241450900650232,40.9648000770764,253.07033243156326,1.0625504673595727
5,2014,BS_G,Blue_Shield,Gold,0.044996771213359606,389.72,483.6120479723614,227.78385807974678,274.2505504764397,214.8633898155382,0.8640000000000001,81.58395922848968,330.9933865028019,1.939407815134832,0.47100534206038785,16.808868884938704,40.9648000770764,359.3709350564826,1.0844505272490872
5,2014,BS_P,Blue_Shield,Platinum,0.03859966145492977,446.56,532.5443606515206,647.8401820223377,94.49773805375253,-156.2606214478934,1.035,696.7691863760958,626.0135280688054,3.9989857058154894,1.2164999385774415,20.119255391530693,40.9648000770764,406.653361597191,1.0981342887368981
5,2014,BS_SIL,Blue_Shield,Silver,0.11796074251020496,330.95,438.29249631192494,140.27170336896057,271.241621161858,257.05599286588796,0.721,-31.424631112700226,252.44176616299146,1.4443858708139163,0.3200413070022803,15.833870961398347,40.9648000770764,306.599014087917,1.0794229100329082
5,2014,HN_BR,Health_Net,Bronze,0.03296550593692274,277.52,343.8125462082953,-27.94211969010547,210.02194180207994,322.5333779839482,0.6,-183.7195207590179,138.81385722493025,0.5802548207678254,-0.08127137883204827,19.750223938459463,49.2212879144526,250.169837060057,1.109326381075178
5,2014,HN_G,Health_Net,Gold,0.00596040248211124,479.07,543.8693981028947,-70.59683414657678,416.9194955011999,565.2449443350189,0.8640000000000001,-11.212790775376778,554.0321535596421,1.4858269897626606,-0.12980475531962282,19.750223938459463,49.2212879144526,467.7056274663514,1.0242981308461296
5,2014,HN_P,Health_Net,Platinum,0.0031953343141354353,574.71,641.1455808151892,-643.3954007688505,445.43044775770016,1235.3196936695872,1.035,347.5182675172509,1582.8379611868381,2.7807991441542566,-1.0035090625608005,19.750223938459463,49.2212879144526,557.5368927540708,1.0308017414974981
5,2014,HN_SIL,Health_Net,Silver,0.015170480914386516,400.99,471.5923821640517,-67.70466063341144,363.81574364987165,490.0757548830105,0.721,-42.41690906026932,447.6588458227412,1.2315490062845287,-0.1435660608484112,19.750223938457804,49.2212879144526,392.1347517918447,1.0225821561789452
5,2014,KA_BR,Kaiser,Bronze,0.04832400900817506,257.35,317.78372461855304,7.236258628421098,188.69076409048347,292.6877343007008,0.6,-168.57483290765748,148.36528350670164,0.6311396312835466,0.022771017103242253,6.25,17.85973168943113,249.39548978657075,1.0318951646649128
5,2014,KA_G,Kaiser,Gold,0.015652382385151264,425.63,505.76223583320507,165.86589476480364,417.3609392575986,322.0366093789703,0.8640000000000001,-48.59341197808002,300.2303023226638,1.4313666117937585,0.3279523123974492,6.25,17.85973168943113,406.95607536316345,1.0458868309563192
5,2014,KA_P,Kaiser,Platinum,0.021259582767898938,457.77,543.130088070709,156.245491174041,462.8249766620278,369.02486520723687,1.035,-85.88794717589568,307.94288292525545,1.5202417438265605,0.28767599992306025,6.25,17.85973168943113,435.7266211112285,1.0505899291453769
5,2014,KA_SIL,Kaiser,Silver,0.04880666789762668,350.1,444.35988771893216,133.84790714313405,381.2107680239567,292.652248886367,0.721,-36.267158869059365,289.85232727803975,1.3626142214191468,0.3012150980373727,6.25,17.85973168943113,336.8966045566472,1.0391912392846119
5,2014,OS_BR,Other_Small,Bronze,0.011113225502681356,300.59,370.84696928004223,-10.669695858464195,283.0908524385177,381.5166651385064,0.6,31.038744836673743,412.55540997518017,1.354362875621161,-0.02877115560409786,0,0,300.59,1
5,2014,OS_G,Other_Small,Gold,0.010570266950523651,397.5,488.1029169063975,-11.27480844335929,420.7343726968377,499.3777253497568,0.8640000000000001,-73.58364408381159,425.79408126594524,1.4006316202162976,-0.02309924414059881,0,0,397.5,1
5,2014,OS_P,Other_Small,Platinum,0.010349012079966108,447.52,535.6035336204869,-18.982901095673924,468.07423134078374,554.5864347161609,1.035,-129.18076463068743,425.40567008547345,1.3992728192108292,-0.03544207590894024,0,0,447.52,1
5,2014,OS_SIL,Other_Small,Silver,0.016907668002598367,354.75,445.19819050694434,-1.2273005637954384,388.03587957928863,446.4254910707398,0.721,-31.782262180537803,414.64322889020195,1.3616535500976146,-0.002756751015537415,0,0,354.75,1
5,2015,ANT_BR,Anthem,Bronze,0.04440837959805189,295.01,371.7516521714736,-4.66025677251983,260.79598370432234,342.5219041426875,0.6,-152.26242644894063,203.00418093111372,0.6943651274402216,-0.012535940984521158,16.5,33.890004801305935,254.55613656493185,1.1589192230089853
5,2015,ANT_BR_HSA,Anthem,Bronze,0.04316515849584537,296.98,373.96220246982745,-48.67780834647547,265.2120124531368,388.750006014997,0.6,-151.8392086283201,236.91079738667688,0.69487976385719,-0.13016772290082704,16.5,33.890004801305935,255.99328336629134,1.160108562594833
5,2015,ANT_G,Anthem,Gold,0.010392562253157569,478.71,569.469657933751,165.13883898378143,408.6540508758278,370.44081414866366,0.8640000000000001,95.72318516007523,497.53950582924494,1.787823274970952,0.289987072503506,16.5,33.890004801305935,401.5716387748698,1.1920911582811646
5,2015,ANT_P,Anthem,Platinum,0.006543854233613139,561.43,672.059091793209,517.914232880411,263.2530425467511,120.25485411149202,1.035,922.1745057113153,1112.0931096276254,4.311228646859872,0.7706379382481028,16.5,33.890004801305935,467.04039531686084,1.2021015861360365
5,2015,ANT_SIL,Anthem,Silver,0.043130323218276506,390.85,487.9279491362434,119.36118203996753,385.6726415728317,334.67676229496993,0.721,-1.2842203216704502,355.85349447806135,1.3722359717048898,0.24462870440454823,16.5,33.890004801305935,329.5297096820419,1.186084254367004
5,2015,BS_BR,Blue_Shield,Bronze,0.06311773328218204,289.77,368.88159479645753,34.74847021370337,201.7022032477545,291.0989128726692,0.6,-150.76376243685954,156.0261756969268,0.7114252171884595,0.09419952283842455,13.497266058896182,43.034211710084975,273.6859535379905,1.0587682570263033
5,2015,BS_BR_HSA,Blue_Shield,Bronze,0.06737865895397141,285.01,363.1733481473972,8.431281750856755,194.50537070788133,311.70785468645545,0.6,-151.63417709963042,160.073677586825,0.7097521359160989,0.02321558504737755,13.76927298469342,43.034211710084975,269.2626000972989,1.058483428062459
5,2015,BS_G,Blue_Shield,Gold,0.03880675826948797,413.06,510.12907433952114,201.77883798937015,280.8814502046648,265.316024640066,0.8640000000000001,122.6485639567292,425.12730289818455,1.926319435413319,0.39554467318025155,18.07014293591877,43.034211710084975,381.60095018064175,1.0824396527431763
5,2015,BS_P,Blue_Shield,Platinum,0.031601390823304036,473.32,566.5109795219365,651.9519449796538,96.81181209300647,-128.47517716780226,1.035,811.2937009018192,772.5644221305453,3.9966428006655117,1.150819610821698,22.06505754412578,43.034211710084975,432.0233774326763,1.09558886098417
5,2015,BS_SIL,Blue_Shield,Silver,0.14263585816421478,350.78,470.14177614551954,125.08222314231304,296.22229628663035,302.0253412931215,0.721,-6.920164666586017,323.5427765658562,1.4557119157779121,0.26605213467266364,17.473642753568125,43.034211710084975,325.8977222093585,1.0763499591895183
5,2015,HN_BR,Health_Net,Bronze,0.03001812203090536,301.63,383.353569579923,-72.21938322831107,262.7842371941378,404.7494123108229,0.6,-186.89323016714746,236.20028192936473,0.5916689515474134,-0.18838844596503623,8.19906741331413,50.82354049741116,300.15246783738,1.0049226054120617
5,2015,HN_G,Health_Net,Gold,0.0054029848529235725,507.8,607.1102170345183,-42.84070337407138,460.28453490542626,599.1273799111785,0.8640000000000001,16.27656170246983,668.1454750502432,1.5555169304594796,-0.07056495208288613,9.828415579898177,50.82354049741116,498.4427381079661,1.018772992716381
5,2015,HN_P,Health_Net,Platinum,0.002888343939448925,609.5,736.9630375308783,-892.9095589882983,538.0153513276626,1579.0490560217654,1.035,454.1656725159547,2207.465907865186,3.0014990816725478,-1.2116069782548435,12.52384194053184,50.82354049741116,595.3700529549351,1.023733049680506
5,2015,HN_SIL,Health_Net,Silver,0.016158042002180472,425.04,515.7698174102018,-76.66619760790013,404.2423785650903,541.6124745206907,0.721,-20.709622134641915,565.5454250908954,1.2722543659365249,-0.14864421108016487,11.043226661377446,50.82354049741116,416.42265626972915,1.0206937437253394
5,2015,KA_BR,Kaiser,Bronze,0.05816509978198173,266.33,336.65982561749996,-22.297030945352567,222.7956120349847,339.51179900524664,0.6,-171.8221154342333,173.607819501592,0.6343146592399138,-0.0662301505813931,6.25,19.445057557605885,249.06463426052488,1.0693208242540582
5,2015,KA_G,Kaiser,Gold,0.0183170440038213,432.46,527.8453839472385,109.485344619123,424.95632300966736,398.9149817705096,0.8640000000000001,-31.296708059535753,377.4727252394219,1.443393254869397,0.20741934655256314,6.25,19.445057557605885,398.2755879692902,1.0858310503162087
5,2015,KA_P,Kaiser,Platinum,0.025639931198456384,461.96,565.2351144417407,86.61121923292433,474.3229962243643,459.17883765121053,1.035,-70.64266103869413,401.1757175157709,1.534072597797767,0.15323042928510666,6.25,19.445057557605885,422.9160616198388,1.092320774554214
5,2015,KA_SIL,Kaiser,Silver,0.0806472740492621,356.01,471.2395388601282,89.83010105700373,380.22424818883195,361.9643802455186,0.721,-20.78020025491382,355.7914603240636,1.3935317832972907,0.1906251357309532,6.25,19.445057557605885,330.4772945897861,1.0772600896588285
5,2016,ANT_BR,Anthem,Bronze,0.0402985703616085,314.87,400.9369223453767,27.857322254053948,277.4379616672615,338.0838450907978,0.6,-135.72848411070237,218.17598713507115,0.6976150902929026,0.06948056090992034,14,34.995755000524916,265.25627815182185,1.1870407071751994
5,2016,ANT_BR_HSA,Anthem,Bronze,0.05441799737351532,293.65,374.7820162735196,-30.793446135236756,244.91616495761428,370.57970740823146,0.6,-139.37591187450263,231.2037955337288,0.6897108488280707,-0.08216361724454621,14,34.995755000524916,247.63787435304369,1.1858040728509862
5,2016,ANT_G,Anthem,Gold,0.006204680078226656,530.29,635.4414886620762,271.37341462994095,440.6264996109917,329.0723190316103,0.8640000000000001,174.84259545266127,543.0445296630429,1.8239733277911603,0.4270627893707703,14,34.995755000524916,429.2720239769982,1.2353239213846712
5,2016,ANT_P,Anthem,Platinum,0.0037252334930604676,620.38,757.4743856604816,789.5307732019276,291.2826847440683,-67.05214254197085,1.035,1158.673125121268,1176.9987813350895,4.438092938473928,1.0423200944458264,14,34.995755000524916,495.39185661157364,1.2523015704039457
5,2016,ANT_SIL,Anthem,Silver,0.030535911247983064,420.76,522.2685974795526,177.52432796678335,411.67234078713454,309.7485145122443,0.721,48.05228767401959,385.1407477734665,1.3673967541650238,0.33991001722774195,14,34.995755000524916,342.8767417802734,1.2271465186449908
5,2016,BS_BR,Blue_Shield,Bronze,0.05861411190360388,308.79,398.0639611188892,42.405657160487266,241.32300949034627,312.60292427447166,0.6,-133.91456817264296,185.89240879827474,0.7162332581726094,0.10652975728144862,12.790185843318216,43.05537968393028,284.31944784571454,1.0860671063470986
5,2016,BS_BR_HSA,Blue_Shield,Bronze,0.05638708145058139,311.5,401.2923849404084,37.322813446877916,246.09517035239432,320.9141918096002,0.6,-133.34879987470293,187.56539193489724,0.7171237059721028,0.09300653301063842,13.297827195889305,43.05537968393028,286.6356603041531,1.0867454512444927
5,2016,BS_G,Blue_Shield,Gold,0.023860515442292788,456.3,560.0685175838049,285.09101798737095,329.60935896636647,231.9221199125037,0.8640000000000001,209.0715995360728,465.36489043776277,1.94757252862406,0.509028822432805,17.708304295771264,43.05537968393028,396.7920290840679,1.149972697418587
5,2016,BS_P,Blue_Shield,Platinum,0.00763897203323249,581.72,683.1750762312008,935.7416051536471,178.19338503415898,-295.62190860637656,1.035,1057.9930033326145,868.4352077043864,4.128538831875398,1.3696951743552372,24.759576984739944,43.05537968393028,493.12624729708347,1.1796573457375579
5,2016,BS_SIL,Blue_Shield,Silver,0.1607648107000483,360.51,497.31109147181087,151.32249576752875,321.25332697414706,302.93321602035184,0.721,38.82085680625091,360.5810066306497,1.479229300713228,0.30428136102833364,15.907239447421828,43.05537968393028,318.87317848941336,1.1305748627333012
5,2016,HN_BR,Health_Net,Bronze,0.03622960788535094,302.32,390.05195243825693,-47.097843590835055,251.5076901899344,385.691646332756,0.6,-178.2380641605091,224.53272254266264,0.5905860620671783,-0.12074761655831061,7.11279418332617,51.458149696335965,273.68588406343866,1.1046240146237287
5,2016,HN_G,Health_Net,Gold,0.007544690288756339,495.94,610.2837960255213,-213.96224436244478,459.0864464934058,772.7878906916301,0.8640000000000001,62.00831144903052,903.5229089430156,1.5622924629236123,-0.35059466719561594,11.379340856662047,51.458149696335965,510.552018371248,0.9713799615994803
5,2016,HN_P,Health_Net,Platinum,0.004528600326360966,582.74,721.0619920579841,-1114.5073115070697,514.9236250374211,1784.1111538687178,1.035,569.0981441860225,2546.9431998828336,2.9950051926549013,-1.545647009248335,11.929062377558525,51.458149696335965,599.3584832200625,0.9722728822811026
5,2016,HN_SIL,Health_Net,Silver,0.0399668949138895,394.84,518.441450341004,-342.6989858567052,394.8946549564982,809.6822865013733,0.721,-0.5991224826168151,875.6929799829999,1.3038927676670027,-0.6610177207692315,9.946349085293672,51.458149696335965,406.1648744639217,0.9721175434511197
5,2016,KA_BR,Kaiser,Bronze,0.0546646183101193,284.61,362.58495682171264,-3.0412648464764303,233.64275416142257,346.97157383442493,0.6,-157.258386478215,196.79558421979849,0.6366697884531474,-0.00838773034914368,6.25,18.654647833764137,267.722011214081,1.063080314948085
5,2016,KA_BR_HSA,Kaiser,Bronze,0.059901954627866086,277.29,352.56787758311435,-14.34607018714744,215.69369137687946,348.25929993649765,0.6,-157.8116447747744,190.44765516172328,0.6329641925116192,-0.0406902361198958,6.25,18.654647833764137,260.60436974969343,1.0640266710275537
5,2016,KA_G,Kaiser,Gold,0.018980206891217252,444.92,551.0327735209037,145.71357364218105,426.61878883643027,386.6645520449585,0.8640000000000001,19.870892578287094,425.5567656253793,1.4598964151974778,0.2644372179736662,6.25,18.654647833764137,412.94792433637383,1.0774239892717872
5,2016,KA_P,Kaiser,Platinum,0.02360343976791674,481.59,594.851955683278,144.60588939407566,480.3225030588155,431.5914184554382,1.035,-9.178440690496041,442.4792995555581,1.556244463605889,0.24309559380698983,6.25,18.654647833764137,444.2071250861869,1.0841564054303718
5,2016,KA_SIL,Kaiser,Silver,0.07412973681285931,373.75,499.6964141456088,128.55015965698536,412.70854482474545,352.4916066548593,0.721,25.11689441426559,398.14364503518664,1.3989923174637784,0.2572565181937178,6.25,18.654647833764137,349.96075282340485,1.0679769002228645
5,2017,ANT_BR,Anthem,Bronze,0.034701307729671775,371.34,466.0488112823123,34.75340291151494,328.19196773913154,394.2072392732264,0.6,-139.10919613226872,255.09804314095766,0.681910068038313,0.07457030695109493,10.5,37.088169097570955,299.5828221887004,1.2395236725759309
5,2017,ANT_BR_HSA,Anthem,Bronze,0.03822282862094825,363.73,456.7891840850629,3.061914862876421,315.0830436131455,416.63910012461554,0.6,-140.49261760974673,276.1464825148688,0.6791575122322587,0.006703124700750868,10.5,37.088169097570955,293.94530716004124,1.2374070656687295
5,2017,ANT_G,Anthem,Gold,0.002460030881722888,666.53,758.2633446932697,370.2775351799629,551.617304674922,350.8976404157358,0.8640000000000001,250.824188146199,601.7218285619348,1.80992510670314,0.4883231370359152,10.5,37.088169097570955,510.94308898027765,1.3045092777949834
5,2017,ANT_P,Anthem,Platinum,0.0012187637949089179,792.88,918.9888248024166,746.9347022087533,510.99349178014893,134.96595349609242,1.035,1372.2069841965038,1507.1729376925962,4.356996061475959,0.8127788739643759,10.5,37.088169097570955,604.323066214455,1.312013464861909
5,2017,ANT_SIL,Anthem,Silver,0.012499659715487626,527.33,609.9945428340402,250.03489240127269,497.357705325093,322.87148133519656,0.721,90.15874648088726,413.0302278160838,1.31707863525266,0.4098969332407603,10.5,37.088169097570955,398.6929583672539,1.322646886364752
5,2017,BS_BR,Blue_Shield,Bronze,0.04023237775121319,382.91,486.8316513799164,111.10464879782072,335.2342765060746,331.8739166547581,0.6,-134.21980579462672,197.65411086013134,0.7072969580875633,0.22821985481612872,11.027679023773963,43.85308592733761,336.3480584896855,1.1384338049085019
5,2017,BS_BR_HSA,Blue_Shield,Bronze,0.04700018174083316,370.85,472.40545997247693,83.6069935723169,316.6953879433417,344.9453804728224,0.6,-136.60284121418658,208.3425392586358,0.7034256163747653,0.1769814294212179,10.739982750762714,43.85308592733761,326.37836546638385,1.1362579117953107
5,2017,BS_G,Blue_Shield,Gold,0.011250561287377812,559.13,671.294960642265,386.31870872665934,439.8084646793485,241.12316598826806,0.8640000000000001,277.1175620844549,518.240728072723,1.9384082023311524,0.575482807672274,14.933910843875966,43.85308592733761,465.90760629472845,1.2000877265057999
5,2017,BS_G3,Blue_Shield,Gold,0.0026124733273185223,634.63,732.1040857028047,565.6694445983001,470.8232503690218,122.58155517716705,0.8640000000000001,309.28916186983713,431.8707170470042,1.9605856180179824,0.7726625976349649,10.29837213279703,43.85308592733761,422.5675538928863,1.501842709298187
5,2017,BS_P,Blue_Shield,Platinum,0.0032046582874324073,715.52,834.8732552060404,1143.6524888922902,305.0217041501365,-352.63231961358724,1.035,1278.8348560698687,926.2025364562815,4.1665805592001925,1.369851629287185,21.095540053805596,43.85308592733761,587.3886921183047,1.2181371715203
5,2017,BS_P3,Blue_Shield,Platinum,0.0010082319826875054,784.27,891.6989620960288,1451.0183475167937,370.14244686045726,-603.1724713481025,1.035,1286.2441446394037,683.0716732913012,4.145925206425555,1.627251358581856,12.76509885563213,43.85308592733761,510.9518262603368,1.534919653267672
5,2017,BS_SIL,Blue_Shield,Silver,0.08175057279786235,450.38,591.0102834361712,220.05486540037853,434.90425221127816,327.1023321084551,0.721,67.6750468072674,394.77737891572247,1.4114002598060151,0.3723367791859147,13.80737180025495,43.85308592733761,380.07396955921615,1.1849798620050722
5,2017,BS_SIL3,Blue_Shield,Silver,0.010499956930128252,523.24,615.8709039518236,264.41567597611345,467.9576525468062,307.60214204837257,0.721,102.55761252376554,410.1597545721381,1.366022716223841,0.4293362038691104,14.2393053276174,43.85308592733761,350.9439593134934,1.4909502959490946
5,2017,HN_BR,Health_Net,Bronze,0.028019861246877456,368.83,469.8959144584858,-61.545032241248826,326.16966426382,481.636327539621,0.6,-186.3432223883086,295.29310515131243,0.5810979215739048,-0.1309758828445532,9.324715316666195,49.80461916011361,331.6880703090459,1.11197849128655
5,2017,HN_G,Health_Net,Gold,0.0035040595001873905,610.02,717.771047907617,-286.57450980657063,559.1819673809696,954.540938554074,0.8640000000000001,114.28637141978608,1068.82730997386,1.541102072223608,-0.3992561564609877,14.978010287813955,49.80461916011361,626.1361903166269,0.9742608867433822
5,2017,HN_P,Health_Net,Platinum,0.0017963655549161535,720.74,851.0102840425446,-474.70462796887693,609.398977549864,1275.910292851308,1.035,700.4965713694721,1976.40686422078,2.9454223216551325,-0.5578130333676966,15.900576440458412,49.80461916011361,739.2839179801564,0.9749163784993168
5,2017,HN_SIL,Health_Net,Silver,0.0203563230993367,489.43,604.7749030936916,-339.3322508654087,488.455029706092,894.3025347989867,0.721,28.23799782966703,922.5405326286538,1.2442064098841992,-0.5610885126508621,12.692099216893798,49.80461916011361,501.9040055984732,0.9751466307115858
5,2017,KA_BR,Kaiser,Bronze,0.07615615884504087,291.25,361.08030723662813,-18.853798005403114,134.6633817197933,361.42224874136,0.6,-169.47218130934363,191.9500674320164,0.5946751903155576,-0.0522149716490841,6.25,18.51185650067122,274.2689470001971,1.061913873901994
5,2017,KA_BR_HSA,Kaiser,Bronze,0.07436164765735741,293.65,364.11011272585193,-17.780863667900284,143.83596641366046,363.379119893081,0.6,-169.06809071675926,194.31102917632174,0.5958212796126673,-0.04883375398388883,6.25,18.51185650067122,276.6466674670138,1.0614622713104382
5,2017,KA_G,Kaiser,Gold,0.035771287124606296,465.46,599.6879426204988,80.33033596444943,407.5810966499491,500.84575015537814,0.8640000000000001,19.091459049039365,519.9372092044175,1.4456899995527537,0.1339535619366037,6.25,18.51185650067122,438.0532184867983,1.0625649586775667
5,2017,KA_G_COIN,Kaiser,Gold,0.05531896145118961,444.76,589.2293534178356,28.224362410931356,397.79604384007115,542.493134506233,0.8640000000000001,7.605503592469155,550.0986380987022,1.4591721977156737,0.047900469057108964,6.25,18.51185650067122,419.65320279715115,1.059827488591776
5,2017,KA_P,Kaiser,Platinum,0.03622922934495812,513.73,646.7585254188544,117.86047204938728,468.69006724043066,510.38619686879593,1.035,-5.165913702330605,505.2202831664653,1.5303426900728674,0.18223257586447486,6.25,18.51185650067122,480.96380503689284,1.0681261138987244
5,2017,KA_SIL,Kaiser,Silver,0.1603536554399336,401.6,552.6169993128549,91.01335182591936,350.1130857453417,443.0917909862643,0.721,27.511882855080852,470.60367384134514,1.3761387656083128,0.16469517213384466,6.25,18.51185650067122,382.7524736829373,1.049242075787799
5,2018,BS_BR,Blue_Shield,Bronze,0.04353458930773381,423.1,521.8635444790234,121.5256021044051,284.265884848446,355.95340066055587,0.6,-111.72420576155989,244.22919489899598,0.6812836615860269,0.2328685408093109,6.585638402257489,44.38454171406244,354.4168638038877,1.1937919529532244
5,2018,BS_BR_HSA,Blue_Shield,Bronze,0.045767015269507015,416.28,511.1790978055068,62.52200265121467,270.14630217857757,404.2725534402297,0.6,-111.86837440732292,292.40417903290677,0.6766889374787657,0.12230938807870234,6.38385032237901,44.38454171406244,349.33789119874734,1.1916256738470077
5,2018,BS_G,Blue_Shield,Gold,0.007885078363859703,665.01,853.258561601141,506.1004224081756,598.353084598295,302.77359747890296,0.8640000000000001,318.2481458134871,621.02174329239,2.0569551662276497,0.5931384051494044,9.814128332423806,44.38454171406244,522.4960875571421,1.2727559417892713
5,2018,BS_G3,Blue_Shield,Gold,0.002265440915938695,730.42,893.9881578495334,379.803186872843,612.7658536160561,469.800429262628,0.8640000000000001,326.6091111634015,796.4095404260295,2.0148830471876895,0.4248414070567224,18.62506226186798,44.38454171406244,463.960319041935,1.5743156688664597
5,2018,BS_P,Blue_Shield,Platinum,0.0016424150248910171,889.33,1138.3107823905264,1310.1136499156719,593.6336154735076,-216.1874092392079,1.035,1217.2233465943948,1001.0359373551869,4.108291747818302,1.1509279101831473,13.646169547691077,44.38454171406244,702.9965651805479,1.2650559676228246
5,2018,BS_P3,Blue_Shield,Platinum,4.927482340017549e-4,982.83,1161.804567360357,1521.7997495860645,711.3316808728995,-404.37972393976986,1.035,1108.5482642576796,704.1685403179098,3.7606131238444207,1.3098586391716671,36.1216941314577,44.38454171406244,621.2082939947919,1.5821263326665111
5,2018,BS_SIL,Blue_Shield,Silver,0.0314790613632764,579.13,774.009456157091,365.10864544909555,734.6852386748197,364.516268993933,0.721,109.39578301964566,473.91205201357866,1.4732250123150459,0.47171083317487794,9.857074343235606,44.38454171406244,451.28117401651485,1.283301926480998
5,2018,BS_SIL3,Blue_Shield,Silver,0.009109964005743468,618,770.6325138731867,517.7571777631576,633.06563341628555,208.49079439596653,0.721,125.12133225572433,333.61212665169086,1.4298948450726265,0.6718600220498333,17.60809036177979,44.38454171406244,394.04629495050295,1.5683436386012166
5,2018,HN_BR,Health_Net,Bronze,0.02784540097122308,421.67,513.6025414720206,81.59061397837836,291.43351802076404,381.98424821457786,0.6,-157.86475405300015,224.11949416157768,0.5552091360502078,0.15885944361671964,11.815808603723891,50.027679279064344,321.2013970874709,1.3127900557828802
5,2018,HN_G,Health_Net,Gold,0.003260291301502164,697.76,870.4883738381558,319.1322326027256,689.2546546609503,501.32846195636586,0.8640000000000001,130.0488205581584,631.3772825145243,1.589210683799899,0.3666128603138125,11.815808603723891,50.027679279064344,510.93753171896685,1.3656463984011884
5,2018,HN_P,Health_Net,Platinum,0.0015812861696315906,823.8,1046.3601065211687,216.53042337406754,733.9840053443633,779.8020038680369,1.035,675.2195477703957,1455.0215516384326,2.9312671758915836,0.20693681078301598,11.815808603723891,50.027679279064344,653.2293658246082,1.2611190541932709
5,2018,HN_SIL,Health_Net,Silver,0.007250624969952228,632.48,775.4164314888088,243.41986551941392,656.2247474231052,481.9688866903306,0.721,68.88933056380623,550.8582172541368,1.2758687476830508,0.31392146933492865,11.815808603722973,50.027679279064344,428.84262057241665,1.4748534069579404
5,2018,KA_BR,Kaiser,Bronze,0.07142731741372918,311.19,370.9739942803552,20.56175761976378,-85.51618934255352,331.39233246630306,0.6,-147.1060537669634,184.28627869933962,0.5617043529416398,0.05542641246228354,6.25,19.019904194288372,293.44614858643143,1.0604671470354714
5,2018,KA_BR_HSA,Kaiser,Bronze,0.0719366909317947,310.38,370.0586140234153,14.70993324904991,-116.62543661931387,336.32877658007703,0.6,-147.27280669686107,189.05596988321594,0.5614175974933748,0.03975027925743446,6.25,19.019904194288372,292.67527199223304,1.060492736155164
5,2018,KA_G,Kaiser,Gold,0.09486662676036102,484.34,663.7975304075849,60.351443712546185,160.0135770099796,584.4261825007503,0.8640000000000001,18.665118461805946,603.0913009625563,1.4614441724934288,0.09091845170844369,6.25,19.019904194288372,461.72324965667036,1.0489833474059342
5,2018,KA_G_COIN,Kaiser,Gold,0.12258737944333634,460.18,622.570210905501,143.14059615936964,73.47604900363187,460.409710551843,0.8640000000000001,12.333674153616919,472.7433847054599,1.4286898847192973,0.2299188005657674,6.25,19.019904194288372,439.63335272419454,1.0467358701256124
5,2018,KA_P,Kaiser,Platinum,0.1386688702866189,531.64,749.4478435750004,-7.403457773615699,267.3264468936713,737.8313971543278,1.035,-11.474389323268538,726.3570078310593,1.6169798215859619,-0.00987854970440622,6.25,19.019904194288372,504.57316411328793,1.0536430349685322
5,2018,KA_SIL,Kaiser,Silver,0.13700178725625334,478.19,662.0172539047945,196.62268315975751,134.2817284999171,446.37466655074866,0.721,48.02652392774039,494.40119047848907,1.3692742347401605,0.2970053756152314,6.25,19.019904194288372,456.842973876327,1.046727272486086
6,2014,ANT_BR,Anthem,Bronze,0.049690036061321115,269.56,327.77059041120066,7.961538156848775,193.3302561597634,284.8270422645783,0.6,-164.3674094023285,143.3781010736914,0.6411289534944135,0.02428997106439819,16.5,34.98200998977356,238.78090289596372,1.1289009997480688
6,2014,ANT_BR_HSA,Anthem,Bronze,0.04865948474684211,271.4,330.1410139181106,-28.12838674421525,200.53591599653637,323.2873906725523,0.6,-164.25718164692643,159.03020902562588,0.6420132597364364,-0.08520112787680574,16.5,34.98200998977356,240.40339230241494,1.128935816590279
6,2014,ANT_G,Anthem,Gold,0.017058933047324816,433.47,504.1563219249287,179.88591270839768,393.4911742283298,289.28839922675746,0.8640000000000001,27.975402521343263,371.2394341127742,1.6526515134961501,0.35680582566449215,16.5,34.98200998977356,377.1074338153343,1.1494602363427975
6,2014,ANT_P,Anthem,Platinum,0.01204107308502155,502.66,567.0210746322454,500.17290889205765,255.94254968869691,31.866155750414123,1.035,701.3095678173898,798.5679404571871,3.8649876005007187,0.8821063824064324,16.5,34.98200998977356,433.7489819674643,1.1588730369347697
6,2014,ANT_SIL,Anthem,Silver,0.050515214630559385,360.59,446.99126503833634,110.73749933235055,496.3673852588263,301.2717557162122,0.721,-47.928962437898285,268.11670030779305,1.290628444205689,0.2477397389921101,16.5,34.98200998977356,315.6313919413501,1.1424402299851213
6,2014,BS_BR,Blue_Shield,Bronze,0.06954750806941262,264.83,323.2009119625625,19.348054585289056,98.37959955754155,262.88805730019703,0.6,-161.932863066283,110.53108982161608,0.6542510075119347,0.0598638613604228,10.768955171001569,40.9648000770764,257.24004469860654,1.0295053412476511
6,2014,BS_BR_HSA,Blue_Shield,Bronze,0.07273177322618177,260.48,317.2326870322351,9.725968208181776,89.16113240183893,266.54191874697693,0.6,-161.9160050848575,104.62591366211943,0.6517626918682718,0.030658783302470613,11.15258797082084,40.9648000770764,253.07033243156326,1.0292790841867667
6,2014,BS_G,Blue_Shield,Gold,0.06833433820409318,377.52,473.4854732645039,200.1544002449848,226.34552355397892,232.36627294244272,0.8640000000000001,51.547829226370155,316.9995969125737,1.8523222811010671,0.42272553551642383,16.53133621303786,40.9648000770764,359.3709350564826,1.0505023171689298
6,2014,BS_P,Blue_Shield,Platinum,0.05923668428062712,432.59,517.3454447200837,607.5130453206509,53.69947202638679,-131.13240067764355,1.035,645.8814802714944,596.179058567779,3.796605133293781,1.1742889620867416,18.54859362129116,40.9648000770764,406.653361597191,1.0637807057611401
6,2014,BS_SIL,Blue_Shield,Silver,0.16118532942200836,320.6,417.11258837511684,113.64612795227907,178.2876528091578,262.50166034576137,0.721,-49.86061661061367,237.90788754783645,1.356109147763927,0.2724591180405111,15.257868638621977,40.9648000770764,306.599014087917,1.0456654629295978
6,2014,KA_BR,Kaiser,Bronze,0.04489327820949505,270.89,329.39745812056566,16.823140189663462,204.93469472049722,294.71458624147107,0.6,-177.11529647938502,140.57887431448455,0.5959717720644433,0.05107246511752339,6.25,17.85973168943113,249.39548978657075,1.0861864431943975
6,2014,KA_G,Kaiser,Gold,0.012125510101261408,448.04,513.6977929656415,178.60326953588563,430.0406440667756,317.23479174032474,0.8640000000000001,-59.829319000592726,282.6214864173701,1.3422510186598984,0.3476815979776488,6.25,17.85973168943113,406.95607536316345,1.1009541990500418
6,2014,KA_P,Kaiser,Platinum,0.015665190345954694,481.86,550.3584371168785,168.67697599433833,475.11123282515246,363.821729433109,1.035,-97.7400754645478,289.39338672722647,1.4230388891243797,0.30648567300607543,6.25,17.85973168943113,435.7266211112285,1.105876888520417
6,2014,KA_SIL,Kaiser,Silver,0.03693372850369203,368.53,451.41551083586944,144.76060697730586,379.28158597967,288.79517216913246,0.721,-48.70742107151894,271.42761461634234,1.2706850421629263,0.3206815085047875,6.25,17.85973168943113,336.8966045566472,1.0938964507670892
6,2015,ANT_BR,Anthem,Bronze,0.04916632620294089,284.29,350.06507210907773,-21.840135316836125,230.32033610882692,338.0152026246079,0.6,-162.5139200221723,187.25739479015877,0.6372266390150128,-0.062388787276757784,16.5,33.890004801305935,254.55613656493185,1.1168067045497594
6,2015,ANT_BR_HSA,Anthem,Bronze,0.04794103726364254,286.18,352.2766410013295,-62.39919287153188,234.517083121588,380.78582907155544,0.6,-162.20963399216942,218.57619507938603,0.6378301383611219,-0.17713122475042672,16.5,33.890004801305935,255.99328336629134,1.1179199556986643
6,2015,ANT_G,Anthem,Gold,0.01256165102897945,461.31,533.5966319571904,131.9604763299656,396.56854556308986,367.7461508259189,0.8640000000000001,65.48156569392117,462.386422607587,1.6537893764542146,0.24730380296057144,16.5,33.890004801305935,401.5716387748698,1.148761405081749
6,2015,ANT_P,Anthem,Platinum,0.007816916808441205,541,617.6538772241554,451.4697482688325,255.9733571163064,132.2941241540169,1.035,827.689100468144,1024.1372419152544,3.9495220046382196,0.7309429518969695,16.5,33.890004801305935,467.04039531686084,1.1583580465945813
6,2015,ANT_SIL,Anthem,Silver,0.059162530783029355,376.64,473.00373784920913,95.43136682146732,378.46449329193695,343.6823662264359,0.721,-26.647506349495576,338.39378076911817,1.3007437149161714,0.20175605219401097,16.5,33.890004801305935,329.5297096820419,1.1429621941020554
6,2015,BS_BR,Blue_Shield,Bronze,0.0679778724888793,280.7,348.6055854228231,15.377295097684254,155.6005075612673,290.19407861505385,0.6,-160.72414162328084,143.94611096233058,0.652992367500826,0.04411086838735863,12.14599608986255,43.034211710084975,273.6859535379905,1.025628083470626
6,2015,BS_BR_HSA,Blue_Shield,Bronze,0.0720377058135556,276.09,342.8758055939034,-9.0657566036069,149.24385552420281,308.90735048742533,0.6,-161.30217724649592,147.60517324092945,0.6511045229670881,-0.026440350866704886,12.542488868493871,43.034211710084975,269.2626000972989,1.0253559161214145
6,2015,BS_G,Blue_Shield,Gold,0.049945093482205785,400.14,492.1618374877931,171.03952779473892,255.40849389044635,278.0880979829692,0.8640000000000001,89.16736555309916,402.43447282755693,1.8171500948184216,0.34752700182484414,17.597253322594074,43.034211710084975,381.60095018064175,1.0485822946996914
6,2015,BS_P,Blue_Shield,Platinum,0.041198246442440405,458.5,539.3131145339803,593.9029302944816,81.56609736950824,-97.62402747058627,1.035,741.8227297647186,728.8686244970415,3.75667250382429,1.101221005551983,20.505651408455282,43.034211710084975,432.0233774326763,1.0612851617536592
6,2015,BS_SIL,Blue_Shield,Silver,0.1870596787100721,339.8,454.67015098759896,101.49379067685382,246.64396539696568,310.14214860066016,0.721,-28.32850481350984,308.9704146411001,1.3860820913169054,0.22322510166193435,16.555654530791788,43.034211710084975,325.8977222093585,1.042658407356743
6,2015,KA_BR,Kaiser,Bronze,0.050293953524983476,273.33,335.8881601650629,-16.80643212222413,225.22138880516195,333.24953472968116,0.6,-177.57704422071652,161.16651339614847,0.5860820186238539,-0.05003579796907719,6.25,19.445057557605885,249.06463426052488,1.0974259786481497
6,2015,KA_G,Kaiser,Gold,0.014729689703598885,443.84,519.5808496865394,112.67615503997763,432.4045383345027,387.4596370889559,0.8640000000000001,-43.74574696331811,352.9275558003763,1.3437837825190884,0.21685971511066007,6.25,19.445057557605885,398.2755879692902,1.1144042301538781
6,2015,KA_P,Kaiser,Platinum,0.02037260440339824,474.12,555.5399314250828,90.70857129554963,479.7689206591393,445.38630257192733,1.035,-81.08937946164227,376.1479324570267,1.432492832049183,0.16328002032700345,6.25,19.445057557605885,422.9160616198388,1.1210735250490171
6,2015,KA_SIL,Kaiser,Silver,0.06561554026324892,365.39,468.44552380938796,93.29218953548997,405.30421974558794,355.7082767162921,0.721,-36.18985553345091,333.19811509494014,1.2996115083900932,0.19915269715214712,6.25,19.445057557605885,330.4772945897861,1.1056432801338145
6,2016,ANT_BR,Anthem,Bronze,0.04367333236562101,313.9,386.88675796930033,21.325498039398106,258.65042636998515,330.5655049293773,0.6,-143.59195023278417,201.59159444307988,0.6413569997843331,0.05512077526595081,14,34.995755000524916,265.25627815182185,1.183383866301315
6,2016,ANT_BR_HSA,Anthem,Bronze,0.0578461425942033,292.74,361.0932469904716,-33.983363538539145,227.07424036493063,360.0808555284858,0.6,-146.60087688686036,213.47997864162542,0.6336194231014601,-0.09411243168287743,14,34.995755000524916,247.63787435304369,1.1821293522438199
6,2016,ANT_G,Anthem,Gold,0.0064095317043103344,528.66,603.1563368550115,248.4796077529279,422.6889500398178,319.6809741015587,0.8640000000000001,149.70903429679566,505.83872199950963,1.691362513752023,0.4119655097193452,14,34.995755000524916,429.2720239769982,1.2315267952992142
6,2016,ANT_P,Anthem,Platinum,0.0037931966370001813,618.46,717.2934739008542,729.5320545778126,279.6772947055523,-47.23433567748327,1.035,1065.7846541757829,1098.213118593917,4.122828132693266,1.017062166494282,14,34.995755000524916,495.39185661157364,1.2484258506593127
6,2016,ANT_SIL,Anthem,Silver,0.033435878907718146,419.45,497.01696616966336,159.50382133572123,393.34303577248534,302.5173898334172,0.721,27.085491504468497,354.78819334976845,1.2530809757620385,0.320922286747999,14,34.995755000524916,342.8767417802734,1.2233259037114779
6,2016,BS_BR,Blue_Shield,Bronze,0.07201545815085218,297.52,371.2206787693663,20.452073332926744,178.59525914884685,307.7132257525093,0.6,-143.5830552812525,170.74729104333136,0.65433726484912,0.05509411113822488,11.511172245169078,43.05537968393028,284.31944784571454,1.0464285938028717
6,2016,BS_BR_HSA,Blue_Shield,Bronze,0.06961033176214108,300.14,374.4476286378297,15.86761444961681,182.45312557155793,315.52463450428263,0.6,-143.2051579073436,172.31947659693907,0.6552943549232274,0.0423760580547411,12.103194818776842,43.05537968393028,286.6356603041531,1.0471132575811302
6,2016,BS_G,Blue_Shield,Gold,0.03476303641373307,439.63,529.2962894455079,241.54608384426106,285.1970161161131,244.69482591731656,0.8640000000000001,166.19333520437658,433.5955721130572,1.8064823973262625,0.45635325367065266,16.813738246440685,43.05537968393028,396.7920290840679,1.107960764773468
6,2016,BS_P,Blue_Shield,Platinum,0.01062266818764241,560.48,632.6261644017172,839.3919132629362,137.23011464729203,-249.82112854514924,1.035,957.6763923676122,806.334916571106,3.8152864149627885,1.326837175722506,21.27669908403046,43.05537968393028,493.12624729708347,1.136585211337046
6,2016,BS_SIL,Blue_Shield,Silver,0.2300656156203757,347.35,464.5118837115295,117.55193570373254,231.31390390075305,303.90456832386667,0.721,13.287688642115732,334.66610175636976,1.3664267606943508,0.2530655077421754,15.017704273010963,43.05537968393028,318.87317848941336,1.0893045368239778
6,2016,KA_BR,Kaiser,Bronze,0.051833090625289346,292.11,359.6859593862185,2.967776506537824,234.79304538637965,338.0635350459165,0.6,-162.21803120776474,182.41019057508933,0.5872911113116658,0.008251021284239586,6.25,18.654647833764137,267.722011214081,1.091094447839096
6,2016,KA_BR_HSA,Kaiser,Bronze,0.05678420004979694,284.59,349.5464854738649,-8.148698712845466,217.4965505216687,339.0405363529462,0.6,-162.6046048669089,176.43593148603736,0.5835550854040981,-0.023312203244723318,6.25,18.654647833764137,260.60436974969343,1.0920384806799073
6,2016,KA_G,Kaiser,Gold,0.016855164534021857,456.63,540.9119947714931,146.16802640080155,427.40044828561605,376.08932053692746,0.8640000000000001,1.8735185039760163,395.64728103325547,1.351020192213843,0.2702251527303436,6.25,18.654647833764137,412.94792433637383,1.1057810757465976
6,2016,KA_P,Kaiser,Platinum,0.020593777487834256,494.27,582.5562052924881,144.5256789722499,478.39457257685683,419.3758784864741,1.035,-26.284321375628323,411.7649930452641,1.4416146147561923,0.2480888155670522,6.25,18.654647833764137,444.2071250861869,1.1127016476921654
6,2016,KA_SIL,Kaiser,Silver,0.06287344796268896,383.58,481.11826967101103,125.94596626150397,398.8893065158766,336.51765557574294,0.721,8.2419510756384,363.50835869542743,1.269926647893486,0.2617775590763284,6.25,18.654647833764137,349.96075282340485,1.0960657642474552
6,2017,ANT_BR,Anthem,Bronze,0.031807210404083096,372.23,465.24323417621815,36.76765211434977,356.2074687147699,391.3874129642974,0.6,-147.00404452030858,244.38336844398884,0.6514897509510328,0.07902888083789618,10.5,37.088169097570955,299.5828221887004,1.242494470412395
6,2017,ANT_BR_HSA,Anthem,Bronze,0.035854604756414686,364.6,458.0034123929836,6.291918831531035,345.026791169985,414.6233244638816,0.6,-149.40354855760376,265.21977590627785,0.6506132022257834,0.013737711687904063,10.5,37.088169097570955,293.94530716004124,1.2403667999417667
6,2017,ANT_G,Anthem,Gold,0.0018820941730599533,668.13,747.7004633573508,353.7327047178478,557.00730763169,356.8795895419321,0.8640000000000001,218.03865050854586,574.918240050478,1.7243028950142005,0.4730941360254143,10.5,37.088169097570955,510.94308898027765,1.3076407420118559
6,2017,ANT_P,Anthem,Platinum,8.771288278695631e-4,794.79,918.2427169389284,701.2084340257813,531.712560679209,179.94611381557615,1.035,1273.581821713753,1453.5279355293292,4.19225234473994,0.7636417050639326,10.5,37.088169097570955,604.323066214455,1.3151740260034264
6,2017,ANT_SIL,Anthem,Silver,0.008873293450600919,528.59,592.3299976267427,235.65639703673682,477.8191575162185,319.58543149243496,0.721,69.84711858868141,389.4325500811164,1.237196788216568,0.39784646730864354,10.5,37.088169097570955,398.6929583672539,1.3258072130611651
6,2017,BS_BR,Blue_Shield,Bronze,0.0575258327904216,352.59,451.63887935302427,70.06113739518494,275.12124766952593,337.7246560305017,0.6,-150.20200320317792,187.52265282732378,0.668802261143028,0.15512645300942202,10.308695964831621,43.85308592733761,336.3480584896855,1.0482890895319752
6,2017,BS_BR_HSA,Blue_Shield,Bronze,0.06718966109978276,341.49,438.2405518516637,44.35374066157991,257.66657538021826,350.0337252627462,0.6,-152.20121604415323,197.83250921859295,0.6657475332100681,0.1012086637673659,9.944085309339343,43.85308592733761,326.37836546638385,1.0463009688525835
6,2017,BS_G,Blue_Shield,Gold,0.017435943120798048,514.86,613.5303119415149,306.51855211385435,367.63077626920983,263.158673900323,0.8640000000000001,225.2815710876148,488.4402449879378,1.8200820726052591,0.4995980575823178,13.592789643501758,43.85308592733761,465.90760629472845,1.1050688871439132
6,2017,BS_G3,Blue_Shield,Gold,0.011098214335494353,507.73,608.2267877015726,383.8321507511547,363.9046932236342,180.54155102308027,0.8640000000000001,222.00562665127853,402.5471776743588,1.8193180445981778,0.6310674875100742,14.119005897888133,43.85308592733761,422.5675538928863,1.201535696062223
6,2017,BS_P,Blue_Shield,Platinum,0.0046068937729922335,658.87,763.061537614051,997.9403100899779,242.09394748570415,-278.7318584032645,1.035,1158.4672858471351,879.7354274438707,3.944623975696584,1.3078110491721917,17.045023577617265,43.85308592733761,587.3886921183047,1.1216933673406475
6,2017,BS_P3,Blue_Shield,Platinum,0.003856970204826297,627.45,729.5040772264126,1178.2703835209084,215.8315109514463,-492.61939222183344,1.035,1138.5767473904186,645.9573551685852,3.9067667609067565,1.6151662756988463,18.54181029929844,43.85308592733761,510.9518262603368,1.22800226509085
6,2017,BS_SIL,Blue_Shield,Silver,0.12699582514357383,414.72,554.8430443679875,165.10085287553383,305.66854407506526,345.8891055651161,0.721,35.446999626307544,381.33610519142366,1.3603479150489373,0.29756316592847887,12.508988347657436,43.85308592733761,380.07396955921615,1.0911560201846078
6,2017,BS_SIL3,Blue_Shield,Silver,0.06532008007267465,418.62,555.4526528523869,141.98349395182393,346.5519386976103,369.61607297322536,0.721,37.15649700320541,406.77256997643076,1.3540282226619604,0.25561763585555586,9.938539964787484,43.85308592733761,350.9439593134934,1.192840021577498
6,2017,KA_BR,Kaiser,Bronze,0.07911292526299712,298.91,376.01343938788614,-7.8133009586512046,227.80007609110618,365.3148838458661,0.6,-176.82788555367767,188.48699829218847,0.5832712553471021,-0.020779313025009186,6.25,18.51185650067122,274.2689470001971,1.089842664542644
6,2017,KA_BR_HSA,Kaiser,Bronze,0.07675193164948343,301.38,379.24204426222866,-6.59850012351847,233.5917705655956,367.3286878850759,0.6,-176.56500472480337,190.76368316027254,0.5842595945870973,-0.017399178765516585,6.25,18.51185650067122,276.6466674670138,1.0894040501533795
6,2017,KA_G,Kaiser,Gold,0.021880490214580033,477.71,580.6570391184546,86.66392122741104,443.05812874595443,475.4812613903723,0.8640000000000001,13.309859493226806,488.7911208835991,1.3537642891000854,0.1492514778757922,6.25,18.51185650067122,438.0532184867983,1.0905295974087148
6,2017,KA_G_COIN,Kaiser,Gold,0.033097172543420095,456.46,569.1790863583185,37.197206935464926,435.1860455858293,513.4700229221824,0.8640000000000001,2.0723045046045696,515.5423274267869,1.3618838917980511,0.06535237823556989,6.25,18.51185650067122,419.65320279715115,1.0877076523127127
6,2017,KA_P,Kaiser,Platinum,0.021462282568712833,527.25,629.2726196763506,124.5338775698595,503.53247034542255,486.22688560581986,1.035,-7.717218334668489,478.5096672711514,1.4444409776440115,0.19790131284261206,6.25,18.51185650067122,480.96380503689284,1.0962363372843758
6,2017,KA_SIL,Kaiser,Silver,0.08761466248554267,412.17,545.1527716709147,96.80380778765766,438.825260541269,429.8371073825858,0.721,14.855025099611508,444.69213248219734,1.295697513039232,0.17757188960252404,6.25,18.51185650067122,382.7524736829373,1.0768578346052218
6,2018,BS_BR,Blue_Shield,Bronze,0.06533415259127792,395.3,498.38610351326304,90.65008508004865,314.35899190246687,363.35147671915195,0.6,-125.25930316291378,238.09217355623815,0.6630912250500438,0.18188726459472054,6.361037433220184,44.38454171406244,354.4168638038877,1.1153532474649246
6,2018,BS_BR_HSA,Blue_Shield,Bronze,0.06987175764617125,388.93,489.17150327251954,33.621515365109524,297.2883316161839,411.1654461933476,0.6,-125.60784286714703,285.55760332620054,0.659850345359331,0.06873154944673633,6.242100239435371,44.38454171406244,349.33789119874734,1.1133347106017988
6,2018,BS_G,Blue_Shield,Gold,0.009365499148053855,621.32,760.0489136276956,415.0929737017138,515.0439598840093,300.57139821191936,0.8640000000000001,284.2816707184202,584.8530689303395,1.9297854533122272,0.5461398158185435,8.91119627302373,44.38454171406244,522.4960875571421,1.1891380907843643
6,2018,BS_G3,Blue_Shield,Gold,0.007983853738566875,596.79,726.5495035759532,202.2315110862279,500.2432712490092,479.93345077566283,0.8640000000000001,270.95017336397876,750.8836241396416,1.892612851989307,0.2783451232034139,16.580094287950264,44.38454171406244,463.960319041935,1.2862953479132753
6,2018,BS_P,Blue_Shield,Platinum,0.0017861125529810016,830.91,1068.7651011765854,1242.6826248225275,478.4974069808172,-218.30206536000446,1.035,1247.9417235832875,1029.639658223283,4.233253511495297,1.162727547385744,11.574863015048614,44.38454171406244,702.9965651805479,1.1819545658613575
6,2018,BS_P3,Blue_Shield,Platinum,0.0012879867994252674,803.01,976.0928905690797,1390.9585553880947,414.97319705747014,-459.2502065330774,1.035,1221.9541149368124,762.703908403735,4.093939470119731,1.4250268276999138,18.523266666663364,44.38454171406244,621.2082939947919,1.2926582078228535
6,2018,BS_SIL,Blue_Shield,Silver,0.039373587232730406,541.08,692.7177598836596,289.74680307042615,558.2469554717992,358.586415099171,0.721,78.4152978320169,437.0017129311879,1.3515031259057801,0.4182754071717296,8.782813161653875,44.38454171406244,451.28117401651485,1.1989864216675676
6,2018,BS_SIL3,Blue_Shield,Silver,0.056124070764754126,504.93,683.9545570146428,379.91110111694394,597.1461873036621,259.6589141836364,0.721,63.50476088658577,323.16367507022215,1.3823142342229935,0.5554624897525325,15.370531433346072,44.38454171406244,394.04629495050295,1.281397659286266
6,2018,KA_BR,Kaiser,Bronze,0.10099964379526902,319.38,387.6438404174897,33.021926992477276,130.4231387704436,335.60200923072404,0.6,-152.44508412758907,183.15692510313497,0.5580440887997486,0.08518625488002826,6.25,19.019904194288372,293.44614858643143,1.0883768675734724
6,2018,KA_BR_HSA,Kaiser,Bronze,0.10187394916296634,318.55,386.55670302569723,27.148570118823258,107.11778073974666,340.3882287125856,0.6,-152.5297866118593,187.85844210072634,0.5576362545337645,0.07023179240283021,6.25,19.019904194288372,292.67527199223304,1.088407632908781
6,2018,KA_G,Kaiser,Gold,0.059702065781185976,497.08,666.2606731996369,74.65084749300233,429.02841817401514,572.5899215123462,0.8640000000000001,18.979145195879582,591.5690667082258,1.431766965448218,0.1120445052452227,6.25,19.019904194288372,461.72324965667036,1.0765756334982488
6,2018,KA_G_COIN,Kaiser,Gold,0.1047759074111897,472.29,654.9337219346615,162.5197547671549,410.389793908731,473.3940629732183,0.8640000000000001,5.319706651389921,478.71376962460823,1.4478872127724502,0.24814687246073494,6.25,19.019904194288372,439.63335272419454,1.0742815509183916
6,2018,KA_P,Kaiser,Platinum,0.05884346394040132,545.63,709.2038581856556,7.778909319779174,492.9543275212344,682.405044671588,1.035,3.280417705303216,685.6854623768912,1.5208605580674448,0.010968509590006784,6.25,19.019904194288372,504.57316411328793,1.0813694401660527
6,2018,KA_SIL,Kaiser,Silver,0.08853381822470535,490.77,674.655957198658,209.6914069099925,463.99009667761703,445.94464609437716,0.721,37.272919223887044,483.21756531826423,1.3363563804993828,0.3108123550567673,6.25,19.019904194288372,456.842973876327,1.0742640864886268
7,2014,ANT_BR,Anthem,Bronze,0.0665816086143394,254.09,325.3482317569348,-12.473750510664928,160.25920858651563,302.8399722778262,0.6,-178.36575465239216,148.15649468379763,0.6638774013201668,-0.03833969050117344,16.5,34.98200998977356,238.78090289596372,1.0641135740688041
7,2014,ANT_BR_HSA,Anthem,Bronze,0.06507312565883848,255.82,327.62606791522427,-49.878611468145124,165.6641213541663,342.52266939359583,0.6,-178.2698882562484,164.25278113734743,0.6644598054768459,-0.15224249946146406,16.5,34.98200998977356,240.40339230241494,1.0641280788508665
7,2014,ANT_G,Anthem,Gold,0.02465211243695681,408.61,496.4290239479445,153.2615830148779,334.0259230287787,308.185430943293,0.8640000000000001,12.211943274179868,374.90611674051604,1.670017071944046,0.30872808724203227,16.5,34.98200998977356,377.1074338153343,1.083537377839367
7,2014,ANT_G3,Anthem,Gold,0.009292089423126515,429.79,508.4984726626903,363.82991238019747,350.41954071239616,109.68655029271925,0.8640000000000001,18.111837691311575,208.63276998445207,1.6464950173460422,0.7154985352759202,16.5,34.98200998977356,348.9010623503001,1.2318391841652996
7,2014,ANT_P,Anthem,Platinum,0.017931743862083915,473.82,549.1449933465316,470.67009959403606,196.86538030094033,43.49288376272193,1.035,684.1262889438184,792.5157987472406,3.8338422717733263,0.8570962228495183,16.5,34.98200998977356,433.7489819674643,1.0923829673346448
7,2014,ANT_P3,Anthem,Platinum,0.007382697121881143,491.24,560.6892629267279,857.8491419995469,215.47356574581224,-332.1418890625926,1.035,682.6337483808906,442.6335443539969,3.80272653886562,1.529990314994943,16.5,34.98200998977356,394.72597234348115,1.2445089363730408
7,2014,ANT_SIL,Anthem,Silver,0.08353162474984947,339.9,448.54226513005443,90.24452920633897,287.79859967489165,323.3157259339419,0.721,-59.63102833682543,279.0617018409928,1.346733426317354,0.20119515198901636,16.5,34.98200998977356,315.6313919413501,1.0768890822594712
7,2014,ANT_SIL3,Anthem,Silver,0.043253292824374144,343.45,450.185406399633,191.06449296470566,232.4362437888624,224.13890344515377,0.721,-58.17940460913798,169.3542384272325,1.341271957496198,0.4244128979940684,16.5,34.98200998977356,279.52863190571867,1.2286755659285777
7,2014,BS_BR,Blue_Shield,Bronze,0.0416641760791516,305.15,388.47078182866863,72.46325990144214,287.46915860812356,275.0427218501501,0.6,-169.03720096934865,116.06045472920285,0.68911416793944,0.18653464633899128,15.339332701227352,40.9648000770764,257.24004469860654,1.1862461008258913
7,2014,BS_BR_HSA,Blue_Shield,Bronze,0.04524668951465175,300.14,383.34696656766437,61.946514251553886,278.48605732810734,280.4356522390341,0.6,-170.11881082458504,110.31684141444906,0.6895306175003247,0.16159385531649886,16.147496772300688,40.9648000770764,253.07033243156326,1.1859944115779182
7,2014,BS_G,Blue_Shield,Gold,0.019894132090400172,435,509.0217430722781,259.1783791740102,354.27558258715317,208.87856382119148,0.8640000000000001,64.57122847930597,305.31584473230373,1.7797989367981246,0.5091695643681147,18.43409106600739,40.9648000770764,359.3709350564826,1.2104484741695394
7,2014,BS_P,Blue_Shield,Platinum,0.015250315999219902,498.45,558.4877415291759,661.7820941813792,190.42403191134372,-144.25915272927966,1.035,638.6561229110108,572.6073769267751,3.637160836991191,1.1849536614167693,21.638851896762343,40.9648000770764,406.653361597191,1.225736824213783
7,2014,BS_SIL,Blue_Shield,Silver,0.0537606477497272,369.41,462.7692555686932,173.55485232700212,350.85329897348447,248.24960316461468,0.721,-37.452108320136965,235.84528093875332,1.343608437973196,0.3750353988268344,18.292322158129807,40.9648000770764,306.599014087917,1.2048636265153547
7,2014,HN_BR,Health_Net,Bronze,0.045460084924516135,265.57,340.2012200560382,-51.3485882576021,208.92868594101765,342.3285203991877,0.6,-207.67275957486086,134.65576082432685,0.5617870059425559,-0.1509359321202432,19.750223938460955,49.2212879144526,250.169837060057,1.0615588318756668
7,2014,HN_G,Health_Net,Gold,0.007909478801448433,458.45,526.3981402283936,-89.32263617864152,406.4027914967158,566.4994884925825,0.8640000000000001,-49.209106288559305,517.2903822040232,1.3812562355365063,-0.16968645850436748,19.750223938460955,49.2212879144526,467.7056274663514,0.980210570660672
7,2014,HN_P,Health_Net,Platinum,0.004037337734712324,549.96,605.9282972794458,-606.3036254475319,421.75062424337534,1163.010634812525,1.035,283.3088546565508,1446.319489469076,2.5264373577082475,-1.0006194267040691,19.750223938460955,49.2212879144526,557.5368927540708,0.9864100602981749
7,2014,HN_SIL,Health_Net,Silver,0.02346873897788444,383.73,469.1896291422961,-85.56436570802487,361.3869533577311,505.53270693586836,0.721,-73.23310134983497,432.2996055860334,1.1866591834625708,-0.18236627664690955,19.750223938459975,49.2212879144526,392.1347517918447,0.9785666744570853
7,2014,KA_BR,Kaiser,Bronze,0.0394756171309301,284.44,363.14106239649925,33.663592603688784,263.408918551502,311.61773810337934,0.6,-189.11352786685745,146.44224475059207,0.622442940570446,0.09270114588950794,6.25,17.85973168943113,249.39548978657075,1.1405178186799603
7,2014,KA_G,Kaiser,Gold,0.007353490357489023,470.44,533.358806988191,199.13307088968415,449.2193555825454,316.3660044090757,0.8640000000000001,-64.20009068731696,276.868648522861,1.3132121033110626,0.3733566752448753,6.25,17.85973168943113,406.95607536316345,1.1559969944672386
7,2014,KA_P,Kaiser,Platinum,0.00910394737628448,505.95,569.6583530468141,189.30638743552166,494.1829014463409,362.4922339218613,1.035,-102.82201102529886,282.42024249116014,1.3865992445961197,0.33231565274698005,6.25,17.85973168943113,435.7266211112285,1.1611638478954571
7,2014,KA_SIL,Kaiser,Silver,0.023281587936773367,386.95,469.85888689328925,165.90467774503506,398.9944918224094,286.09447745882306,0.721,-46.60735800037579,270.7485795038192,1.2673044405414862,0.3530946894332427,6.25,17.85973168943113,336.8966045566472,1.1485719795520724
7,2014,VAL_BR,Valley,Bronze,0.012341913164517845,266.19,340.56318284145124,71.37761222828078,245.24858467344094,269.18557061317046,0.6,-202.5111979103776,82.138499622136,0.5782351990583375,0.2095869895058813,8.33000000000134,0,266.19,1
7,2014,VAL_G,Valley,Gold,0.006081141499790142,402.58,492.8597284048079,273.7320820759314,439.0440021622192,219.12764632887655,0.8640000000000001,-44.60236808937407,201.05891404465834,1.4982442303264731,0.5553955137740588,8.33000000000134,0,402.58,1
7,2014,VAL_P,Valley,Platinum,0.005085904326253468,460.11,540.0122158795444,752.6463849490746,498.38745884802455,-212.63416906953012,1.035,616.527549661757,464.45147674057876,3.6500818250758074,1.3937580721636127,8.33000000000134,0,460.11,1
7,2014,VAL_SIL,Valley,Silver,0.01299711134595056,351.46,453.43096351245947,192.11670954155733,405.8206353392633,261.31425397090214,0.721,-141.77161117635734,141.70191665983526,1.0327156990919972,0.42369561190383576,8.330000000001148,0,351.46,1
7,2015,ANT_BR,Anthem,Bronze,0.07043131831868478,259.01,337.625050325509,-54.07940279360892,166.79946620966584,357.814448317812,0.6,-175.62309882245114,194.39560186628003,0.6630918474494982,-0.16017591923783564,16.5,33.890004801305935,254.55613656493185,1.017496586392181
7,2015,ANT_BR_HSA,Anthem,Bronze,0.0688558510068581,260.73,339.94426607787176,-96.36898763624689,171.90731612630265,402.4232489128127,0.6,-175.5288285409535,226.8944203718592,0.6636767665084922,-0.28348466867263306,16.5,33.890004801305935,255.99328336629134,1.0185032848183406
7,2015,ANT_G,Anthem,Gold,0.022938761645631103,420.29,521.0853018244202,87.17701650989127,343.04741138450026,400.018280513223,0.8640000000000001,40.65717518149101,470.3354372764734,1.684042951406298,0.16729893590294664,16.5,33.890004801305935,401.5716387748698,1.0466127570219772
7,2015,ANT_G3,Anthem,Gold,0.005909852772399895,465.1,556.5134125932809,322.32543960898204,368.8646923360027,200.29796818299297,0.8640000000000001,56.05851425819378,273.0248018714964,1.6756932020933153,0.5791871899492718,16.5,33.890004801305935,365.18020849483946,1.2736177623562877
7,2015,ANT_P,Anthem,Platinum,0.014775808785905864,492.9,589.9739382699803,393.2343162065996,199.9903402189503,162.84961726207473,1.035,791.8125186569553,1018.4605540642185,3.9262433863623794,0.6665282831979098,16.5,33.890004801305935,467.04039531686084,1.0553690964260058
7,2015,ANT_P3,Anthem,Platinum,0.004018603790201998,537.94,635.6108883960633,858.1351061094045,221.02225541809227,-256.41422251464724,1.035,811.9927190036475,591.702255718611,3.961267200273605,1.3500950373504008,16.5,33.890004801305935,416.91292992636585,1.2902933955418694
7,2015,ANT_SIL,Anthem,Silver,0.12226618584408831,343.15,467.39310647544374,57.793070242384516,311.2169971980668,375.7100314317533,0.721,-45.268489862297656,352.70368254856083,1.3593216342441945,0.12364981306248875,16.5,33.890004801305935,329.5297096820419,1.0413325109019762
7,2015,ANT_SIL3,Anthem,Silver,0.03969791525153298,365.05,476.87323069051956,203.89835949212286,328.9887136247645,239.08486639709076,0.721,-36.21290097358316,216.0627171885497,1.3263358923915765,0.4275735066882974,16.5,33.890004801305935,286.90254957289324,1.2723832553717056
7,2015,BS_BR,Blue_Shield,Bronze,0.03465266479082911,323.43,414.10918679571125,74.12797728134612,313.13009267836094,296.94699780428016,0.6,-160.63850991409942,151.54928764809895,0.6897351552555913,0.17900587488756922,16.551367844864284,43.034211710084975,273.6859535379905,1.1817559352935683
7,2015,BS_BR_HSA,Blue_Shield,Bronze,0.037932107355332915,318.12,409.3563156447571,48.04480442363857,305.7177532074255,318.27729951103356,0.6,-162.31279355959092,155.96450595144265,0.6903907564968548,0.1173667110716627,16.47093531219652,43.034211710084975,269.2626000972989,1.1814488899871216
7,2015,BS_G,Blue_Shield,Gold,0.014635427100300791,461.06,544.3781726294043,242.28156806145168,367.6642977830136,259.0623928578676,0.8640000000000001,105.94294373469629,399.96880862317573,1.8053115785848428,0.44506113625240706,20.46945979341211,43.034211710084975,381.60095018064175,1.2082255030595286
7,2015,BS_P,Blue_Shield,Platinum,0.010641311568070265,528.31,605.0451104186573,671.9027324198463,198.71818242626088,-109.89183371127399,1.035,751.1577532382383,725.5503729485025,3.7384858457929613,1.1105002269251087,24.43686257683662,43.034211710084975,432.0233774326763,1.2228736397079076
7,2015,BS_SIL,Blue_Shield,Silver,0.04920171615857342,391.53,487.1718947478296,160.04524150792165,372.6111174838959,284.09244152982296,0.721,-12.593925415553851,297.6612770445785,1.3321877969234794,0.3285190365728393,19.90456936164181,43.034211710084975,325.8977222093585,1.2013891884413936
7,2015,HN_BR,Health_Net,Bronze,0.034025643035446244,288.65,378.39948659725457,-89.28333957330125,252.81779462835993,416.85928567314465,0.6,-206.68725127624785,227.869107453081,0.5694990046985294,-0.23594994902392405,7.30561087524563,50.82354049741116,300.15246783738,0.9616779168258848
7,2015,HN_G,Health_Net,Gold,0.0057302990576190704,485.93,583.6684467761648,-64.38245246297708,450.61005378941053,597.2273587417308,0.8640000000000001,-21.035035652196825,625.5733306184301,1.4503247163265234,-0.11030654958065185,11.21138522455363,50.82354049741116,498.4427381079661,0.9748963378311758
7,2015,HN_P,Health_Net,Platinum,0.002887728886008032,583.26,695.2293581123802,-853.4789196501049,516.7761086184655,1497.884737265074,1.035,378.91239370786536,2037.6429623749382,2.75653424544671,-1.2276220928980743,17.20936469483436,50.82354049741116,595.3700529549351,0.9796596202734239
7,2015,HN_SIL,Health_Net,Silver,0.019489790947731022,406.74,506.2368295549451,-92.71756060055316,396.85006196769956,548.1308496580871,0.721,-53.21087491694994,537.3357550622774,1.204870310221262,-0.18315056350614636,11.161285844543322,50.82354049741116,416.42265626972915,0.9767480080059395
7,2015,KA_BR,Kaiser,Bronze,0.05073653310021178,273.33,355.5635502688234,-16.290814543872507,252.063816200446,352.40930725509,0.6,-188.80833282165477,169.3748108702019,0.617878591792122,-0.0458168857059613,6.25,19.445057557605885,249.06463426052488,1.0974259786481497
7,2015,KA_G,Kaiser,Gold,0.012943603382382885,443.84,537.4679379568857,115.42464804512298,443.85858718768293,402.5982323541569,0.8640000000000001,-54.21816984535041,357.71881056617286,1.363194070738466,0.21475634152968215,6.25,19.445057557605885,398.2755879692902,1.1144042301538781
7,2015,KA_P,Kaiser,Platinum,0.01798931124635306,474.12,571.5334217863654,90.77155157230465,489.916029862384,461.31681265645483,1.035,-94.81489975293971,378.424653173554,1.4417159826585462,0.1588210734703706,6.25,19.445057557605885,422.9160616198388,1.1210735250490171
7,2015,KA_SIL,Kaiser,Silver,0.056765495510979334,365.39,476.26873463196836,94.42895931697007,396.6081383993833,362.3947177573924,0.721,-40.668709964227574,335.5002161592407,1.3091632579298276,0.19826823062391247,6.25,19.445057557605885,330.4772945897861,1.1056432801338145
7,2015,VAL_BR,Valley,Bronze,0.012078299256906655,267.58,347.42750949751945,-27.81729351305846,167.72573522485033,296.2223929467727,0.6,-200.90458210690053,102.71575732224744,0.5763912543111734,-0.08006646783177965,0,79.02241006380522,267.58,1
7,2015,VAL_G,Valley,Gold,0.005109308443296591,412.11,513.4464155800986,177.58862486979598,372.2689914880906,256.83538064649736,0.8640000000000001,-19.269483869249374,254.36292087564684,1.5120142003917179,0.34587567364581556,0,79.02241006380522,412.10999999999996,1.0000000000000002
7,2015,VAL_P,Valley,Platinum,0.003797486367981601,475.6,571.0558594924192,654.7731193922275,425.37913893847195,-162.73966996361344,1.035,715.8795607198609,592.7029291403649,3.71776047313751,1.1466008246097326,0,79.02241006380522,475.6,1
7,2015,VAL_SIL,Valley,Silver,0.01545231228421083,353.9,470.6592726256455,94.14915063621426,325.9016667512436,297.487711925626,0.721,-133.74081340451667,179.83991661886364,1.0457349093813861,0.20003674868868232,0,79.02241006380522,353.9,1
7,2016,ANT_BR,Anthem,Bronze,0.0713611695052228,276.7,365.5217999584844,-32.6166632494212,186.52529075585713,363.1427082073807,0.6,-169.62624008417572,208.6460484920179,0.6652527462092211,-0.08923315450166247,14,34.995755000524916,265.25627815182185,1.0431421338183302
7,2016,ANT_BR_HSA,Anthem,Bronze,0.08850603512158696,258.04,337.03437775904,-87.02541722353413,143.99175991586947,389.0640399820492,0.6,-169.32269963536544,219.74134034668378,0.6534024783933301,-0.2582093191862827,14,34.995755000524916,247.63787435304369,1.0420053906298945
7,2016,ANT_G,Anthem,Gold,0.014008042538570058,466.01,578.731202805396,187.04813938103928,383.4988707732871,356.68730842383184,0.8640000000000001,115.1221120638323,508.44600442425184,1.7006358524079355,0.3232038267062922,14,34.995755000524916,429.2720239769982,1.0855820411557273
7,2016,ANT_G3,Anthem,Gold,0.002980020240963484,528.25,636.9757498201386,454.46980592732814,417.67046537852013,147.51018889228558,0.8640000000000001,135.56642737958148,307.2299529959319,1.7110553589607753,0.7134805462463143,14,34.995755000524916,378.433910955823,1.3958844191995943
7,2016,ANT_P,Anthem,Platinum,0.00833804083920137,545.18,662.6508389992615,678.139120586775,221.45491286200615,-50.48403658803841,1.035,1045.8985118571297,1073.2677760982126,4.023302546062046,1.0233732165960945,14,34.995755000524916,495.39185661157364,1.1005025470724767
7,2016,ANT_P3,Anthem,Platinum,0.0017940148970596531,613.07,745.7478261982532,1199.6418171480839,252.7678998261669,-488.8897459503555,1.035,1089.0315752673812,651.3774080836631,4.126350328292291,1.6086427274803283,14,34.995755000524916,433.95585242165595,1.4127473948762574
7,2016,ANT_SIL,Anthem,Silver,0.10982787943959854,369.75,518.0456346222561,116.3932445505871,386.880610846125,366.6566350711441,0.721,-7.219823579201555,386.9017663164753,1.3740472559480505,0.22467758971747284,14,34.995755000524916,342.8767417802734,1.078375856233923
7,2016,ANT_SIL3,Anthem,Silver,0.018967488800452282,417.97,536.0397503907652,293.9673988485028,398.9745753577975,207.0765965417375,0.721,11.5360097067491,237.58482701264953,1.3055809493876849,0.5484059692106878,14,34.995755000524916,299.4586267329966,1.3957520762047393
7,2016,BS_BR,Blue_Shield,Bronze,0.024223732605913522,362.8,463.5539654891399,101.16636937534636,371.31367850238325,319.33221642986325,0.6,-146.59376104361326,179.70263012294117,0.6908962187905627,0.21824075923629754,16.458705765979126,43.05537968393028,284.31944784571454,1.2760294898886861
7,2016,BS_BR_HSA,Blue_Shield,Bronze,0.022895813050016013,365.99,465.3865430965027,96.37424725544847,372.6548868281227,325.95691615712394,0.6,-145.2106458560165,180.74627030110742,0.6894278660599413,0.20708430160917712,16.101077255707516,43.05537968393028,286.6356603041531,1.2768474083498296
7,2016,BS_G,Blue_Shield,Gold,0.006249779675139623,536.12,631.1039483595624,370.145191611512,427.6707449212828,217.9033770641201,0.8640000000000001,200.54794661800923,441.57670690268947,1.8418673318818557,0.5865043192545947,20.81024031361451,43.05537968393028,396.7920290840679,1.3511360125795593
7,2016,BS_P,Blue_Shield,Platinum,0.0018091236799618062,683.47,785.6095914744566,1056.3319442672482,302.8700490755815,-313.7777324767221,1.035,1041.273655390049,828.7080626347699,3.9279725634817595,1.3446016389447226,26.694535139098036,43.05537968393028,493.12624729708347,1.3859939594499908
7,2016,BS_SIL,Blue_Shield,Silver,0.03961478729772931,423.58,538.7056558298196,212.98657085352627,421.9635182483951,282.6637052923631,0.721,28.936573379670772,328.76606625536857,1.3408210386152322,0.3953672447070242,19.089847471874815,43.05537968393028,318.87317848941336,1.3283650948838361
7,2016,HN_BR,Health_Net,Bronze,0.041292008818786946,298.95,393.50183015140584,-61.93038234052824,255.21502301779202,403.9740627955981,0.6,-204.24113746141182,216.1764431209459,0.5672380949464968,-0.1573827047175348,20.08797907718525,51.458149696335965,273.68588406343866,1.0923106283797424
7,2016,HN_G,Health_Net,Gold,0.006900928643951295,490.41,565.619316986365,-202.6909683623009,422.92232071877964,716.8521356523299,0.8640000000000001,33.394480639634274,812.0125647894979,1.3945667960578942,-0.3583522738265798,31.32252566359343,51.458149696335965,510.552018371248,0.9605485481469556
7,2016,HN_P,Health_Net,Platinum,0.0037087640107586572,576.22,644.4555086758296,-972.6753560109742,446.0465185401608,1565.6727149904677,1.035,497.1083371202289,2232.604714703232,2.6034868906639197,-1.5092979157080086,39.071142660399644,51.458149696335965,599.3584832200625,0.9613945845969334
7,2016,HN_SIL,Health_Net,Silver,0.04874013199676505,390.43,501.60847796345536,-328.05418070620107,371.891305993586,778.2045089733205,0.721,-28.43382504746897,811.4974500887031,1.2024758147414887,-0.6540044578953497,28.14348784986028,51.458149696335965,406.1648744639217,0.9612598837240925
7,2016,KA_BR,Kaiser,Bronze,0.05080431431795879,292.11,385.7024502417686,-3.8317136239296943,269.2422675203446,370.87951603193414,0.6,-185.00010590581013,192.8186839300642,0.6229951661874344,-0.009934377190313088,6.25,18.654647833764137,267.722011214081,1.091094447839096
7,2016,KA_BR_HSA,Kaiser,Bronze,0.05638704980665475,284.59,375.43654664154155,-15.70306690866878,252.72008699733115,372.4849657164462,0.6,-185.6244717645749,186.8604939518713,0.62029218744734,-0.041826154244013224,6.25,18.654647833764137,260.60436974969343,1.0920384806799073
7,2016,KA_G,Kaiser,Gold,0.014475675153331391,456.63,569.876200668254,151.59618165925937,457.78518145037935,399.6253711752305,0.8640000000000001,-11.841958714001608,405.92734767102013,1.3883845453291497,0.2660159899316608,6.25,18.654647833764137,412.94792433637383,1.1057810757465976
7,2016,KA_P,Kaiser,Platinum,0.01770672310600644,494.27,610.3054275773444,145.81004253246797,509.07467148473694,445.8407372111123,1.035,-44.748003610876864,420.1462577198916,1.4728423652166351,0.2389132325289527,6.25,18.654647833764137,444.2071250861869,1.1127016476921654
7,2016,KA_SIL,Kaiser,Silver,0.06356313842963135,383.58,522.4804795741029,135.2595326603359,432.86758069596476,368.56629908000286,0.721,-6.979294210612321,381.25086619726557,1.3359495377981698,0.25887959062239413,6.25,18.654647833764137,349.96075282340485,1.0960657642474552
7,2016,VAL_BR,Valley,Bronze,0.013697277003372093,275.83,361.8290211030665,-24.728279966733368,165.8118844713409,307.3077188736086,0.6,-199.16134659599976,114.31418167691831,0.5771984096246942,-0.06834244497952957,0,79.24958219619126,275.83,1
7,2016,VAL_G,Valley,Gold,0.0058444272808287935,424.44,544.9406425064119,227.63269177900358,403.09020631966985,238.0583685312171,0.8640000000000001,35.468004281134,289.0565094887401,1.548123279713267,0.4177201589002883,0,79.24958219619126,424.44,1
7,2016,VAL_P,Valley,Platinum,0.00534746300084304,476.95,594.5158637293902,819.6916581003032,454.2945655204336,-304.4253765671043,1.035,944.4842652835999,676.3666947075553,3.8235137959107997,1.3787548963931564,0,79.24958219619126,476.95000000000005,0.9999999999999999
7,2016,VAL_SIL,Valley,Silver,0.0209038381320483,364.73,515.42812916405,118.01118659020457,387.1438938675511,318.1673603776542,0.721,-123.12255303920426,206.13399886905785,1.0805457148883317,0.22895759837865598,0,79.24958219619126,364.73,1
7,2017,ANT_BR,Anthem,Bronze,0.08096944200625511,288.3,383.34595308882007,-76.43731394426683,181.38866925894314,422.69509793551595,0.6,-175.47646713138454,247.21863080413138,0.6595313251586499,-0.1993951242431834,10.5,37.088169097570955,299.5828221887004,0.9623382205085391
7,2017,ANT_BR_HSA,Anthem,Bronze,0.08606332897444341,282.4,373.92093344019673,-105.52574707601187,160.6003426217859,442.35851141863765,0.6,-175.4007608894638,266.95775052917384,0.6551484710502835,-0.282214066233575,10.5,37.088169097570955,293.94530716004124,0.9607229410410172
7,2017,ANT_G,Anthem,Gold,0.009121540897423307,517.47,650.7540162762969,198.6709180270652,463.249690291286,414.9949291516607,0.8640000000000001,163.79284699358053,578.7877761452412,1.7366484735882801,0.3052934181857029,10.5,37.088169097570955,510.94308898027765,1.0127742426906068
7,2017,ANT_G3,Anthem,Gold,0.0032212933066834352,546.75,680.5217482917279,473.76340372436823,477.31564195671103,169.6701754697888,0.8640000000000001,174.25960880850258,343.9297842782914,1.7461244210762221,0.6961767275088967,10.5,37.088169097570955,389.5909743372012,1.4033949347265255
7,2017,ANT_P,Anthem,Platinum,0.004207019340915004,615.59,768.7625776592591,538.8273358085513,371.15270304024887,192.8470727531369,1.035,1257.3965008303135,1450.2435735834504,4.182178476490891,0.7009021399678189,10.5,37.088169097570955,604.323066214455,1.0186438916788703
7,2017,ANT_P3,Anthem,Platinum,0.0013406649214093634,658.36,829.5352155822068,1323.1203654353792,376.67015796581563,-530.6733189507432,1.035,1297.1734887117739,766.5001697610306,4.279798368030425,1.5950141001630065,10.5,37.088169097570955,464.375546901412,1.417731843101918
7,2017,ANT_SIL,Anthem,Silver,0.08715809068201633,409.41,577.503223467031,125.20484765521806,497.5543558548086,415.210206714242,0.721,18.042856951307375,433.2530636655494,1.385767963419534,0.21680372085813276,10.5,37.088169097570955,398.6929583672539,1.0268804387131267
7,2017,ANT_SIL3,Anthem,Silver,0.01943937526249848,446.76,590.0903690005152,319.5153971053677,469.92669569396605,233.48680279757664,0.721,32.05085669381892,265.5376594913956,1.333299736785242,0.54146858496700645,10.5,37.088169097570955,317.73700009328644,1.4060685405503068
7,2017,BS_BR,Blue_Shield,Bronze,0.010090785855179083,442.92,555.1815663784921,181.40030856468954,458.1139003526305,329.92817188646495,0.6,-136.0110730119368,193.91709887452816,0.6930831527620367,0.3267405107629615,13.839351980507537,43.85308592733761,336.3480584896855,1.3168501759423197
7,2017,BS_BR_HSA,Blue_Shield,Bronze,0.01254931550083517,428.97,545.3379989996888,154.3614010158577,451.9325546308402,347.1235120564935,0.6,-140.94968556562682,206.1738264908667,0.6956407605435213,0.28305638209514494,13.319332597512151,43.85308592733761,326.37836546638385,1.3143334405361584
7,2017,BS_G,Blue_Shield,Gold,0.002161566442976169,646.75,798.7036016441244,507.5601706985849,558.0666094845296,247.29034501820195,0.8640000000000001,279.2508784810775,526.5412234992795,1.9714443926347296,0.6354800074192437,17.182366749513896,43.85308592733761,465.90760629472845,1.3881507647910614
7,2017,BS_G3,Blue_Shield,Gold,0.004690632643686871,543.52,684.3560324715875,460.00557656846013,482.7752544313256,180.49736997578975,0.8640000000000001,241.49168064915352,421.9890506249433,1.9129099725074654,0.6721728964777676,15.564533020342635,43.85308592733761,422.5675538928863,1.2862322130339734
7,2017,BS_P,Blue_Shield,Platinum,5.855116783196392e-4,827.65,1020.5339011236472,1333.0987375295665,497.50070287815345,-356.4179223332568,1.035,1301.1129088156054,944.6949864823486,4.255111355193445,1.3062757994239813,21.32727186657562,43.85308592733761,587.3886921183047,1.4090329131383836
7,2017,BS_P3,Blue_Shield,Platinum,0.0015678997835285573,671.68,842.5860342427607,1356.7938825355957,331.7605896160157,-558.0609342201725,1.035,1243.1622965024114,685.1013622822389,4.159028427226535,1.6102734052018297,18.238634741779986,43.85308592733761,510.9518262603368,1.3145661987667894
7,2017,BS_SIL,Blue_Shield,Silver,0.010218129179915575,520.96,638.7404362777626,292.53348983189744,508.55959386183133,302.35386051852754,0.721,74.31794853299981,376.67180905152736,1.3426585938066067,0.4579849234794435,16.36089736332173,43.85308592733761,380.07396955921615,1.3706805562195534
7,2017,BS_SIL3,Blue_Shield,Silver,0.02620331196525557,448.13,602.8226633427721,188.59065141374393,485.83348469639543,370.37892600169056,0.721,47.10197757788304,417.4809035795736,1.3919693713433265,0.3128459875213899,13.419727103381094,43.85308592733761,350.9439593134934,1.2769275210680906
7,2017,HN_BR,Health_Net,Bronze,0.023724522488381642,361.88,475.286599387573,-71.59588825828135,351.9708634584288,497.07786848574074,0.6,-205.65212829360868,291.4257401921321,0.5730072956920492,-0.15063729621355976,25.927058766182466,49.80461916011361,331.6880703090459,1.0910250696168335
7,2017,HN_G,Health_Net,Gold,0.0020060185225367743,598.52,679.5248014526464,-279.8867313137183,536.7146385154656,909.6069136062512,0.8640000000000001,86.31880343856831,995.9257170448195,1.4295569792350018,-0.4118859690115705,36.58158845200096,49.80461916011361,626.1361903166269,0.9558942754887529
7,2017,HN_P,Health_Net,Platinum,9.2126411852975e-4,707.15,812.9152036673242,-456.0175751246402,602.6227503425172,1219.1281596318508,1.035,643.7298462149066,1862.8580058467574,2.7657842514390625,-0.5609657355003289,44.076526701870165,49.80461916011361,739.2839179801564,0.9565337251377637
7,2017,HN_SIL,Health_Net,Silver,0.012414009727501653,480.21,561.2940870469616,-326.0316718832245,441.3148311410987,837.5211397700725,0.721,10.27393919101143,847.795078961084,1.1372774377524593,-0.5808571289224119,35.26922264756835,49.80461916011361,501.9040055984732,0.9567765840549426
7,2017,KA_BR,Kaiser,Bronze,0.06493514931176354,298.91,398.3755272567624,-12.909522539366712,265.1342684118394,392.7731932954579,0.6,-194.0937890689882,198.67940422646967,0.6168721989742325,-0.03240541061410688,6.25,18.51185650067122,274.2689470001971,1.089842664542644
7,2017,KA_BR_HSA,Kaiser,Bronze,0.06298474764190497,301.38,401.90508335998464,-11.602251160171868,270.69659208007306,394.9954780194853,0.6,-193.88174231797635,201.11373570150897,0.6180303446748848,-0.028868137380038513,6.25,18.51185650067122,276.6466674670138,1.0894040501533795
7,2017,KA_G,Kaiser,Gold,0.017137214262449366,477.71,615.6277758198808,93.37969265274802,490.9070296088861,503.7362266664615,0.8640000000000001,6.653712660887732,510.3899393273492,1.4174736377356734,0.15168206556045463,6.25,18.51185650067122,438.0532184867983,1.0905295974087148
7,2017,KA_G_COIN,Kaiser,Gold,0.026508235818139526,456.46,601.01382106479,41.27085696811958,479.7410858447315,541.2311075959992,0.8640000000000001,-2.0934113886674934,539.1376962073317,1.4282699869455793,0.06866873193531856,6.25,18.51185650067122,419.65320279715115,1.0877076523127127
7,2017,KA_P,Kaiser,Platinum,0.016848205785941383,527.25,664.0262449188826,130.1963224033343,553.8677058030934,515.3180660148771,1.035,-18.81514887734408,496.5029171375331,1.5022750305151737,0.1960710489978285,6.25,18.51185650067122,480.96380503689284,1.0962363372843758
7,2017,KA_SIL,Kaiser,Silver,0.07053426555648279,412.17,577.5861367942208,104.86266716737651,471.19472097385153,454.21161312617306,0.721,12.325498461373256,466.5371115875463,1.3634952688623505,0.18155329653408286,6.25,18.51185650067122,382.7524736829373,1.0768578346052218
7,2017,VAL_BR,Valley,Bronze,0.02098538912345755,277.85,366.9770038205731,-47.37212195647879,136.749528028998,334.3419382792315,0.6,-211.56244568991966,122.77949258931181,0.5646992309546364,-0.1290874399847696,13.272704478030096,80.00718749782038,277.85,1
7,2017,VAL_G,Valley,Gold,0.012995594133130199,427.53,585.2382144088831,225.28454017046386,435.5040132375864,279.94648674059886,0.8640000000000001,45.34720051539436,325.29368725599323,1.5916679670064093,0.3849450268691209,13.272704478030096,80.00718749782038,427.53,1
7,2017,VAL_P,Valley,Platinum,0.01162140579810766,480.64,631.0196561110962,883.3942416481757,484.37643267382214,-332.3817730348999,1.035,1088.748407115513,756.366634080613,3.9047442976778277,1.3999472648640392,13.272704478030096,80.00718749782038,480.63999999999993,1.0000000000000002
7,2017,VAL_SIL,Valley,Silver,0.05678781776337238,367.58,540.2857088249765,103.42622475303119,358.41034846558915,356.8522965741249,0.721,-126.86106333925322,229.9912332348717,1.10083386937341,0.19142876271512804,13.272704478029384,80.00718749782038,367.58,1
7,2018,ANT_BR,Anthem,Bronze,0.0787550822673714,331.56,439.43741194028166,19.273584223575597,226.71453249527792,374.95037008402267,0.6,-153.66582617224338,221.2845439117793,0.643023694030178,0.04385967989952304,9,45.2134576326834,337.13224293572625,0.9834716404245304
7,2018,ANT_BR_HSA,Anthem,Bronze,0.062184321083296405,354.18,472.3461449535894,29.903790510000135,252.02866133724723,397.22889681090584,0.6,-151.76748411512713,245.4614126957787,0.6542119875731957,0.06330906016590512,9,45.2134576326834,360.3490746874038,0.9828802815915225
7,2018,ANT_G,Anthem,Gold,0.0032721410917947312,644.98,848.8992539647221,576.5031850870325,641.3085614474057,227.18261124500623,0.8640000000000001,215.43767994999223,442.62029119499846,1.8634443735907293,0.6791184965642465,9,45.2134576326834,656.5795883929592,0.9823333094753216
7,2018,ANT_P,Anthem,Platinum,9.624150307081641e-4,811.72,1143.2401032627308,1337.9597669330744,877.1320999901438,-239.93312130302706,1.035,1391.8381376524371,1151.90501634941,4.679929265358213,1.1703226322402676,9,45.2134576326834,829.4251151125872,0.9786537509053077
7,2018,ANT_SIL,Anthem,Silver,0.022216792305508076,534.49,710.2430884147037,402.96587953906345,605.1634265115729,262.06375124295687,0.721,46.14912692572883,308.2128781686857,1.3161293380469608,0.5673633240676829,9,45.2134576326834,538.1229158662142,0.9932489106873171
7,2018,BS_BR,Blue_Shield,Bronze,0.015292736488315993,475.59,639.2313539476403,208.70853387164794,552.3743811881716,386.1382783619299,0.6,-129.29993985168667,256.8383385102432,0.7187523892296348,0.3264992128166844,8.121794286546564,44.38454171406244,354.4168638038877,1.3418943864453414
7,2018,BS_BR_HSA,Blue_Shield,Bronze,0.017447231714621998,467.92,633.1511877626633,147.2087148358341,541.7633961426294,441.5579312127668,0.6,-132.034957181265,309.52297403150175,0.7188997550801324,0.23250167997949847,7.844619558222236,44.38454171406244,349.33789119874734,1.3394481726397902
7,2018,BS_G,Blue_Shield,Gold,0.0014718436578411498,747.51,1023.2953759168419,649.4495267859267,721.8886704322086,329.46130741685266,0.8640000000000001,323.27649453489806,652.7378019517507,2.1688584286088783,0.6346647723332468,10.972511638360416,44.38454171406244,522.4960875571421,1.4306518609447951
7,2018,BS_G3,Blue_Shield,Gold,0.004181952135796797,612.55,806.6939300767476,244.47834309428976,594.5341922046133,517.8310452683954,0.8640000000000001,268.15506557088895,785.9861108392844,1.986848400147754,0.3030620833740877,16.116181532386154,44.38454171406244,463.960319041935,1.3202637701105526
7,2018,BS_P,Blue_Shield,Platinum,3.4571444074837064e-4,999.67,1313.7164569543709,1490.7486396274505,832.5127459383025,-221.41672438714204,1.035,1264.4929263114875,1043.0762019243455,4.2920306288872245,1.1347567671364176,15.877111764709452,44.38454171406244,702.9965651805479,1.422012637776201
7,2018,BS_P3,Blue_Shield,Platinum,6.728869217732802e-4,824.22,1108.5359198153317,1538.2728441278896,604.9294509683025,-474.1214660266204,1.035,1285.899847770061,811.7783817434405,4.3746528222075,1.3876617046240114,21.627928356812674,44.38454171406244,621.2082939947919,1.3268013450041125
7,2018,BS_SIL,Blue_Shield,Silver,0.003616147317879434,650.98,828.2728552581794,436.1633209483587,651.8224691893993,347.7249925957583,0.721,111.0510127463618,458.7760053421201,1.4232341222981204,0.5265937645782235,11.146866188180809,44.38454171406244,451.28117401651485,1.4425153041641774
7,2018,BS_SIL3,Blue_Shield,Silver,0.02693275344762354,518.27,716.9852065361086,402.6486724947134,605.9403182876447,269.9519923273328,0.721,53.44283445599648,323.3948267833293,1.3833658174350756,0.5615857465734689,16.10289116289499,44.38454171406244,394.04629495050295,1.3152515494787258
7,2018,KA_BR,Kaiser,Bronze,0.08085843630302637,319.38,420.1461738090467,36.23774260029636,216.3023577362577,364.88852701446194,0.6,-172.41650980209928,192.47201721236266,0.588276654392748,0.08625032157680947,6.25,19.019904194288372,293.44614858643143,1.0883768675734724
7,2018,KA_BR_HSA,Kaiser,Bronze,0.08148003513592394,318.55,418.8448681989716,30.019294297096494,190.69325086737814,369.80566970758673,0.6,-172.42585746440662,197.37981224318014,0.5877427414740781,0.0716716297042844,6.25,19.019904194288372,292.67527199223304,1.088407632908781
7,2018,KA_G,Kaiser,Gold,0.042098580154320484,497.08,693.1588189448561,78.46745509068744,551.9330272361441,595.6714596598803,0.8640000000000001,4.6196027196789045,600.2910623795592,1.4542284061378061,0.11320270758458009,6.25,19.019904194288372,461.72324965667036,1.0765756334982488
7,2018,KA_G_COIN,Kaiser,Gold,0.07634011431422845,472.29,680.7818467101636,167.01989143501646,540.8395509144083,494.74205108085874,0.8640000000000001,-8.229309837895295,486.51274124296344,1.4729871220355426,0.24533540699143172,6.25,19.019904194288372,439.63335272419454,1.0742815509183916
7,2018,KA_P,Kaiser,Platinum,0.04121931688201758,545.63,736.131063878765,8.808220446114817,617.1627162728836,708.3029392383618,1.035,-17.575958018988587,690.7269812193732,1.5327559694823185,0.011965560045385426,6.25,19.019904194288372,504.57316411328793,1.0813694401660527
7,2018,KA_SIL,Kaiser,Silver,0.05805414967960865,490.77,702.8731715518933,217.63763669566123,730.1370468149244,466.2156306619437,0.721,21.606906602585006,487.8225372645287,1.3499048444147894,0.309639982722819,6.25,19.019904194288372,456.842973876327,1.0742640864886268
7,2018,VAL_BR,Valley,Bronze,0.029959608798991955,277.85,357.54576676555973,-38.98940171661785,74.35929260511217,315.7262586204222,0.6,-188.40480238755197,127.32145623287025,0.525858058140681,-0.10904730342446742,23.015196512105764,80.8089098617554,277.85,1
7,2018,VAL_G,Valley,Gold,0.027057375620741196,460.45,672.9146572755137,271.2943986700857,489.9856358927341,320.8113487436726,0.8640000000000001,45.762709138069845,366.5740578817425,1.6192297242555016,0.40316315856233265,23.015196512105764,80.8089098617554,460.45000000000005,0.9999999999999999
7,2018,VAL_P,Valley,Platinum,0.016955766161344654,527.75,728.36366954418,872.6107639229004,558.8702470979185,-225.0560042404759,1.035,1073.0467714907131,847.9907672502372,3.950751773053604,1.1980426817128211,23.015196512105764,80.8089098617554,527.75,1
7,2018,VAL_SIL,Valley,Silver,0.087977439924869,411.68,604.0079367500475,166.52818288013816,369.33829012644253,356.67084400815395,0.721,-110.85183584261033,245.8190081655436,1.0586092184619262,0.27570528919895865,23.015196512106172,80.8089098617554,411.67999999999995,1.0000000000000002
8,2014,ANT_BR,Anthem,Bronze,0.057874763568153395,297.97,378.94642412315125,42.96085867744827,229.9214009124572,301.0035554559294,0.6,-177.3524259573738,147.17680705032228,0.6592095629800233,0.11336921512547829,16.5,34.98200998977356,238.78090289596372,1.247880363907598
8,2014,ANT_BR_HSA,Anthem,Bronze,0.05638977094323327,300,381.7030465087438,6.224093930968792,236.05856840227872,340.49694258800145,0.6,-177.22265416687313,163.27428842112832,0.6602507597096717,0.016306115415891012,16.5,34.98200998977356,240.40339230241494,1.247902523865452
8,2014,ANT_G,Anthem,Gold,0.013557237272699418,479.17,575.8668855715991,241.4445744863033,426.44739841911917,299.4403010955223,0.8640000000000001,25.600479047158636,380.3394986092701,1.6957696102407418,0.41927150273044106,16.5,34.98200998977356,377.1074338153343,1.2706458611861913
8,2014,ANT_P,Anthem,Platinum,0.008535128941938995,555.65,653.5362238885324,589.431561183858,287.8022090560561,29.122652714900823,1.035,724.9695777537831,821.3499984283817,3.9823615119040228,0.9019110795064236,16.5,34.98200998977356,433.7489819674643,1.281040470641795
8,2014,ANT_SIL,Anthem,Silver,0.04840526668058012,398.6,520.3732376936593,165.92344897069998,414.2981972921218,319.4677787331858,0.721,-57.427267465677645,277.32163334454464,1.3378041973416168,0.3188546930393414,16.5,34.98200998977356,315.6313919413501,1.2628655139412335
8,2014,BS_BR,Blue_Shield,Bronze,0.05323221513857576,326.52,418.09534941574776,99.45039452771721,272.0601179721031,277.68015481095415,0.6,-172.04837960823892,115.65125817989733,0.68653046491433245,0.23786534499054,15.46997575839543,40.9648000770764,257.24004469860654,1.2693202583702115
8,2014,BS_BR_HSA,Blue_Shield,Bronze,0.057275576000116776,321.15,411.1568195365732,88.03919122901596,261.4444306112345,282.15282823048085,0.6,-172.6156095428662,109.53721868761467,0.6843491722136033,0.21412557702009535,14.774618692659866,40.9648000770764,253.07033243156326,1.2690148106825094
8,2014,BS_G,Blue_Shield,Gold,0.023114654830126213,465.46,562.1199118548196,306.8851653170197,373.10463752686167,214.26994646072356,0.8640000000000001,68.03911457215676,315.2075147678967,1.8411872859700706,0.5459425272881631,19.702793619929718,40.9648000770764,359.3709350564826,1.295207693763112
8,2014,BS_P,Blue_Shield,Platinum,0.01630136988257918,533.35,621.7120802373154,736.0711542633242,198.9663303269877,-155.32387410308513,1.035,670.6608153267358,596.8599161096685,3.801216643100631,1.183942177836333,22.67321549356132,40.9648000770764,406.653361597191,1.3115593042319613
8,2014,BS_SIL,Blue_Shield,Silver,0.06986939769332691,395.27,517.0407301638652,213.26088637528034,388.67954139966815,262.81504371150845,0.721,-47.410663025397604,240.99957504634858,1.3748596259792631,0.41246438420371984,18.926744055019586,40.9648000770764,306.599014087917,1.2892083204372493
8,2014,CC_BR,Chinese_Community,Bronze,0.020951582225669382,253.15,313.0348565344988,-52.0039166601195,99.18987130379068,289.38628970866637,0.6,-205.16020066356867,84.22608904509767,0.5264418881855111,-0.16612819810495538,11.184222619950729,75.6524834859519,241.45933253114129,1.0484167140955338
8,2014,CC_G,Chinese_Community,Gold,0.00386834819114505,465.28,565.9347461589078,206.02299018095562,424.45354382433436,284.2592724920003,0.8640000000000001,-16.888670891331977,280.88733363030013,1.5775583789319947,0.3640401858681898,11.184222619950729,75.6524834859519,440.9970129931336,1.0550638355621798
8,2014,CC_P,Chinese_Community,Platinum,0.003701150778594599,516.17,615.8921013521347,330.29328036485595,470.56676553101346,209.9463375013268,1.035,269.0215767028103,478.9679142041371,2.6202552391913883,0.5362843258416975,11.184222619950729,75.6524834859519,488.6493749223089,1.0563197795598667
8,2014,CC_SIL,Chinese_Community,Silver,0.031686905605436154,354.15,498.74483816371054,110.03661692880871,347.5309479841419,313.0557377489499,0.721,-153.06952460296498,170.90650900872043,1.1334642787989007,0.2206270792374391,11.184222619950427,75.6524834859519,336.14184991984735,1.0535730676928405
8,2014,HN_BR,Health_Net,Bronze,0.043542126353482806,302.56,385.2664092011406,-4.541818733445268,241.570520157195,340.5869400201333,0.6,-207.00912926574378,133.57781075438947,0.5570052536036247,-0.011788774274048031,19.75022393845764,49.2212879144526,250.169837060057,1.2094183837493004
8,2014,HN_G,Health_Net,Gold,0.005437984980530617,522.3,610.8159115140603,-16.344378110644186,477.8548858081629,577.9390017102519,0.8640000000000001,-39.49561711580885,538.443384594443,1.4414042151746673,-0.026758271686358904,19.75022393845764,49.2212879144526,467.7056274663514,1.116728064251432
8,2014,HN_P,Health_Net,Platinum,0.0025860944204742554,626.56,739.6843416273442,-557.8433955973685,543.7965495548417,1248.3064493102602,1.035,317.72771054211313,1566.0341598523733,2.7494124092718653,-0.7541641267815455,19.75022393845764,49.2212879144526,557.5368927540708,1.1238000716059793
8,2014,HN_SIL,Health_Net,Silver,0.016459949928765243,437.17,532.1903985647998,-21.06898698267463,424.28652959592773,504.03809763302183,0.721,-69.65275512571266,434.3853425073092,1.1927492154673993,-0.03958919033393508,19.75022393845826,49.2212879144526,392.1347517918447,1.1148463583050685
8,2014,KA_BR,Kaiser,Bronze,0.06268375691624099,284.44,359.1597115092731,31.594194570015446,213.9603224089077,309.70578524982653,0.6,-190.80350611874474,142.13647537744788,0.6029970999418434,0.0879669783597087,6.25,17.85973168943113,249.39548978657075,1.1405178186799603
8,2014,KA_G,Kaiser,Gold,0.014513557685832923,470.44,568.4754703966457,211.66971252881532,473.6337602761388,338.9460261783993,0.8640000000000001,-74.99779660263616,289.8051862920662,1.3785652591730055,0.3723462551183181,6.25,17.85973168943113,406.95607536316345,1.1559969944672386
8,2014,KA_P,Kaiser,Platinum,0.018406512500642555,505.95,607.0189804475946,201.12323698465232,519.4011351496101,388.0360117735111,1.035,-115.50868204374927,296.40377587077813,1.4597294463012496,0.33132940396089605,6.25,17.85973168943113,435.7266211112285,1.1611638478954571
8,2014,KA_SIL,Kaiser,Silver,0.05704346105421095,386.95,515.5414981508559,178.34675145567869,431.1353356417212,319.3350150057461,0.721,-68.32163369069598,283.7794223805516,1.3322715404014784,0.34594063154057,6.25,17.85973168943113,336.8966045566472,1.1485719795520724
8,2015,ANT_BR,Anthem,Bronze,0.06524887598856698,302.89,390.34446144404654,-17.09508402714394,242.5346369797085,373.54954066988455,0.6,-191.41469427500127,194.3353138544997,0.6628731386001755,-0.043794867650746507,16.5,33.890004801305935,254.55613656493185,1.1898750668017748
8,2015,ANT_BR_HSA,Anthem,Bronze,0.06352980222707222,304.9,392.9666684917525,-58.991741075508145,247.4323840987731,418.0684047659547,0.6,-191.20724106104896,226.86116370490578,0.6635733090234212,-0.15011894342572277,16.5,33.890004801305935,255.99328336629134,1.19104687431869
8,2015,ANT_G,Anthem,Gold,0.013854676625010108,491.48,591.8899460809291,180.47100325476285,417.9805961528921,377.52893802486034,0.8640000000000001,65.2128033764735,472.54079584319703,1.6924422241793275,0.3049063503269695,16.5,33.890004801305935,401.5716387748698,1.223891212784414
8,2015,ANT_P,Anthem,Platinum,0.007974326769726878,576.4,681.7573478134522,601.7407043214396,249.79383617678926,46.12663869070661,1.035,930.5014696832744,1041.8944744380399,4.022392538221603,0.8826317842431126,16.5,33.890004801305935,467.04039531686084,1.2341544880907886
8,2015,ANT_SIL,Anthem,Silver,0.08093663761683788,401.27,538.365667738302,132.91827913654768,418.87631683512814,371.5573838004484,0.721,-38.499787885089354,355.49598280586173,1.370769794901035,0.24689219075752591,16.5,33.890004801305935,329.5297096820419,1.2177050754761358
8,2015,BS_BR,Blue_Shield,Bronze,0.047123045104703165,346.08,444.73718637225625,84.27240831684779,315.6661417331726,317.4305663453235,0.6,-181.31668367405817,151.33292340874948,0.68868791420365,0.1894881087058676,16.815577951259932,43.034211710084975,273.6859535379905,1.264515023610667
8,2015,BS_BR_HSA,Blue_Shield,Bronze,0.051374890218046566,340.39,438.7637679668885,57.47281967883768,306.5997118118164,338.25673657796585,0.6,-182.74289498176108,155.51384159620474,0.6882692961462619,0.13098807120093584,17.049863427231166,43.034211710084975,269.2626000972989,1.2641562544408282
8,2015,BS_G,Blue_Shield,Gold,0.017649003296709855,493.34,581.5252342787307,294.6085721088276,375.2254382403711,243.88245045981822,0.8640000000000001,123.07359636590459,402.10637530975964,1.8155745174326459,0.5066135650574689,21.39346488220416,43.034211710084975,381.60095018064175,1.2928164873972754
8,2015,BS_P,Blue_Shield,Platinum,0.012082143610036197,565.3,644.3754169035054,809.6889915625842,173.663434938383,-208.3477863691637,1.035,854.822237401177,731.4434850895468,3.7707884145850956,1.2565485434771548,26.33971126598676,43.034211710084975,432.0233774326763,1.308494006410782
8,2015,BS_SIL,Blue_Shield,Silver,0.06993551463071221,418.96,540.1678678133684,201.47542292237452,410.444961857968,295.6582331809089,0.721,-15.345843009847657,307.32449379067157,1.3782304618276644,0.37298668604254265,20.558071652261713,43.034211710084975,325.8977222093585,1.2855566990764598
8,2015,CC_BR,Chinese_Community,Bronze,0.020093413636278826,277.42,353.6275286622705,-53.89632849655581,146.27743101927405,330.0958912425965,0.6,-228.4569262291601,107.49888765808858,0.5422198613336038,-0.1524098779878337,19.178199541851573,77.4279659162298,264.0104390192698,1.050791783198207
8,2015,CC_G,Chinese_Community,Gold,0.0023823619120670442,509.9,606.9207784447219,230.27804258047885,440.80739818710106,299.21476994801327,0.8640000000000001,26.593249552584275,332.9518670279474,1.5710964624002013,0.37942026498183645,19.178199541851573,77.4279659162298,482.91723075876627,1.055874521600395
8,2015,CC_P,Chinese_Community,Platinum,0.0021312281454789472,565.66,670.4004080333996,426.44614791805907,490.8713281637888,166.52629419911074,1.035,380.97547986759463,557.8171035361132,2.640386110057527,0.6361066353897764,19.178199541851573,77.4279659162298,535.2666878022247,1.05678162473097
8,2015,CC_SIL,Chinese_Community,Silver,0.028607109181593572,384.22,533.098706788193,95.35372525594747,399.9257141489446,360.31701561601574,0.721,-138.8263751912151,226.84585190237186,1.1388993633582696,0.17886692284517722,19.178199541850656,77.4279659162298,363.62973893371765,1.0566242495090192
8,2015,HN_BR,Health_Net,Bronze,0.03444955675433679,328.84,428.01704382626446,-60.79226267357484,296.0360964062797,437.98576600242814,0.6,-227.89709585655675,227.77872369898566,0.5692587649632598,-0.14203234088559077,9.003189546839225,50.82354049741116,300.15246783738,1.0955765327179072
8,2015,HN_G,Health_Net,Gold,0.004372674405939539,553.61,655.1066239540813,12.932322358791566,504.1582456401293,591.3507610978786,0.8640000000000001,-7.118250455635427,634.3025807395976,1.4718578891052498,0.019740790103349705,14.258159204349571,50.82354049741116,498.4427381079661,1.1106792368997949
8,2015,HN_P,Health_Net,Platinum,0.002086310086309079,664.5,788.7020757744526,-734.0689163030625,580.8202473224186,1471.947451580104,1.035,460.7084785599931,2098.2889891251334,2.8438709410565703,-0.9307302958246382,17.078457927049982,50.82354049741116,595.3700529549351,1.116112570160289
8,2015,HN_SIL,Health_Net,Silver,0.015276612538587454,463.4,568.0778981637658,-30.230709738383894,456.34427180528456,547.4850674047385,0.721,-46.70248076063991,543.7008062913424,1.22005520145446,-0.053215782265250124,12.271719961746715,50.82354049741116,416.42265626972915,1.1128116902934364
8,2015,KA_BR,Kaiser,Bronze,0.06481781428206759,294.35,378.84336122726415,-11.282003523313854,252.74756544164143,370.6803071929721,0.6,-208.88076134254592,167.50980592998084,0.6106453287050257,-0.02978012729790426,6.25,19.445057557605885,249.06463426052488,1.1818217422715505
8,2015,KA_G,Kaiser,Gold,0.015201197075597868,477.98,581.0485726214033,151.87722664701482,473.7880884603231,409.7262884167826,0.8640000000000001,-58.78493345801399,360.34876155164125,1.3738555428479566,0.26138473408827084,6.25,19.445057557605885,398.2755879692902,1.200123769666886
8,2015,KA_P,Kaiser,Platinum,0.020221529472663084,510.59,617.0269065026142,125.28660124172097,522.1944979777343,472.2952477032874,1.035,-103.07509234499892,381.2313232671424,1.4530908451998528,0.2030488458791224,6.25,19.445057557605885,422.9160616198388,1.207308131179401
8,2015,KA_SIL,Kaiser,Silver,0.08513895379511242,393.5,537.2564441898597,133.50001892869074,431.9688260693329,384.3113677035631,0.721,-49.473376453458435,349.1735691910784,1.3659809214091843,0.24848472339870806,6.25,19.445057557605885,330.4772945897861,1.1907020737640768
8,2016,ANT_BR,Anthem,Bronze,0.0728831016707357,313.76,409.5605474700922,-1.3294086104971186,224.96563103935438,375.8942010800644,0.6,-181.84067797873993,209.22509171296105,0.667216459899526,-0.0032459391382032407,14,34.995755000524916,265.25627815182185,1.1828560748349812
8,2016,ANT_BR_HSA,Anthem,Bronze,0.09201524354264251,292.61,375.86785322575133,-59.198773165531286,179.04208403015016,400.0708713907577,0.6,-180.62210477300243,219.4487666177553,0.6524772725281308,-0.1574988993005893,14,34.995755000524916,247.63787435304369,1.181604392157082
8,2016,ANT_G,Anthem,Gold,0.010183553418226628,528.43,654.0187523155604,288.3482221164589,432.18560305116455,330.6747751985766,0.8640000000000001,157.53503542274694,526.1199050976193,1.7635756771672984,0.4408867805327583,14,34.995755000524916,429.2720239769982,1.2309910045018797
8,2016,ANT_P,Anthem,Platinum,0.005621734989572938,618.21,772.4640252727802,942.9202999671829,241.46957588436572,-205.45202969492766,1.035,1261.0173416663722,1138.1231266500813,4.282356659054031,1.2206656480011604,14,34.995755000524916,495.39185661157364,1.2479211996508968
8,2016,ANT_SIL,Anthem,Silver,0.08049803492834427,419.27,580.3339827342165,188.64237081744653,442.86293080931733,356.6958569162451,0.721,7.905148526598434,392.46056190257855,1.3950526763355398,0.32505828786497526,14,34.995755000524916,342.8767417802734,1.2228009337206134
8,2016,BS_BR,Blue_Shield,Bronze,0.02832661972747318,396.27,505.9434926162427,130.0438799690763,403.62416190382976,332.8442329632361,0.6,-157.23147874409818,182.69281003901315,0.7031293167198354,0.25703241936489213,18.060185641437858,43.05537968393028,284.31944784571454,1.3937491895209195
8,2016,BS_BR_HSA,Blue_Shield,Bronze,0.026703880537741725,399.76,507.98030595148794,125.51207995835014,405.39184485227247,339.4128463092075,0.6,-155.54282891831843,183.87001739088907,0.7021068623763471,0.2470806023144065,18.786843192487414,43.05537968393028,286.6356603041531,1.3946624770128362
8,2016,BS_G,Blue_Shield,Gold,0.006190126002723198,585.57,699.1891032583318,472.2717364674627,452.8289065042999,183.8619871069388,0.8640000000000001,253.93287577291116,461.98925157720726,1.9325512083634118,0.6754563740576072,23.752746116835358,43.05537968393028,396.7920290840679,1.4757604918417753
8,2016,BS_P,Blue_Shield,Platinum,0.0017775780252602246,746.52,894.9444707966891,1315.3253179489193,329.9823110286569,-463.4362268361605,1.035,1229.6737226922435,872.839518008768,4.150810827668902,1.469728414298155,31.077205078249772,43.05537968393028,493.12624729708347,1.5138516842123386
8,2016,BS_SIL,Blue_Shield,Silver,0.03923620832551156,462.65,590.1487164604285,274.1637318660547,462.1537356567668,272.9296049104435,0.721,47.48500687993198,338.06597329759444,1.3811950182778698,0.46456719165708515,20.35373700008525,43.05537968393028,318.87317848941336,1.4508902949808933
8,2016,CC_BR,Chinese_Community,Bronze,0.022614022382783767,286.35,365.9523409531994,-52.820321511477346,146.79769757530363,341.0502500231915,0.6,-223.55918786688036,120.24677661636754,0.5417624104301819,-0.1443366132701755,17.595819441786038,77.72241244148523,272.83630978966255,1.0495303950590578
8,2016,CC_G,Chinese_Community,Gold,0.003803856771259018,498.57,625.8868438218626,236.64182181405204,460.64734778489714,311.52260956632534,0.8640000000000001,87.14085118816247,403.55263814397324,1.6240887758668265,0.3780904234526522,17.595819441786038,77.72241244148523,473.81478511225794,1.0522466070405063
8,2016,CC_P,Chinese_Community,Platinum,0.003600033043107051,550.38,684.8352906876239,511.0603343529386,505.3324814620682,96.0525438932001,1.035,534.7430465424803,637.7922483714832,2.7292759964149327,0.7462529184788319,17.595819441786038,77.72241244148523,522.3909517671926,1.0535787385637585
8,2016,CC_SIL,Chinese_Community,Silver,0.050079280790929936,380.06,558.2909098488983,116.9370427508589,391.5731521532372,363.6314546565542,0.721,-122.6731622575236,245.14894177870195,1.1689470850335446,0.20945539446900174,17.595819441785213,77.72241244148523,361.9885369123717,1.0499227496035404
8,2016,HN_BR,Health_Net,Bronze,0.0287500732308352,360.92,477.1877624352303,-1.2548282705886322,349.1084887714609,426.98444100948296,0.6,-221.83204509920546,222.04208530676877,0.5836211947703065,-0.0026296321267437212,9.915682604193952,51.458149696335965,273.68588406343866,1.3187380899642638
8,2016,HN_G,Health_Net,Gold,0.0033787431130693282,592.06,733.6933920398528,-84.35055969916874,564.3098000104733,766.5858020426856,0.8640000000000001,66.28646616783317,901.4405822904525,1.5584633989225376,-0.11496704292872653,15.301461777779185,51.458149696335965,510.552018371248,1.1596467719171437
8,2016,HN_P,Health_Net,Platinum,0.0017937230050518059,695.68,887.4940483777629,-881.1627497805177,631.8181691754369,1717.1986484619447,1.035,648.8199868266778,2560.8070981726332,3.0123468687510124,-0.9928660945852898,18.49858689917361,51.458149696335965,599.3584832200625,1.1607076890985988
8,2016,HN_SIL,Health_Net,Silver,0.018698496184711595,471.36,606.488301968203,-235.76923382740478,484.7152737273605,790.7993860992718,0.721,-10.145323295097711,844.923381172934,1.255221372923272,-0.3887448992210994,12.860183269585804,51.458149696335965,406.1648744639217,1.1605139430683817
8,2016,KA_BR,Kaiser,Bronze,0.06456623159089975,314.58,410.7386742430957,5.669044387603513,268.79792499192627,386.41498202172806,0.6,-201.66838220410096,191.64358340290744,0.6189579802405797,0.013802071105308893,6.25,18.654647833764137,267.722011214081,1.1750247899805648
8,2016,KA_BR_HSA,Kaiser,Bronze,0.0709417511455447,306.48,397.9963003502717,-6.966057002786307,241.07948815316055,386.3077095192939,0.6,-201.2235096330089,185.08419988628503,0.6140229525789557,-0.017502818485135577,6.25,18.654647833764137,260.60436974969343,1.1760355372949787
8,2016,KA_G,Kaiser,Gold,0.016419177419575937,491.76,619.6339084565146,200.4466860932707,482.01899296573333,400.5325745294798,0.8640000000000001,-3.3315943197008706,415.7855524699768,1.4242721226712771,0.323492119068461,6.25,18.654647833764137,412.94792433637383,1.1908523351710285
8,2016,KA_P,Kaiser,Platinum,0.018918385746861544,532.29,664.8111307151701,195.75566675822537,537.0502270975244,450.40081612318056,1.035,-38.72991864911758,431.22692708341606,1.5141885026662691,0.29445305247468007,6.25,18.654647833764137,444.2071250861869,1.1982923504361234
8,2016,KA_SIL,Kaiser,Silver,0.08195719015572524,413.09,579.2023595354809,183.35941539623857,458.2307721774681,377.1882963054782,0.721,-2.055822828857358,395.53296585795385,1.3892381366027786,0.3165722866586601,6.25,18.654647833764137,349.96075282340485,1.1803895055867908
8,2017,ANT_BR,Anthem,Bronze,0.064452137093072015,361.75,484.8879536302482,1.7536973895907693,314.2570843289832,446.0460871430865,0.6,-191.46971912501576,254.57636801807072,0.680427057323124,0.0036167064503484303,10.5,37.088169097570955,299.5828221887004,1.2075124913942559
8,2017,ANT_BR_HSA,Anthem,Bronze,0.0705373874382718,354.34,473.40049258757153,-30.52719707937817,300.2505403941617,466.83952056937875,0.6,-192.0887791417739,274.75074142760485,0.675507297390997,-0.06448492884432545,10.5,37.088169097570955,293.94530716004124,1.205462347480432
8,2017,ANT_G,Anthem,Gold,0.0034913734470423054,649.31,848.5523486055074,426.2754752157981,603.3647606519181,385.18870429213837,0.8640000000000001,254.29620377572473,639.4849080678631,1.9309663091618028,0.5023561314942208,10.5,37.088169097570955,510.94308898027765,1.270806894160894
8,2017,ANT_P,Anthem,Platinum,0.001655542182805408,772.42,1070.1489710219669,1044.0421334754437,538.4460677469674,-10.981331551047788,1.035,1676.8380393542416,1665.8567078031938,4.846452326341295,0.9756044828771907,10.5,37.088169097570955,604.323066214455,1.2781574015344512
8,2017,ANT_SIL,Anthem,Silver,0.02945952714732784,513.72,671.1521597795962,261.2117559054125,551.4585239739243,372.85223477661276,0.721,48.90010700622538,421.75234178283813,1.3466787503171123,0.38919900964215537,10.5,37.088169097570955,398.6929583672539,1.2885103416519075
8,2017,BS_BR,Blue_Shield,Bronze,0.018985475959736618,462.29,603.2128858324625,200.5562922628608,493.0300061966002,358.80350764226404,0.6,-155.32098066643698,203.48252697582706,0.729499457582654,0.3324801193298177,15.167145858999001,43.85308592733761,336.3480584896855,1.3744393295321389
8,2017,BS_BR_HSA,Blue_Shield,Bronze,0.024056835085805812,447.73,592.5953168461874,170.67907601276468,485.86472223380713,378.0631549060851,0.6,-162.57872649970912,215.484428406376,0.7290984300546631,0.28801961669411186,13.940282952198617,43.85308592733761,326.37836546638385,1.3718127405908438
8,2017,BS_G,Blue_Shield,Gold,0.0036156412216586655,675.04,878.6994116595848,623.337346435241,580.0547317054171,211.50897929700625,0.8640000000000001,352.91665425999304,564.4256335569993,2.122638595976044,0.709386325020924,19.345960168390377,43.85308592733761,465.90760629472845,1.4488709582753119
8,2017,BS_G3,Blue_Shield,Gold,0.0018515741035211438,684.53,890.3200286609103,737.1579549616124,583.0412866346143,109.30898777196029,0.8640000000000001,357.83144487992644,467.1404326518867,2.131305519009039,0.82796964151232,20.732712438965496,43.85308592733761,422.5675538928863,1.6199303370403038
8,2017,BS_P,Blue_Shield,Platinum,9.705276066202805e-4,863.85,1142.7143918543195,1697.8343989778314,476.90827870787484,-598.9730930508495,1.035,1634.0594320258942,1035.0863389750448,4.689400680005654,1.485790684952082,24.90644067666992,43.85308592733761,587.3886921183047,1.4706616106018158
8,2017,BS_P3,Blue_Shield,Platinum,6.36105124633318e-4,845.94,1122.7806051555726,1942.0615919866311,450.66659766641425,-863.134072758396,1.035,1629.6432524658956,766.5091797074996,4.686543159902885,1.7296892937668253,15.250749295774327,43.85308592733761,510.9518262603368,1.6556159632336498
8,2017,BS_SIL,Blue_Shield,Silver,0.02204447141977706,543.75,692.9142907938608,342.4175754277086,556.879591197748,306.6436294388146,0.721,80.48276964834795,387.12639908716255,1.3823266936348968,0.4941701736810858,16.90897701722279,43.85308592733761,380.07396955921615,1.430642568420574
8,2017,BS_SIL3,Blue_Shield,Silver,0.008433798623847319,564.39,705.0785936052134,338.0689106987668,559.9281789068472,323.15659697910905,0.721,91.24064531023818,414.3972422893472,1.38103711019398,0.4794769175591478,17.36940034331047,43.85308592733761,350.9439593134934,1.608205484157766
8,2017,CC_BR,Chinese_Community,Bronze,0.018922267266952862,343.44,457.09574383934955,-7.751223705462351,249.01533969839574,386.4169614181677,0.6,-244.2402021514285,142.17675926673923,0.5586970761259115,-0.016957549506710325,15.938728957299485,78.43000612664419,323.85880869716925,1.0604621235457594
8,2017,CC_G,Chinese_Community,Gold,0.003390545475645307,549.23,719.6425658124238,303.76381189165517,545.279352966421,337.4487477941244,0.8640000000000001,128.7138826451908,466.16263043931525,1.6834771526089753,0.4221037308274394,15.938728957299485,78.43000612664419,514.7771907351569,1.0669276142861748
8,2017,CC_P,Chinese_Community,Platinum,0.003000746770749735,605.97,793.2237034798707,573.8017507439343,595.7879983220687,140.99194660929209,1.035,653.7429232499236,794.7348698592157,2.8308479919021687,0.723379480752614,15.938728957299485,78.43000612664419,567.3481218550414,1.0680743914665263
8,2017,CC_SIL,Chinese_Community,Silver,0.035270219543067236,445.5,642.8595379610194,175.1147685992259,497.843296385972,389.31476323514937,0.721,-109.03883853347318,280.27592470167616,1.1454366141198074,0.27239973626998465,15.938728957298833,78.43000612664419,417.615317293783,1.0667712163598653
8,2017,HN_BR,Health_Net,Bronze,0.015866348864370466,440.32,587.66983229824325,6.9801700796898345,471.8291113487394,530.8850430584398,0.6,-225.01660398676876,305.8684390716711,0.6032559402614374,0.0118777069981489,11.686815431720301,49.80461916011361,331.6880703090459,1.32751232080713
8,2017,HN_G,Health_Net,Gold,0.0012589923427449216,728.25,954.3290324598787,-131.8150012255966,749.6308382023789,1036.3394145253617,0.8640000000000001,140.53648626323115,1176.8759007885928,1.7073078193200129,-0.13812322243391278,21.36682684341238,49.80461916011361,626.1361903166269,1.1630856214072784
8,2017,HN_P,Health_Net,Platinum,5.996930512371511e-4,860.42,1159.3290347703762,-213.40258540093308,846.8009036335515,1322.9270010111957,1.035,889.9725920341941,2212.89959304539,3.321632975249159,-0.1840742179317547,27.468807511733942,49.80461916011361,739.2839179801564,1.1638559680167357
8,2017,HN_SIL,Health_Net,Silver,0.006141941174801291,584.29,723.92058854301,-219.48013163791055,601.7275665871398,893.5961010208069,0.721,34.44318477802162,928.0392857988286,1.2520951145587211,-0.30318260747307185,16.59511613458603,49.80461916011361,501.9040055984732,1.1641469155108441
8,2017,KA_BR,Kaiser,Bronze,0.09358915343437231,321.91,422.3644527577138,-6.916425445108636,217.52001307913457,410.76902170215124,0.6,-215.7071680243779,195.06185367777334,0.6049335096340221,-0.01637549135574672,6.25,18.51185650067122,274.2689470001971,1.1737019575889818
8,2017,KA_BR_HSA,Kaiser,Bronze,0.09084966430556103,324.56,426.3671670805386,-5.292861984628182,224.43858133224055,413.14817256449555,0.6,-215.50614931722438,197.64202324727114,0.6066900404163038,-0.012413859211697666,6.25,18.51185650067122,276.6466674670138,1.1731932394909446
8,2017,KA_G,Kaiser,Gold,0.024572403803967663,514.46,683.7952175425178,147.91660699287672,485.7628424629393,517.3667540489698,0.8640000000000001,8.827183950171671,526.1939379991414,1.464199274301984,0.21631711248942656,6.25,18.51185650067122,438.0532184867983,1.1744235136021592
8,2017,KA_G_COIN,Kaiser,Gold,0.039323482774423366,491.57,667.6783519320574,90.49622686119085,474.5829279813746,558.6702685701953,0.8640000000000001,-6.25922053665546,552.4110480335398,1.4656966061371615,0.135538656599128,6.25,18.51185650067122,419.65320279715115,1.171371972675284
8,2017,KA_P,Kaiser,Platinum,0.02256121214315978,567.81,741.1075484433024,185.40116451207336,557.3037356645062,537.1945274305579,1.035,-26.299077526913653,510.89544990364425,1.5486318338076857,0.2501676914524873,6.25,18.51185650067122,480.96380503689284,1.1805670074413301
8,2017,KA_SIL,Kaiser,Silver,0.13796557785678,443.88,642.5223606103733,154.95548340146274,446.93861868260325,469.05502070823934,0.721,7.021288457959614,476.07630916619894,1.3931648851715694,0.24116745642013232,6.25,18.51185650067122,382.7524736829373,1.1597051110574905
8,2018,BS_BR,Blue_Shield,Bronze,0.040961728363727044,472.09,642.629835046195,190.0269904019596,483.73552401883234,408.21830293017297,0.6,-151.54211357956382,256.67618935060915,0.7182697997396233,0.29570209790882124,7.873373580655328,44.38454171406244,354.4168638038877,1.3320190098550877
8,2018,BS_BR_HSA,Blue_Shield,Bronze,0.04496484518398939,464.48,631.0560436516392,126.59921472391494,465.34783025102803,460.07228721366187,0.6,-152.42662166884287,307.645665544819,0.7142633682610733,0.20061485187803904,7.4211377495883495,44.38454171406244,349.33789119874734,1.329600972875128
8,2018,BS_G,Blue_Shield,Gold,0.0035549673771465774,742.01,1014.83254072606,685.6057565712936,697.7353866625517,284.8422424407039,0.8640000000000001,373.3021717032891,658.144414143993,2.187969456587653,0.6755851128707188,11.253298846881655,44.38454171406244,522.4960875571421,1.420125466334427
8,2018,BS_G3,Blue_Shield,Gold,0.0022806919552384513,731.74,968.5199660862263,451.91862508518886,672.080467301118,472.216799286975,0.8640000000000001,365.4609008002125,837.6777000871875,2.1261033255353325,0.46660744322224434,22.22331024256703,44.38454171406244,463.960319041935,1.5771607397611556
8,2018,BS_P,Blue_Shield,Platinum,6.898397074884047e-4,992.31,1429.8924604624087,1743.2951349268112,777.3753318982052,-357.78721617846486,1.035,1444.9205034654838,1087.133287287019,4.485089512824558,1.2191791922331363,16.91747775260431,44.38454171406244,702.9965651805479,1.4115431698377485
8,2018,BS_P3,Blue_Shield,Platinum,3.911353171334659e-4,984.59,1343.975175398698,1874.3449956320592,732.1035982860926,-574.7543619474235,1.035,1362.3589878342416,787.6046258868181,4.236236362214718,1.3946276910033133,47.6270374021865,44.38454171406244,621.2082939947919,1.584959520853169
8,2018,BS_SIL,Blue_Shield,Silver,0.012223870729019813,646.18,849.1468655857769,458.36052180914,696.2289229931696,346.4018020625745,0.721,121.8835401333114,468.2853421958859,1.4546292571862818,0.5397894526678183,10.956198216932497,44.38454171406244,451.28117401651485,1.4318789198513135
8,2018,BS_SIL3,Blue_Shield,Silver,0.012258590350925632,619.11,819.1674626228491,547.5896071896254,681.5537764861643,227.1933137191612,0.721,106.1570381908913,333.3503519100525,1.4287015946342942,0.6684708953604275,19.087258070591254,44.38454171406244,394.04629495050295,1.5711605664957917
8,2018,CC_BR,Chinese_Community,Bronze,0.020873051625576313,369.19,474.2867423257327,33.18308892104422,242.31179681256742,363.0426685253126,0.6,-209.0843945691866,153.95827395612596,0.5302653312562319,0.06996419245945229,14.177201290143524,78.06098487937588,351.02251637168564,1.0517558925168136
8,2018,CC_BR_HSA,Chinese_Community,Bronze,0.021601738260640806,365.5,468.89031962812584,19.741741101478297,228.28597320104734,371.08759364727166,0.6,-209.2742275409568,161.8133661063149,0.5284478142585335,0.04210311084505936,14.177201290143524,78.06098487937588,347.55835735976234,1.051621957177298
8,2018,CC_G,Chinese_Community,Gold,0.007386482681521421,576.01,798.2003862303814,379.6222768225204,638.5353559294622,340.51712452848506,0.8640000000000001,130.51226143498536,471.0293859634704,1.7044333922707953,0.47559771126564143,14.177201290143524,78.06098487937588,545.4541754890639,1.0560190495994264
8,2018,CC_P,Chinese_Community,Platinum,0.006038413414179406,635.51,859.5382950443096,571.2612732488968,688.3564207564364,210.21603691603696,1.035,668.4577522237946,878.6737891398316,2.8736674545106613,0.6646141033418971,14.177201290143524,78.06098487937588,601.3472858277926,1.0568102907875943
8,2018,CC_SIL,Chinese_Community,Silver,0.019777776500240093,542.17,780.2562430230317,302.95353622378747,677.5518565957178,399.2417219198684,0.721,-71.74423260660781,327.4974893132606,1.1479008826339125,0.3882744148896798,14.17720129014382,78.06098487937588,512.0558492861084,1.0588102855496637
8,2018,HN_BR,Health_Net,Bronze,0.016353511326979743,503.4,676.777944544084,186.95712946107602,546.6951480624182,439.79313580394364,0.6,-199.14913169306635,240.64400411087726,0.5988457937303437,0.27624589567117314,11.815808603722518,50.027679279064344,321.2013970874709,1.5672410038207647
8,2018,HN_G,Health_Net,Gold,8.957428513483833e-4,832.99,1124.9236677240028,549.2886069184501,879.6864183626567,525.6073815264883,0.8640000000000001,150.577206060047,676.1845875865354,1.7094235251984666,0.4882896703825212,11.815808603722518,50.027679279064344,510.93753171896685,1.6303167183619094
8,2018,HN_P,Health_Net,Platinum,4.279279820880641e-4,983.47,1401.2736979577212,559.3502940038445,1034.1373815763093,791.8957246748123,1.035,742.940127524899,1534.8358521997113,3.1025692661776922,0.39917276319327666,11.815808603722518,50.027679279064344,653.2293658246082,1.5055508087247587
8,2018,HN_SIL,Health_Net,Silver,0.001571336905273249,755.06,953.3299941353342,416.63320275279665,769.2623856222112,486.66911210347325,0.721,87.58267415851,574.2517862619833,1.3335710298901002,0.437029365818581,11.815808603722623,50.027679279064344,428.84262057241665,1.7606925332937995
8,2018,KA_BR,Kaiser,Bronze,0.10323428536083006,343.95,436.887981836336,45.1743453845077,95.30302585887527,372.6937322575399,0.6,-184.91280075855866,187.78093149898126,0.5730396070788185,0.1034002931246358,6.25,19.019904194288372,293.44614858643143,1.1721060291874752
8,2018,KA_BR_HSA,Kaiser,Bronze,0.10410128032908854,343.06,435.5725701202076,39.01990104288346,62.04083513963256,377.5327648830358,0.6,-184.97661976810792,192.55614511492786,0.5724785296495432,0.08958300802117751,6.25,19.019904194288372,292.67527199223304,1.1721523231696325
8,2018,KA_G,Kaiser,Gold,0.06669863964168282,535.32,764.4340912989151,137.18145894851654,434.75004988739215,608.2327281561102,0.8640000000000001,6.848537071040458,615.0812652271507,1.4923643511335691,0.17945492032598892,6.25,19.019904194288372,461.72324965667036,1.159395807765918
8,2018,KA_G_COIN,Kaiser,Gold,0.11546285037395958,508.62,738.8137504437875,221.21499544552427,396.50209428206824,498.5788508039749,0.8640000000000001,-7.11540389106005,491.46344691291483,1.4889335783357052,0.2994191639132945,6.25,19.019904194288372,439.63335272419454,1.1569185932967294
8,2018,KA_P,Kaiser,Platinum,0.06412543408134908,587.6,821.6362033310647,68.13254364215065,520.863082028599,734.4837554946257,1.035,-18.474135533807605,716.0096199608181,1.5924925639997458,0.08292300578519879,6.25,19.019904194288372,504.57316411328793,1.164548655758614
8,2018,KA_SIL,Kaiser,Silver,0.10315823283867596,528.52,776.9368780226614,285.56333694853305,432.9378658778225,472.35363687984,0.721,34.93416969215039,507.28780657199036,1.4072633183488266,0.3675502412439275,6.25,19.019904194288372,456.842973876327,1.1568964178555514
9,2014,ANT_BR,Anthem,Bronze,0.04606179687474305,288.38,362.3919226685319,27.663864874530617,214.89400971943104,299.7460478042277,0.6,-168.84849357679423,155.80192562749798,0.7003714285306072,0.07633686940598247,16.5,34.98200998977356,238.78090289596372,1.2077180231018998
9,2014,ANT_BR_HSA,Anthem,Bronze,0.04515422675952065,290.35,365.1387330153937,-11.489294446726404,223.3781193862864,341.64601747234656,0.6,-168.81840786555995,172.8276096067866,0.7014121568427031,-0.03146555927344479,16.5,34.98200998977356,240.40339230241494,1.20776165934778
9,2014,ANT_G,Anthem,Gold,0.016821177044183948,463.76,580.9172804257776,248.01580837961635,475.31687360174124,297.91946205638766,0.8640000000000001,55.148786093105834,413.1352392677781,1.8516970874612324,0.4269382522031977,16.5,34.98200998977356,377.1074338153343,1.2297821745595676
9,2014,ANT_P,Anthem,Platinum,0.011416920791010235,537.77,654.870884487026,663.4201763868161,303.2318393462058,-43.53130188956368,1.035,861.7226836515118,891.1661769895392,4.343324162597984,1.013054927470912,16.5,34.98200998977356,433.7489819674643,1.23981847187445
9,2014,ANT_SIL,Anthem,Silver,0.06507858005772309,385.78,509.7376214137271,158.77118146010977,631.9919186902262,315.98442996384375,0.721,-36.3359531176239,295.9564228682832,1.4336102647692965,0.3114762866036203,16.5,34.98200998977356,315.6313919413501,1.22224851472215
9,2014,BS_BR,Blue_Shield,Bronze,0.06598425055086815,279.38,352.26072502098765,35.52859541016483,55.49620800216622,275.7673295337464,0.6,-166.28222290104364,119.87008937161951,0.7131960670515743,0.10085880396699928,12.123606440977076,40.9648000770764,257.24004469860654,1.086067296899025
9,2014,BS_BR_HSA,Blue_Shield,Bronze,0.06852855756893124,274.79,345.46515224329517,24.980594887813318,44.70009699038588,279.51975727840545,0.6,-166.119108666897,113.40064861150844,0.7100485483471254,0.07231002816232139,13.215994923375545,40.9648000770764,253.07033243156326,1.085824629697795
9,2014,BS_G,Blue_Shield,Gold,0.08217310163012546,398.26,539.863568459767,262.3783096681174,222.6606884378162,236.52045871457315,0.8640000000000001,76.75533478787938,349.7829079433901,2.0567048344645222,0.48600854919083325,18.94579680644801,40.9648000770764,359.3709350564826,1.108214274305197
9,2014,BS_P,Blue_Shield,Platinum,0.06661460378722307,456.36,585.8991665322196,759.1586798924061,11.87162631656691,-214.22431343726282,1.035,781.498905632728,657.0137679339974,4.209924271961277,1.2957155825731297,20.319945209718842,40.9648000770764,406.653361597191,1.1222334378537506
9,2014,BS_SIL,Blue_Shield,Silver,0.1862707112913055,338.21,450.3045906450343,146.85927725856737,124.69880714392744,262.4805133093905,0.721,-37.00640428867584,252.265828043348,1.4433152769015438,0.32613320030382165,16.869694363658333,40.9648000770764,306.599014087917,1.103102046841607
9,2014,HN_BR,Health_Net,Bronze,0.035366337075786354,292.46,368.03266889297,-24.480874418702456,210.06991492772949,343.29225539721983,0.6,-201.96320271320536,141.32905268401444,0.5914429792380245,-0.06651821016960291,19.75022393845897,49.2212879144526,250.169837060057,1.1690458107856967
9,2014,HN_G,Health_Net,Gold,0.007059698801632725,504.86,612.9710304772187,-38.95656009263956,492.23976996226344,602.7063026554057,0.8640000000000001,-18.746862630266506,583.9594400251392,1.5713307928653701,-0.06355367245057333,19.75022393845897,49.2212879144526,467.7056274663514,1.0794396525329848
9,2014,HN_P,Health_Net,Platinum,0.0036225259634147973,605.65,728.6542437888246,-608.3304922117975,536.3473785501301,1287.7634480861695,1.035,398.2433873324832,1686.0068354186528,2.9739581276661315,-0.8348685228931448,19.75022393845897,49.2212879144526,557.5368927540708,1.0862958270048542
9,2014,HN_SIL,Health_Net,Silver,0.022409596724141955,422.58,528.5124077825329,-43.47458956771908,427.5527248019329,522.7657094357994,0.721,-53.81372111358296,468.9519883222165,1.29394302415768,-0.08225840855870233,19.750223938457623,49.2212879144526,392.1347517918447,1.0776397604880386
9,2015,ANT_BR,Anthem,Bronze,0.05753437196511452,292.45,377.97112567008475,-17.914370479874407,242.6011418788262,361.9954913486532,0.6,-165.68921611483248,209.4560286748296,0.7178589365010666,-0.04739613495108913,16.5,33.890004801305935,254.55613656493185,1.1488625021829015
9,2015,ANT_BR_HSA,Anthem,Bronze,0.05618328819824454,294.4,380.61202537998025,-63.35460292613291,251.06903583307317,410.07662350480723,0.6,-165.4545122898988,244.62211121490847,0.7189594025275031,-0.1664545487307803,16.5,33.890004801305935,255.99328336629134,1.150030173169637
9,2015,ANT_G,Anthem,Gold,0.01616206110139875,474.56,603.5579993326422,183.3720070154683,446.2529404017366,386.295987515868,0.8640000000000001,110.75700097580817,530.5075008619652,1.9140748857277856,0.3038183691016006,16.5,33.890004801305935,401.5716387748698,1.1817567631215338
9,2015,ANT_P,Anthem,Platinum,0.010165196023530793,556.54,705.4843639109599,622.7211066906062,261.86791632672373,48.87325241904773,1.035,1056.3416930303606,1179.074547267819,4.5879112312916694,0.8826859084990304,16.5,33.890004801305935,467.04039531686084,1.1916313997259673
9,2015,ANT_SIL,Anthem,Silver,0.0805109184549427,387.45,520.2472251772767,124.9890416576533,472.1632883482413,361.3681787183175,0.721,-10.149569114346972,374.88052016265084,1.4503998277475185,0.2402493191867822,16.5,33.890004801305935,329.5297096820419,1.1757665200319705
9,2015,BS_BR,Blue_Shield,Bronze,0.0721085247355203,296.12,387.4248886419971,35.74780012261496,165.56521644545572,308.64287680929715,0.6,-162.5831434279748,162.39083046570292,0.7423292019441393,0.09227027269187135,14.036533895398382,43.034211710084975,273.6859535379905,1.0819700323381611
9,2015,BS_BR_HSA,Blue_Shield,Bronze,0.07640313451692389,291.26,380.85308018028,8.175385247802268,142.4449993951157,329.6434832223928,0.6,-163.2381433384439,166.40533988394887,0.7396469412473198,0.02146598169544114,14.471639129298644,43.034211710084975,269.2626000972989,1.0816949695009714
9,2015,BS_G,Blue_Shield,Gold,0.05320084556584795,422.12,552.3315750369027,243.079514113927,261.2643592928566,266.2178492128907,0.8640000000000001,147.91230363487637,453.7992386515413,2.0647810250365586,0.44009708135495645,19.69842693823844,43.034211710084975,381.60095018064175,1.106181731990388
9,2015,BS_P,Blue_Shield,Platinum,0.04199767364864747,483.7,605.3598890761798,776.4877873999318,40.018862885780464,-214.16211003383694,1.035,937.9796621205976,818.9521365030827,4.252341538975188,1.2826878711519931,21.10102635942073,43.034211710084975,432.0233774326763,1.119615338582868
9,2015,BS_SIL,Blue_Shield,Silver,0.20951375598390234,358.48,500.0317015154776,143.2244944644556,247.9057392220566,313.77299534093703,0.721,-6.934487291633222,336.4067821054611,1.5173450008240648,0.28643082834623507,18.428616158043575,43.034211710084975,325.8977222093585,1.0999770037352714
9,2015,HN_BR,Health_Net,Bronze,0.030630637462361887,317.87,418.63305421477037,-65.46458178114085,283.8349598707602,433.27409549850006,0.6,-203.71145931905937,248.8924521328127,0.6255389603380042,-0.15637700158180942,8.973435539004566,50.82354049741116,300.15246783738,1.0590284407463848
9,2015,HN_G,Health_Net,Gold,0.005305609752765763,535.13,682.3103927270782,-4.188436879711958,529.4821961781961,635.675289109379,0.8640000000000001,30.797345111257794,723.590872089173,1.6931543708454058,-0.006138609237610305,15.62152811105303,50.82354049741116,498.4427381079661,1.0736037644590726
9,2015,HN_P,Health_Net,Platinum,0.0028399541910891397,642.32,829.3712823836967,-876.2850007903361,602.0926238296663,1654.8327426766216,1.035,538.8897945177325,2381.7296049467486,3.2541178146662553,-1.056565400084513,14.650269227485355,50.82354049741116,595.3700529549351,1.0788584289922603
9,2015,HN_SIL,Health_Net,Silver,0.01642484311122947,447.93,568.9109127676564,-49.338120874198694,457.54296941467896,567.425493144444,0.721,-19.936891466545426,594.4096342534057,1.3414233178670665,-0.0867238081867282,14.247406113436353,50.82354049741116,416.42265626972915,1.0756619344694411
9,2016,ANT_BR,Anthem,Bronze,0.08044769256136813,315.05,413.2023340603186,7.871298190950661,210.93071429708436,370.33528086884303,0.6,-165.24079835851606,221.12925973850855,0.7076624235008784,0.019049500794450065,14,34.995755000524916,265.25627815182185,1.187719296203343
9,2016,ANT_BR_HSA,Anthem,Bronze,0.0977987069105463,293.81,379.4869897587049,-52.08021040926791,148.3893506456522,396.5714451674479,0.6,-164.43579930598474,232.13564586146313,0.6926676778592379,-0.13723846090845665,14,34.995755000524916,247.63787435304369,1.1864501775731253
9,2016,ANT_G,Anthem,Gold,0.014427643507317506,530.6,673.6452833944509,315.00807072171995,440.29200437169504,323.641457672206,0.8640000000000001,201.4663977510138,565.8831286280017,1.9056649124547937,0.4676171250460132,14,34.995755000524916,429.2720239769982,1.2360460741984698
9,2016,ANT_P,Anthem,Platinum,0.008321918726268886,620.74,790.9313992758031,1010.5462960109223,227.10832106876643,-254.6106517356443,1.035,1390.5243675437666,1224.7557353184657,4.629854659869001,1.2776661755193994,14,34.995755000524916,495.39185661157364,1.2530282678560645
9,2016,ANT_SIL,Anthem,Silver,0.0948179047658316,421,578.4790260401276,201.74585121712494,494.64230912012306,341.7374198224777,0.721,38.63440000744685,409.4364412436062,1.4593166790919418,0.3487522315167402,14,34.995755000524916,342.8767417802734,1.22784647863281
9,2016,BS_BR,Blue_Shield,Bronze,0.05613540444447165,369.18,490.5352993562095,107.43239437912516,341.28411956975015,340.0475252931541,0.6,-152.57848414624553,195.02709854268488,0.7537224732090625,0.2190105269083021,16.066148488676504,43.05537968393028,284.31944784571454,1.2984690382500141
9,2016,BS_BR_HSA,Blue_Shield,Bronze,0.053737549964735766,372.43,494.33309987671805,102.76815753214245,347.8353660729882,348.5095626606453,0.6,-151.73703892812037,196.77252373252492,0.754619689650725,0.20789252744307807,16.752061156600607,43.05537968393028,286.6356603041531,1.299314954757581
9,2016,BS_G,Blue_Shield,Gold,0.015099372633601633,545.54,662.110151863339,443.8383585221203,416.8138972513941,175.21641365728834,0.8640000000000001,283.38609475972174,483.9468152762464,2.0303833265809517,0.6703391531953576,21.25965514454212,43.05537968393028,396.7920290840679,1.37487640883133
9,2016,BS_P,Blue_Shield,Platinum,0.004315030890539132,695.49,793.4706024836116,1270.1821434736453,215.78355750343027,-519.766920673964,1.035,1309.0246967706757,899.0624716208307,4.283563429466662,1.600792946201028,26.919253484385028,43.05537968393028,493.12624729708347,1.4103690562246682
9,2016,BS_SIL,Blue_Shield,Silver,0.10033993795440603,431.02,580.5080029825244,255.96152372375124,436.6749074577184,281.4910995748429,0.721,62.597250863071324,363.04387755967923,1.4899771298048026,0.4409267786295389,19.367533353066037,43.05537968393028,318.87317848941336,1.3516972548204143
9,2016,HN_BR,Health_Net,Bronze,0.059986487404255454,314.89,419.5448445459681,-57.91652504526775,242.3695714351976,426.00321989489987,0.6,-213.9794772642434,229.47913300922912,0.6044328133259997,-0.13804608922782755,8.446904934020665,51.458149696335965,273.68588406343866,1.150552579931417
9,2016,HN_G,Health_Net,Gold,0.013872500403466898,516.55,673.2960302864302,-183.24883093646548,510.07678978954294,805.0867115265597,0.8640000000000001,71.93798468206744,949.2279704930478,1.6464758705527156,-0.27216680730838216,12.717046035473198,51.458149696335965,510.552018371248,1.011748032351114
9,2016,HN_P,Health_Net,Platinum,0.0077693292514499305,606.96,783.4663009659664,-1040.2928874399743,548.9212356665926,1772.3010387096047,1.035,694.5166021802697,2669.9046366207785,3.1490175064335246,-1.3278080833309056,16.103806572771894,51.458149696335965,599.3584832200625,1.0126827549667743
9,2016,HN_SIL,Health_Net,Silver,0.09118174378225043,411.25,586.9819764213959,-334.7191666317488,447.08117239728824,870.2429933568087,0.721,-14.823550352359472,925.8440102241437,1.3834533568879543,-0.5702375542642779,12.009286877677365,51.458149696335965,406.1648744639217,1.0125198554965884
9,2016,OS_BR,Other_Small,Bronze,0.01968685507481489,340.92,446.2544805173513,-32.514925817314236,328.9513250653847,478.7694063346655,0.6,111.65600820832162,590.4254145429871,1.3926940267919607,-0.07286184730205748,0,0,307.9930675229229,1.1069080312160808
9,2016,OS_G,Other_Small,Gold,0.006431057049660577,509.42,646.6286942778552,38.155580616305315,565.2077971510993,608.4731136615499,0.8640000000000001,20.139958839237604,628.6130725007874,1.4886871478527037,0.05900694007852044,0,0,445.15623262507,1.14436227702793
9,2016,OS_P,Other_Small,Platinum,0.0019080844299482816,643.97,806.289874038924,130.75298175172406,692.0425760792664,675.5368922872,1.035,-17.663050841603482,657.8738414455964,1.562493002279857,0.16216622081181178,0,0,558.9216549894318,1.1521650561422179
9,2016,OS_SIL,Other_Small,Silver,0.02048381247414969,435.41,581.0233417489565,18.566426836493065,521.1487127557363,562.4569149124634,0.721,42.97435262924731,605.4312675417107,1.4303688774606316,0.031954700443885244,0,0,383.2871416358856,1.1359890606860745
9,2017,ANT_BR,Anthem,Bronze,0.028958589802261073,396.68,502.0994269997489,42.207945269608814,375.4274348590111,422.80331263256915,0.6,-155.32554419524413,267.477768437325,0.717158722210207,0.08406292260044726,10.5,37.088169097570955,299.5828221887004,1.324107961537729
9,2017,ANT_BR_HSA,Anthem,Bronze,0.03186016046666794,388.55,493.3783999286958,8.585372209921474,352.30850879384263,447.70485862120336,0.6,-157.42541225219185,290.2794463690115,0.7161838880680254,0.0174011918867187,10.5,37.088169097570955,293.94530716004124,1.3218445422857197
9,2017,ANT_G,Anthem,Gold,0.0022230720281697447,712,863.9730124660505,513.5343782117272,638.7205359204913,313.3504651567523,0.8640000000000001,329.14755907588824,642.4980242326405,1.9406441304771966,0.5943870593202197,10.5,37.088169097570955,510.94308898027765,1.3935015765082266
9,2017,ANT_P,Anthem,Platinum,0.0011239904055675954,846.98,1036.0122937802942,1148.728183949203,595.5169061981562,-149.80405926647973,1.035,1711.9362361486676,1562.1321768821879,4.52616257582244,1.1087978307261404,10.5,37.088169097570955,604.323066214455,1.401535118137347
9,2017,ANT_SIL,Anthem,Silver,0.014321223795703565,563.3,738.7708604063879,349.3936467188564,637.7748909098171,352.28904458996055,0.721,97.09107624471649,449.38012083467703,1.4406921737486187,0.4729391282794501,10.5,37.088169097570955,398.6929583672539,1.412866688959977
9,2017,BS_BR,Blue_Shield,Bronze,0.01920561480152419,457.54,576.8370037480606,186.8227968756507,416.1203801422603,346.1611209450723,0.6,-137.4626008957921,208.69852004928023,0.749403349348216,0.3238745012226148,14.071329034525156,43.85308592733761,336.3480584896855,1.3603170538712386
9,2017,BS_BR_HSA,Blue_Shield,Bronze,0.02254736870730745,443.14,561.4616901106187,156.24458363805863,397.9920441827789,361.3640205452225,0.6,-140.582149639736,220.78187090548647,0.7481761038207114,0.27828182472659074,13.179167823954657,43.85308592733761,326.37836546638385,1.3577493084346066
9,2017,BS_G,Blue_Shield,Gold,0.004703423994072342,668.11,816.4152541589552,620.3554410875522,513.9636739885273,152.2067271440655,0.8640000000000001,404.5449154705822,556.7516426146477,2.0919586489901008,0.7598528297056655,18.6117442766847,43.85308592733761,465.90760629472845,1.4339967645373886
9,2017,BS_G3,Blue_Shield,Gold,0.030040134753710836,506.21,695.3971161425326,498.17102695509163,425.83912171414175,153.37300326010336,0.8640000000000001,298.5186910444031,451.8916943045065,2.0573910745839252,0.7163835100705014,11.701125932063935,43.85308592733761,422.5675538928863,1.1979386380628638
9,2017,BS_P,Blue_Shield,Platinum,0.0014167014865389966,854.99,988.1892260102363,1592.9760127663508,413.32990592723854,-648.639872683452,1.035,1586.289750867606,937.649878184154,4.221370485712954,1.6120151594830783,21.518206228661352,43.85308592733761,587.3886921183047,1.4555779017751305
9,2017,BS_P3,Blue_Shield,Platinum,0.008867148863969393,625.58,805.9860256977435,1603.9390124890947,227.29058037793138,-841.8060727186888,1.035,1552.3885477506144,710.5824750319256,4.323736492190619,1.9900332776868705,14.464701877935644,43.85308592733761,510.9518262603368,1.2243424288716773
9,2017,BS_SIL,Blue_Shield,Silver,0.03444614829412122,538.17,746.7973656316979,378.04396352460265,562.2612457470316,324.9003161797576,0.721,96.06807224485893,420.96838842461653,1.5111929263242123,0.506220269275889,16.396035190010636,43.85308592733761,380.07396955921615,1.4159612157184371
9,2017,BS_SIL3,Blue_Shield,Silver,0.09116519407849151,417.37,574.1589910158178,172.69337563543306,331.57180862541,357.61252945304716,0.721,82.88327122535927,440.4958006784064,1.4737219985398047,0.3007762280790887,13.568166977405376,43.85308592733761,350.9439593134934,1.1892781993354362
9,2017,HN_BR,Health_Net,Bronze,0.026186215343960262,384.16,499.0202931156234,-81.14173398960568,339.05946145769576,530.3574079451155,0.6,-219.4606355047027,310.89677244041275,0.6138087722138097,-0.16260207271932542,10.82618611447872,49.80461916011361,331.6880703090459,1.158196614192558
9,2017,HN_G,Health_Net,Gold,0.004002680746588728,635.38,801.1940269632465,-240.74807405529705,637.6952484454902,992.13748185843,0.8640000000000001,146.69686755416413,1138.834349412594,1.6486749667626417,-0.30048660618177697,13.790660166123796,49.80461916011361,626.1361903166269,1.0147632573014167
9,2017,HN_P,Health_Net,Platinum,0.0019924721592678354,750.69,939.6215362003817,-298.607136115584,660.0008490373208,1188.424053155852,1.035,892.22252879837,2080.6465819542223,3.1109125153811723,-0.3177951170884015,20.918581866194614,49.80461916011361,739.2839179801564,1.0154285542298918
9,2017,HN_SIL,Health_Net,Silver,0.03056966284866764,509.78,705.7257074401477,-322.744668330545,548.0039185442197,978.6657566105791,0.721,12.251736554433808,990.917493165013,1.3425096397148129,-0.45732310007697546,13.375039917694902,49.80461916011361,501.9040055984732,1.0156922326055864
9,2017,KA_BR,Kaiser,Bronze,0.06595214565351153,298.91,377.50062704591346,-38.660104638636874,109.6279243871937,397.6488751838791,0.6,-191.74516068521055,205.90371449866853,0.6407550931023372,-0.10241070310575894,6.25,18.51185650067122,274.2689470001971,1.089842664542644
9,2017,KA_BR_HSA,Kaiser,Bronze,0.064598908040495,301.38,380.85248962245345,-37.593046525633945,114.32297768357927,399.93367964741617,0.6,-191.57895933040086,208.3547203170153,0.6417227465505739,-0.09870762972535815,6.25,18.51185650067122,276.6466674670138,1.0894040501533795
9,2017,KA_G,Kaiser,Gold,0.051377787408332314,477.71,644.5274644323757,105.4164125387349,396.8768680955822,520.5991953929696,0.8640000000000001,19.232674776646977,539.8318701696165,1.5045926246820445,0.16355612189710694,6.25,18.51185650067122,438.0532184867983,1.0905295974087148
9,2017,KA_G_COIN,Kaiser,Gold,0.06951166126686266,456.46,615.6927039456131,49.23952857411383,366.0783213757718,547.941318870828,0.8640000000000001,15.847989816103656,563.7893086869317,1.497825243185746,0.07997419533895171,6.25,18.51185650067122,419.65320279715115,1.0877076523127127
9,2017,KA_P,Kaiser,Platinum,0.07223274171835073,527.25,743.3106011950215,137.9280285451631,545.8323094568002,586.8707161491872,1.035,-46.500303711168534,540.3704124380187,1.6438244259357002,0.18555907627769067,6.25,18.51185650067122,480.96380503689284,1.0962363372843758
9,2017,KA_SIL,Kaiser,Silver,0.11031989546667756,412.17,556.739774226966,116.76331335132562,335.13235292339516,421.46460437496916,0.721,55.488791424983695,476.95339579995283,1.3958947821915013,0.20972691148831904,6.25,18.51185650067122,382.7524736829373,1.0768578346052218
9,2018,BS_BR,Blue_Shield,Bronze,0.02183019172855672,501.38,639.8098095912308,208.0188193536128,478.41153371856916,387.4064485235555,0.6,-122.55876578606484,264.8476827374907,0.7426137242218085,0.32512602375777,7.980492385214137,44.38454171406244,354.4168638038877,1.414661804234667
9,2018,BS_BR_HSA,Blue_Shield,Bronze,0.023350232826617846,493.3,630.0977924839183,143.46725803029716,443.89317397556096,442.2459927395587,0.6,-123.61726895450397,318.6287237850547,0.7414133889087967,0.22769046287994862,7.671145867108269,44.38454171406244,349.33789119874734,1.4120998964848874
9,2018,BS_G,Blue_Shield,Gold,0.0033003444412435406,788.05,1036.635677013302,773.2618116673883,741.3273068174298,218.98932363185116,0.8640000000000001,437.2813614004028,656.2706850322539,2.1813451570281983,0.7459340140552252,11.88063649884292,44.38454171406244,522.4960875571421,1.508240958672855
9,2018,BS_G3,Blue_Shield,Gold,0.028953623443602815,577.92,809.2139003254189,278.20437217877526,463.47838125638293,486.6249864325812,0.8640000000000001,328.3997085771181,815.0246950096993,2.0650078289879144,0.34379583947692643,15.215904183619177,44.38454171406244,463.960319041935,1.2456237662595553
9,2018,BS_P,Blue_Shield,Platinum,6.296091441758562e-4,1053.89,1415.2973515594233,2015.4764396083333,697.5416636600079,-644.5636297629721,1.035,1779.9933294263603,1135.4296996633882,4.697296558312786,1.4240657183365828,16.043248721830572,44.38454171406244,702.9965651805479,1.4991396148988774
9,2018,BS_P3,Blue_Shield,Platinum,0.0036527599901013583,777.63,1018.2288823825036,1817.2992315181807,401.2754003328239,-843.4548908497395,1.035,1671.330453094998,827.8755622452584,4.466969499776093,1.7847649609643481,20.822594859156247,44.38454171406244,621.2082939947919,1.2518023463584333
9,2018,BS_SIL,Blue_Shield,Silver,0.014556118744871645,686.28,995.7177017187959,584.9361923036593,856.4812068982119,366.3969677010741,0.721,146.24425164808812,512.6412193491623,1.6015940684342378,0.5874518362925049,11.691520422095671,44.38454171406244,451.28117401651485,1.5207370471316963
9,2018,BS_SIL3,Blue_Shield,Silver,0.0697354021856099,488.97,693.3801974272294,408.9824912027812,452.65574810636235,240.0131645103858,0.721,108.40101763222557,348.41418214261137,1.4974627028328682,0.5898387244405031,15.70317995176482,44.38454171406244,394.04629495050295,1.2408948041534578
9,2018,HN_BR,Health_Net,Bronze,0.047321564620409824,345.76,438.4657430215111,-44.54572309575754,190.88117467619162,432.9837868382043,0.6,-198.2871702415624,234.69661659664195,0.5831177453635817,-0.10159453458960903,11.815808603722434,50.027679279064344,321.2013970874709,1.0764585806139604
9,2018,HN_G,Health_Net,Gold,0.030895148264757852,572.15,793.6056061406246,196.0837472726136,529.0527254970907,547.4941795889466,0.8640000000000001,88.67038423849809,636.1645638274447,1.6020292144063457,0.24707958935192822,11.815808603722434,50.027679279064344,510.93753171896685,1.1198042118281928
9,2018,HN_P,Health_Net,Platinum,0.0235701212613845,675.5,1006.0095405354007,207.4443833688337,751.3495472115476,748.5374778875026,1.035,826.9941783344992,1575.5316562220019,3.1901330018468457,0.20620518495125933,11.815808603722434,50.027679279064344,653.2293658246082,1.0340931307447858
9,2018,HN_SIL,Health_Net,Silver,0.050591365308046296,518.62,709.3347566347182,130.6807361482359,506.9959638052978,528.626341207418,0.721,35.57504885780177,564.2013900652198,1.308762185563751,0.18422999144751023,11.815808603722555,50.027679279064344,428.84262057241665,1.2093480804397405
9,2018,KA_BR,Kaiser,Bronze,0.06272469321991615,319.38,402.74862936936165,6.614741605777951,71.87197463301321,377.11398356929533,0.6,-170.89139038206963,206.22259318722573,0.6330738342218234,0.01642399532466579,6.25,19.019904194288372,293.44614858643143,1.0883768675734724
9,2018,KA_BR_HSA,Kaiser,Bronze,0.06308486907891972,318.55,401.63031375967927,0.0855434154851622,41.201267046724226,382.52486614990573,0.6,-170.9649297384486,211.55993641145713,0.6327503166434633,2.1299043561823428e-4,6.25,19.019904194288372,292.67527199223304,1.088407632908781
9,2018,KA_G,Kaiser,Gold,0.07379111050263101,497.08,683.0365472811993,86.71877914410031,345.3710650727561,577.2978639428106,0.8640000000000001,39.00703177984587,616.3048957226565,1.4955220630657713,0.1269606721474584,6.25,19.019904194288372,461.72324965667036,1.0765756334982488
9,2018,KA_G_COIN,Kaiser,Gold,0.09724894045646264,472.29,658.0658207870522,176.82117144102455,328.5522272540999,462.2247451517393,0.8640000000000001,35.32406473375551,497.5488098854948,1.5085487969709863,0.26869830624168406,6.25,19.019904194288372,439.63335272419454,1.0742815509183916
9,2018,KA_P,Kaiser,Platinum,0.12643802260972956,545.63,769.2690657918523,9.679231550967117,447.54408529035067,740.5699300465968,1.035,-14.427878300396067,726.1420517462008,1.6164708980344342,0.012582374596076777,6.25,19.019904194288372,504.57316411328793,1.0813694401660527
9,2018,KA_SIL,Kaiser,Silver,0.07431725774954585,490.77,681.010532885561,232.81385155232255,853.5821920286959,429.1767771389501,0.721,81.28346186552746,510.46023900447756,1.4166249564778293,0.3418652727232418,6.25,19.019904194288372,456.842973876327,1.0742640864886268
10,2014,ANT_BR,Anthem,Bronze,0.053401996441891815,222.93,282.30248288960814,-26.518210708173143,93.42170888078525,273.8386836080077,0.6,-146.11275069750678,152.02687641855138,0.6823373625513659,-0.09393544979391077,16.5,34.98200998977356,238.78090289596372,0.9336173759973179
10,2014,ANT_BR_HSA,Anthem,Bronze,0.05253877956001143,224.46,284.3270337784237,-65.25800687427224,100.8618263661829,314.6030306629224,0.6,-146.0275504360912,168.5754802268312,0.6830731067825961,-0.22951741875212564,16.5,34.98200998977356,240.40339230241494,0.9336806683561313
10,2014,ANT_G,Anthem,Gold,0.03926208598727335,358.5,449.08869944932553,98.88292481635918,303.96962168468235,315.2237646431928,0.8640000000000001,22.11125690205479,394.725341544981,1.764066140595724,0.22018573377065565,16.5,34.98200998977356,377.1074338153343,0.950657472786797
10,2014,ANT_P,Anthem,Platinum,0.03330643916794019,415.72,492.377439030494,329.73711466984844,175.41318948744876,127.65831437087195,1.035,632.9147872165616,828.4089008651449,4.0187714768633,0.6696836380625212,16.5,34.98200998977356,433.7489819674643,0.9584345261499273
10,2014,ANT_SIL,Anthem,Silver,0.11908727207857005,298.22,399.8034185830996,48.89396469392628,264.21398556349106,315.92744389939975,0.721,-37.69765947201181,294.45499815765,1.4258765312801525,0.12229501405267153,16.5,34.98200998977356,315.6313919413501,0.9448363110074126
10,2014,BS_BR,Blue_Shield,Bronze,0.040372563749472644,268.6,343.92343243510834,51.99016805307179,217.99893845731896,250.96846430496015,0.6,-140.75400881796543,120.66861909895826,0.7182500448247875,0.15116785641781277,13.217181339467936,40.9648000770764,257.24004469860654,1.0441609132617875
10,2014,BS_BR_HSA,Blue_Shield,Bronze,0.04289955406295277,264.18,338.28256425850816,41.755743483821625,208.79247150494677,255.56202069761014,0.6,-141.17658273252388,114.38543796508624,0.716608305225407,0.12343451272857443,14.32168884291249,40.9648000770764,253.07033243156326,1.0438995257235104
10,2014,BS_G,Blue_Shield,Gold,0.030673460436425295,382.89,462.0085669899103,202.20426697126075,317.25236053164355,218.83949994157317,0.8640000000000001,68.57967704363713,320.9131302505047,1.876652663882774,0.4376634578199859,18.580568307227477,40.9648000770764,359.3709350564826,1.06544509488454
10,2014,BS_P,Blue_Shield,Platinum,0.02744629783843374,438.74,502.8084298767117,534.853754421738,167.51877935953723,-73.01012462210258,1.035,588.9381053970637,597.5444542997215,3.805853419231656,1.0637326716118976,21.073042034733618,40.9648000770764,406.653361597191,1.0789041513803894
10,2014,BS_SIL,Blue_Shield,Silver,0.07709778743344545,325.16,419.4227089730311,134.22263536924885,325.926943113115,244.23527352670584,0.721,-19.63137779928892,251.2922125893984,1.437391627503729,0.32001756819008903,16.026588233402205,40.9648000770764,306.599014087917,1.060538309189607
10,2014,HN_BR,Health_Net,Bronze,0.02620384021569305,262.76,334.62621059747994,-26.306904787304347,205.08293744676544,311.7118274703317,0.6,-171.01235796467688,140.6994695056548,0.5886412548054301,-0.07861579264915616,19.750223938461172,49.2212879144526,250.169837060057,1.050326462565991
10,2014,HN_G,Health_Net,Gold,0.004849939728863496,453.59,504.086170126787,-93.89790500437897,393.0287687648126,548.7627872167134,0.8640000000000001,-22.709477195899346,526.053310020814,1.406154778430315,-0.18627351942776352,19.750223938461172,49.2212879144526,467.7056274663514,0.9698194192299578
10,2014,HN_P,Health_Net,Platinum,0.002708544415834362,544.14,580.4930949348095,-661.5974498884809,407.49618612704603,1192.8692569088378,1.035,267.0039769258523,1459.8732338346902,2.5516248483923833,-1.1397163130127836,19.750223938461172,49.2212879144526,557.5368927540708,0.975971289204031
10,2014,HN_SIL,Health_Net,Silver,0.012782853338845407,379.67,447.9801822528747,-87.55495989712529,346.8071079707968,486.3138542355474,0.721,-40.48358047662126,445.8302737589261,1.2261995136268105,-0.19544382400313967,19.750223938459943,49.2212879144526,392.1347517918447,0.9682130906916884
10,2014,KA_BR,Kaiser,Bronze,0.038470548756333635,243.81,309.5199321495713,8.594255948677898,189.6056976152783,283.06594451146225,0.6,-157.21418760509272,150.4439214912802,0.6405480547062697,0.027766405507367586,6.25,17.85973168943113,249.39548978657075,0.9776038861354279
10,2014,KA_G,Kaiser,Gold,0.013770922907600389,403.23,472.25482608840366,139.02414567312204,400.3609898431407,315.3709487258505,0.8640000000000001,-51.335854143634094,289.90056078811006,1.379047773699324,0.29438374791133937,6.25,17.85973168943113,406.95607536316345,0.9908440355391221
10,2014,KA_P,Kaiser,Platinum,0.02079737870812925,433.67,500.9406712145199,129.0424575386859,435.8697656690143,354.03848198640287,1.035,-82.93373621888354,294.85655762180465,1.4516269191759996,0.25760028073948404,6.25,17.85973168943113,435.7266211112285,0.995280019600401
10,2014,KA_SIL,Kaiser,Silver,0.04233993342869263,331.67,419.97108993905226,114.34305048098057,351.0354961490598,287.76830776864057,0.721,-30.94900106873671,290.3432244514478,1.3650687179929453,0.2722640991730513,6.25,17.85973168943113,336.8966045566472,0.9844860278021342
10,2015,ANT_BR,Anthem,Bronze,0.05980712021430124,217.55,282.18934813627027,-78.86383627820257,78.22917261732121,327.1631796131669,0.6,-139.24447002255144,200.50661435894665,0.685283117342453,-0.27947134361754483,16.5,33.890004801305935,254.55613656493185,0.8546248498884946
10,2015,ANT_BR_HSA,Anthem,Bronze,0.05882415263962154,219.02,284.1917234058789,-122.92951400138352,85.8503018659427,373.2312326059565,0.6,-139.15762185980554,234.073610746151,0.6860326980837285,-0.43255838885151904,16.5,33.890004801305935,255.99328336629134,0.8555693224443408
10,2015,ANT_G,Anthem,Gold,0.04073063626729026,353.02,452.22415669354,0.414244664020174,275.450700589941,417.9199072282139,0.8640000000000001,47.423385583346764,496.6635610852441,1.7844759194327613,9.16016223124711e-4,16.5,33.890004801305935,401.5716387748698,0.8790959468079144
10,2015,ANT_P,Anthem,Platinum,0.032099117112380615,414.01,505.65362107712167,180.33536514441622,147.71353005324494,291.4282511313995,1.035,706.5238646158028,1064.6435283148792,4.115863257187703,0.3566381365177877,16.5,33.890004801305935,467.04039531686084,0.8864543712950511
10,2015,ANT_SIL,Anthem,Silver,0.18622364003105266,288.23,399.1456573078849,-6.114003796086848,232.64935441173984,371.3696563026658,0.721,-19.532862867228193,375.5403515894589,1.4531150447959142,-0.015317725958297855,16.5,33.890004801305935,329.5297096820419,0.8746707551137306
10,2015,BS_BR,Blue_Shield,Bronze,0.03066879009721907,284.69,370.9090095330981,54.871324820941624,270.51220072113654,273.0034730020715,0.6,-129.50063326460358,159.54804777244695,0.7285161958898194,0.14793742780746658,14.639862612026931,43.034211710084975,273.6859535379905,1.0402068367768171
10,2015,BS_BR_HSA,Blue_Shield,Bronze,0.033148096793463575,280.01,365.64605602531645,28.317575762613416,261.52358336499935,294.29426855261806,0.6,-130.32974826317854,163.9645202894395,0.7281139501430077,0.07744531985503701,15.73765787214273,43.034211710084975,269.2626000972989,1.0399141949116495
10,2015,BS_G,Blue_Shield,Gold,0.018204837231470126,405.83,490.5590181487614,168.98277011230184,338.0288041524251,278.5420363263746,0.8640000000000001,103.462026089116,418.59582426896986,1.8948593284837665,0.3444698066096056,20.356653745932224,43.034211710084975,381.60095018064175,1.0634931590392758
10,2015,BS_P,Blue_Shield,Platinum,0.015517124033873392,465.02,541.5592772323514,497.37923683276415,194.29875582888732,1.1458286895023093,1.035,665.8163898469799,754.6240516861857,3.898009946362284,0.9184206747867562,22.820448470248806,43.034211710084975,432.0233774326763,1.0763769376634384
10,2015,BS_SIL,Blue_Shield,Silver,0.05779982154554611,344.63,439.53051237065694,112.86673769748731,333.1445732325517,283.62956296308465,0.721,7.132787313787628,318.7814568513884,1.4329389564976673,0.2567893115968854,17.659120142462093,43.034211710084975,325.8977222093585,1.0574790080263519
10,2015,HN_BR,Health_Net,Bronze,0.01705880140955622,285.59,372.2858586958939,-62.29223206935558,265.69574198507183,383.75455026783834,0.6,-162.11353394241715,240.30380973375208,0.6026071678354322,-0.16732365899570661,6.7806801998858655,50.82354049741116,300.15246783738,0.9514830980990973
10,2015,HN_G,Health_Net,Gold,0.0031125665108894807,480.79,574.508508689491,-73.42409753207187,443.6758678339214,597.1090657241517,0.8640000000000001,0.8930356780488566,649.2522571024685,1.5087791308735055,-0.12780332479245482,16.534628099463397,50.82354049741116,498.4427381079661,0.9645842204964729
10,2015,HN_P,Health_Net,Platinum,0.0017434035375321448,577.09,695.0680430507579,-958.5962177840414,523.5751745192554,1602.8407203373881,1.035,342.7690395122864,2112.3529918390764,2.86414768491381,-1.3791401106237295,19.245364475739844,50.82354049741116,595.3700529549351,0.9692963177032374
10,2015,HN_SIL,Health_Net,Silver,0.009031948908563379,402.44,484.43566662589427,-100.45143760708191,379.0149884994498,534.063563735565,0.721,-17.640790470167808,560.6813928838842,1.2606201714061835,-0.2073576421544857,10.679725914513517,50.82354049741116,416.42265626972915,0.9664219608150423
10,2015,KA_BR,Kaiser,Bronze,0.04126490512419076,238.3,309.59042755822475,-30.330108019335746,198.37549523231718,320.4754780199546,0.6,-150.44945688484233,176.02661153152093,0.6437179045437327,-0.09796849424109393,6.25,19.445057557605885,249.06463426052488,0.956779756016003
10,2015,KA_G,Kaiser,Gold,0.017467979020885052,386.94,475.8656346017451,58.52058555535262,394.3687924660541,397.8999914887866,0.8640000000000001,-34.9207626522613,372.70932516795864,1.4240293141689628,0.12297712064105838,6.25,19.445057557605885,398.2755879692902,0.9715383309655317
10,2015,KA_P,Kaiser,Platinum,0.028676524719618842,413.34,502.6517834579167,36.86870341919171,431.1646356556711,446.3380224811191,1.035,-64.39970484636362,394.36322238971,1.5063818748152085,0.07334839869772083,6.25,19.445057557605885,422.9160616198388,0.9773570632830522
10,2015,KA_SIL,Kaiser,Silver,0.07074726288160978,318.54,421.59964405400314,43.815087694023866,352.70675992599524,358.3394988023734,0.721,-15.446944737875064,357.57297582852544,1.4009539782010814,0.10392581756641983,6.25,19.445057557605885,330.4772945897861,0.9638786240833774
10,2016,ANT_BR,Anthem,Bronze,0.06452620012428856,239.8,313.3931274263373,-54.96700172666953,107.6768359764084,333.3643741524819,0.6,-134.40384248855287,214.51574194254303,0.6851745635766489,-0.17539313059629702,14,34.995755000524916,265.25627815182185,0.9040313830489181
10,2016,ANT_BR_HSA,Anthem,Bronze,0.07586743943767627,223.62,289.3206194269194,-106.33347593546682,61.60581474156046,360.6583403618613,0.6,-134.41627704957153,226.24206331228973,0.6739797286686279,-0.36752816355118445,14,34.995755000524916,247.63787435304369,0.9030121122797125
10,2016,ANT_G,Anthem,Gold,0.023303077966382934,403.86,506.1809570056905,97.54528547726022,315.13875390504484,373.63991652790537,0.8640000000000001,113.41957392312462,524.880261146064,1.7591566545963924,0.1927083271845875,14,34.995755000524916,429.2720239769982,0.9408020496151414
10,2016,ANT_P,Anthem,Platinum,0.016371268642771483,472.46,570.6105149295613,442.2290555257481,177.13948666619052,93.38570440328829,1.035,916.5137030926386,1088.8856030278707,4.08559672155957,0.7750103511154869,14,34.995755000524916,495.39185661157364,0.9537096617444923
10,2016,ANT_SIL,Anthem,Silver,0.17008422983483698,320.43,444.9690906381029,51.90290203949895,288.9688616720106,358.07043359807903,0.721,12.591313478651198,398.9844113480635,1.4197289193089526,0.11664383691251043,14,34.995755000524916,342.8767417802734,0.9345340787370816
10,2016,BS_BR,Blue_Shield,Bronze,0.022692468992662498,325.76,420.56151348830866,79.12270499317194,335.9116248099032,298.38342881120644,0.6,-117.53969043709604,188.13468810072249,0.7254250614706003,0.1881358670623376,15.27304508785373,43.05537968393028,284.31944784571454,1.1457534912517595
10,2016,BS_BR_HSA,Blue_Shield,Bronze,0.02146584289488405,328.64,422.2918610513457,73.60605731714625,336.8983133897981,305.63042405026914,0.6,-116.39001624516742,189.24040780510174,0.7239366616943465,0.1743013875140649,16.73038180489897,43.05537968393028,286.6356603041531,1.1465426166837565
10,2016,BS_G,Blue_Shield,Gold,0.007709716063022938,481.38,566.5607797041744,281.6763304725888,388.8605606774072,241.82906954765528,0.8640000000000001,186.49430507371957,451.9943289710548,1.8881156781981776,0.49716877793705394,20.262824148608715,43.05537968393028,396.7920290840679,1.21317961227999
10,2016,BS_P,Blue_Shield,Platinum,0.00252036323933612,613.7,687.7222890406495,819.3669989412775,276.24937816553233,-174.70008958455833,1.035,904.3972553522507,831.2155511907534,3.9406141029674653,1.191421322237888,26.182537733774673,43.05537968393028,493.12624729708347,1.2445088927304189
10,2016,BS_SIL,Blue_Shield,Silver,0.04914733120348797,380.33,482.1646651439868,158.95661896590602,374.0285659538722,280.1526664941505,0.721,42.94040093033204,340.89198271651327,1.393477739203398,0.32967289073005274,17.17013888012437,43.05537968393028,318.87317848941336,1.1927312350374648
10,2016,HN_BR,Health_Net,Bronze,0.017969003988080462,308.13,407.124468433491,-19.934804084332825,301.55111162751547,375.6011228214879,0.6,-163.3221986473409,229.7553230181102,0.6052065297487327,-0.048964888209831164,8.098056631454087,51.458149696335965,273.68588406343866,1.1258527309672186
10,2016,HN_G,Health_Net,Gold,0.0031554778382024682,505.45,610.1060062034421,-204.2211738838268,469.9058665568437,762.869030390933,0.8640000000000001,49.39571136392276,879.1364891458079,1.5174852519086337,-0.33473063993362573,15.157347765605673,51.458149696335965,510.552018371248,0.9900068588749794
10,2016,HN_P,Health_Net,Platinum,0.0019453575523939014,593.91,722.1373342307488,-1118.9946490826615,532.0352508543428,1789.6738336170743,1.035,477.578289389263,2453.9093831918813,2.878790385938549,-1.5495593373172734,19.216102112672935,51.458149696335965,599.3584832200625,0.9909094750927852
10,2016,HN_SIL,Health_Net,Silver,0.016486377312674452,402.42,501.3380567338997,-323.61613752603114,389.7776549721115,773.4960445635949,0.721,3.086490407516018,840.516654522599,1.2482599270950652,-0.6455048308806131,11.183598037606444,51.458149696335965,406.1648744639217,0.9907799154989353
10,2016,KA_BR,Kaiser,Bronze,0.04785634318314921,254.65,333.48317602840285,-25.032776541285138,201.9854280219542,339.86130473592385,0.6,-148.62843596948457,198.37199856991168,0.642095190423876,-0.07506458598425093,6.25,18.654647833764137,267.722011214081,0.9511731920927932
10,2016,KA_BR_HSA,Kaiser,Bronze,0.05205304766386767,248.1,324.38204581937015,-35.45916312410677,188.2674796865652,341.1865611097128,0.6,-149.0008842414887,192.18567686822408,0.6391094015721622,-0.10931296470043216,6.25,18.654647833764137,260.60436974969343,0.9520178047601285
10,2016,KA_G,Kaiser,Gold,0.023284765071052652,398.08,500.3542629209633,83.76632794856889,392.4434040384418,397.9332871386303,0.8640000000000001,1.4180115088883711,418.0364818084436,1.4324739839567135,0.16741403872440022,6.25,18.654647833764137,412.94792433637383,0.9639956433725456
10,2016,KA_P,Kaiser,Platinum,0.033926094123188553,430.9,533.1188442967479,78.23641413885159,435.0644329708324,436.22778232413214,1.035,-25.124779102776046,430.6320555610283,1.5119670829086542,0.14675229543246676,6.25,18.654647833764137,444.2071250861869,0.9700429724453316
10,2016,KA_SIL,Kaiser,Silver,0.09880300612903273,334.4,453.8813256489545,72.68979167092479,360.5564461859571,362.53688614426557,0.721,11.789381624722783,394.6829169894136,1.3860630128818852,0.1601515364550276,6.25,18.654647833764137,349.96075282340485,0.9555357202261562
10,2017,ANT_BR,Anthem,Bronze,0.07118348302853093,246.58,319.2068868289848,-102.76345533713337,77.85479792431784,384.8821730685472,0.6,-132.71473010770492,252.16744296084232,0.6735815090275666,-0.32193370374301766,10.5,37.088169097570955,299.5828221887004,0.823077899455413
10,2017,ANT_BR_HSA,Anthem,Bronze,0.07436905639686868,241.55,311.70288968752664,-130.82045462125305,51.045910464477885,405.43517521120873,0.6,-132.8176812411989,272.61749397000983,0.6699305954645861,-0.4196959956078587,10.5,37.088169097570955,293.94530716004124,0.8217515099449636
10,2017,ANT_G,Anthem,Gold,0.017846378916971335,442.58,555.4377637928573,80.13759296706766,369.14628427915227,438.21200172821864,0.8640000000000001,149.98994941625935,588.201951144478,1.7667058089488006,0.14427825796330596,10.5,37.088169097570955,510.94308898027765,0.8662021456896221
10,2017,ANT_P,Anthem,Platinum,0.00967231500255853,526.48,634.8129988228138,222.09279335446715,291.6612836938434,375.6320363707757,1.035,1058.9969059182504,1434.628942289026,4.134304809955263,0.3498554594287013,10.5,37.088169097570955,604.323066214455,0.8711896491026359
10,2017,ANT_SIL,Anthem,Silver,0.16763956797518612,350.18,480.4304070274315,39.01381338137273,324.56775770325294,404.3284245484878,0.721,31.876751564498633,436.20517611298646,1.3958124557115597,0.08120596200969671,10.5,37.088169097570955,398.6929583672539,0.8783200020237969
10,2017,BS_BR,Blue_Shield,Bronze,0.012492785079771272,384.63,480.10627310907455,131.10295892632885,391.9971742303963,305.1502282554081,0.6,-106.10763355626428,199.0425946991438,0.7125824557525987,0.27307070594460614,12.25664103173517,43.85308592733761,336.3480584896855,1.1435475552530805
10,2017,BS_BR_HSA,Blue_Shield,Bronze,0.015387939179935202,372.52,472.99944749744714,106.43000091642736,386.5322517289755,322.71636065368216,0.6,-110.34543726630251,212.37092338737966,0.7178996178639041,0.22501083559299884,12.918445212621055,43.85308592733761,326.37836546638385,1.1413746725144642
10,2017,BS_G,Blue_Shield,Gold,0.0036307576404355363,561.65,669.2820046257647,345.680776341658,472.6753155085381,279.7481423567691,0.8640000000000001,235.32715408931975,515.0752964460888,1.9258185245651491,0.5164949512350159,16.14689903343223,43.85308592733761,465.90760629472845,1.2054965242286813
10,2017,BS_G3,Blue_Shield,Gold,0.001894830291741884,568.31,675.4604213557856,443.5256478793201,476.57401368570527,188.08168754912785,0.8640000000000001,236.58137180509894,424.6630593542268,1.9258042150154757,0.6566271447690073,11.382875762909578,43.85308592733761,422.5675538928863,1.3448973892208886
10,2017,BS_P,Blue_Shield,Platinum,0.001170294226127439,718.75,832.9993464085709,923.2526515836627,424.35189271042714,-134.10639110242937,1.035,1022.2606111616384,888.154220059209,3.984783390720388,1.1083473901440783,23.714725597436704,43.85308592733761,587.3886921183047,1.223636085686236
10,2017,BS_P3,Blue_Shield,Platinum,7.737370159726153e-4,702.32,823.5188469916718,1143.2034846907636,425.93337649461284,-363.5377236264294,1.035,1025.4456993047863,661.9079756783569,4.009445752814509,1.3881934686339057,10.84391971830737,43.85308592733761,510.9518262603368,1.374532713074517
10,2017,BS_SIL,Blue_Shield,Silver,0.020478014895273983,452.41,548.9502102185213,196.48826452884802,440.4876943549292,308.60885976233567,0.721,71.6648598282795,380.27371959061514,1.3563176074633012,0.35793458290257635,14.154566760611434,43.85308592733761,380.07396955921615,1.1903209275938424
10,2017,BS_SIL3,Blue_Shield,Silver,0.00837126140386664,468.57,557.4764977041591,185.08315984625912,446.69003612295097,328.54025193056236,0.721,75.75177516152564,404.292027092088,1.3452482954866913,0.33200172672477185,11.543589051495937,43.85308592733761,350.9439593134934,1.3351704383702838
10,2017,HN_BR,Health_Net,Bronze,0.00843188513068043,375.9,474.88209204713775,-27.616248861820473,372.7625704072344,452.6937217488446,0.6,-152.03602654682973,300.65769520201485,0.5923319143626008,-0.05815390667348903,9.483743544598964,49.80461916011361,331.6880703090459,1.1332936986541609
10,2017,HN_G,Health_Net,Gold,0.00108334552373346,621.72,731.0283061000289,-283.15936957402505,563.8001075465847,964.3830565139403,0.8640000000000001,88.91545301268548,1053.2985095266258,1.5173001091030673,-0.38734391980613603,18.441087323940998,49.80461916011361,626.1361903166269,0.9929469173241788
10,2017,HN_P,Health_Net,Platinum,6.031878461257112e-4,734.55,858.1958741456677,-531.7653850936982,604.1259454383792,1340.1566400792524,1.035,547.8401536609767,1887.9967937402291,2.8054961513823473,-0.6196317194172829,12.863246478870344,49.80461916011361,739.2839179801564,0.9935966171250008
10,2017,HN_SIL,Health_Net,Silver,0.004894307039531476,498.82,577.3396212012623,-329.30553767294475,462.1504626747437,856.8405397140934,0.721,34.969043888196815,891.8095836022902,1.2001741803350319,-0.5703844419819368,14.101354256227987,49.80461916011361,501.9040055984732,0.9938553875560411
10,2017,KA_BR,Kaiser,Bronze,0.056540154793025016,260.59,338.8872312210456,-31.642294072466534,178.24082080243656,352.01766879284094,0.6,-148.5157921185779,203.50187667426306,0.6328088393731813,-0.09337116054345301,6.25,18.51185650067122,274.2689470001971,0.9501257902150064
10,2017,KA_BR_HSA,Kaiser,Bronze,0.05524082732563452,262.74,341.9459158762112,-30.94881528224436,182.67974963921753,354.3828746577843,0.6,-148.392479180562,205.99039547722236,0.6339808652558101,-0.09050792492415154,6.25,18.51185650067122,276.6466674670138,0.9497313031299321
10,2017,KA_G,Kaiser,Gold,0.028176452460975877,416.47,536.4224722985978,14.667388259176,402.60913787909004,503.24322753875055,0.8640000000000001,19.170862807952258,522.4140903467028,1.4530156718511695,0.027342978746444927,6.25,18.51185650067122,438.0532184867983,0.9507292320294898
10,2017,KA_G_COIN,Kaiser,Gold,0.04302145997827095,397.94,524.9939914954427,-34.67989161324817,391.66811568635256,541.1620266080197,0.8640000000000001,12.35379360414617,553.5158202121659,1.4688143070451514,-0.06605769242132213,6.25,18.51185650067122,419.65320279715115,0.9482591753085066
10,2017,KA_P,Kaiser,Platinum,0.032866280066104855,459.65,575.8473758545991,50.769900350266205,456.560756835433,506.5656190036617,1.035,-1.131116064640574,505.4345029390211,1.5310328118600747,0.08816554955194508,6.25,18.51185650067122,480.96380503689284,0.9556852203561181
10,2017,KA_SIL,Kaiser,Silver,0.11605235834835886,359.33,485.15674471054473,27.917126848967946,371.7994767091473,438.72776136090556,0.721,28.384647179681284,467.11240854058684,1.365283521766451,0.05754248941880407,6.25,18.51185650067122,382.7524736829373,0.9388051670638191
10,2018,ANT_BR,Anthem,Bronze,0.038693882633611044,318.71,387.09421363250055,2.267377885212852,159.90830904062523,339.6133781146043,0.6,-122.45212892015404,217.16124919445028,0.6302882519524547,0.00585743161577056,9,45.2134576326834,337.13224293572625,0.9453560336581677
10,2018,ANT_BR_HSA,Anthem,Bronze,0.032385653395134176,340.45,413.58100981913867,9.14328975142638,187.28604130016328,359.2242624350289,0.6,-119.31396235346642,239.91030008156247,0.6384883374775228,0.022107615036349934,9,45.2134576326834,360.3490746874038,0.9447783383246762
10,2018,ANT_G,Anthem,Gold,0.003819393495251067,619.96,777.3850295613234,518.2443133821544,623.7831717270496,213.92725854648575,0.8640000000000001,216.95648227288854,430.8837408193743,1.8109383729476989,0.6666507504969557,9,45.2134576326834,656.5795883929592,0.9442267334526968
10,2018,ANT_P,Anthem,Platinum,0.0010697596841242952,780.23,1018.8084827660676,1175.467257521747,812.593872861032,-201.87223238836282,1.035,1280.3875902000916,1078.5153578117288,4.363474294550998,1.1537666572331144,9,45.2134576326834,829.4251151125872,0.9406876953491946
10,2018,ANT_SIL,Anthem,Silver,0.044370804996689016,513.76,708.0300117877141,402.0722484417152,554.4952166824496,260.7443057133155,0.721,71.48764452321397,332.2319502365295,1.425475902114393,0.5678745840540259,9,45.2134576326834,538.1229158662142,0.9547261134066419
10,2018,BS_BR,Blue_Shield,Bronze,0.021537745973651618,417.67,530.7021514790407,123.57798963785336,352.45921940992054,362.7396201271249,0.6,-112.27672099676904,250.46289913035585,0.6997924608588609,0.2328575252492337,6.555655675707314,44.38454171406244,354.4168638038877,1.1784710115574881
10,2018,BS_BR_HSA,Blue_Shield,Bronze,0.022947009007586096,410.94,520.5728761739722,63.34448233384392,337.81767168903804,412.8438521260658,0.6,-112.43075773248822,300.41309439357764,0.696417987196806,0.12168225666962063,6.439495207830578,44.38454171406244,349.33789119874734,1.176339613747212
10,2018,BS_G,Blue_Shield,Gold,0.0031741756262374165,656.48,837.657366430273,477.73449990736896,604.509023108995,315.5383248088416,0.8640000000000001,293.46978208964856,609.0081068984902,2.0146614044439217,0.5703220899772697,9.783690999728591,44.38454171406244,522.4960875571421,1.2564304606935548
10,2018,BS_G3,Blue_Shield,Gold,0.002159904518148192,645.85,803.7940207435813,268.1267847106624,582.2140338910572,491.2826943188565,0.8640000000000001,289.12227807736434,780.4049723962208,1.971847169887471,0.3335764857551704,17.786531735278082,44.38454171406244,463.960319041935,1.3920371494994703
10,2018,BS_P,Blue_Shield,Platinum,6.644147224610004e-4,877.94,1147.8522529922784,1279.8069807688748,623.6640001243735,-176.3392694906588,1.035,1190.6056167579632,1014.2663472673044,4.166063945774763,1.1149579376898118,15.048144495900633,44.38454171406244,702.9965651805479,1.2488538969952465
10,2018,BS_P3,Blue_Shield,Platinum,3.9031930272589765e-4,869.03,1045.6554579897486,1414.214679161567,584.3682206653763,-412.9437628858806,1.035,1151.980838235327,739.0370753494464,3.9589669147793702,1.352467171051128,18.639945508613277,44.38454171406244,621.2082939947919,1.3989349601428305
10,2018,BS_SIL,Blue_Shield,Silver,0.015039636904753274,571.71,743.504227654871,341.63990393997057,628.8736108814612,357.479782000838,0.721,108.36566730640325,465.84544930724127,1.4465700387485714,0.4594996117474092,9.615155796985785,44.38454171406244,451.28117401651485,1.2668598490640295
10,2018,BS_SIL3,Blue_Shield,Silver,0.016443100916316254,546.44,727.8238027457933,444.1867667760177,613.0063032259,239.25249425571312,0.721,99.3733928894072,338.6258871451203,1.4527605507349886,0.6102943667138606,16.222335235663714,44.38454171406244,394.04629495050295,1.386740611451859
10,2018,HN_BR,Health_Net,Bronze,0.012037665123488308,429.75,540.1941940917126,101.53073367104263,394.54132763478214,388.6357811416056,0.6,-157.17406506682434,231.46171607478126,0.5745735386349821,0.18795228601402747,11.815808603724236,50.027679279064344,321.2013970874709,1.337945612618144
10,2018,HN_G,Health_Net,Gold,0.0010481045693668855,711.13,876.1064264288271,325.52681235398256,695.0130901334265,500.55193479578026,0.8640000000000001,115.99131243513428,616.5432472309145,1.5495301438937603,0.3715608087488759,11.815808603724236,50.027679279064344,510.93753171896685,1.3918139808745658
10,2018,HN_P,Health_Net,Platinum,5.270391151514374e-4,839.59,1085.4580858509287,222.99524198002683,772.7782124250532,812.4351645918375,1.035,629.3053961912674,1441.740560783105,2.902819776864177,0.2054388325876379,11.815808603724236,50.027679279064344,653.2293658246082,1.2852912681599034
10,2018,HN_SIL,Health_Net,Silver,0.002366999695292204,644.61,761.6999709356646,243.86344575537163,644.2622912780565,467.80884590122866,0.721,66.61902061275808,534.4278665139867,1.2354344577664922,0.32015682691416175,11.815808603725532,50.027679279064344,428.84262057241665,1.5031388417960376
10,2018,KA_BR,Kaiser,Bronze,0.04489896109176278,278.44,334.68040111904395,-13.773281871912175,-146.19768974569416,329.43377879666775,0.6,-143.8890670843289,185.54471171233885,0.5657846456124597,-0.041153535808668686,6.25,19.019904194288372,293.44614858643143,0.9488623426863224
10,2018,KA_BR_HSA,Kaiser,Bronze,0.04510553666105947,277.71,333.77436406372135,-19.565721038507675,-170.02385836191854,334.32018090794065,0.6,-143.98297514035625,190.33720576758444,0.565464944425513,-0.05861960397525424,6.25,19.019904194288372,292.67527199223304,0.9488673167009811
10,2018,KA_G,Kaiser,Gold,0.09270808794232827,433.35,585.8883934341862,-10.684776392750635,95.32597378555447,577.5532656326485,0.8640000000000001,18.284762977565567,595.8380286102141,1.4427580590794535,-0.0182368801165727,6.25,19.019904194288372,461.72324965667036,0.9385492290505878
10,2018,KA_G_COIN,Kaiser,Gold,0.1164553555913677,411.74,549.0171149003177,76.06729699600929,27.158121686603053,453.92991371002,0.8640000000000001,14.188556572727373,468.11847028274735,1.4138293916531577,0.13855177722432288,6.25,19.019904194288372,439.63335272419454,0.9365531469544952
10,2018,KA_P,Kaiser,Platinum,0.1782600931220702,475.68,673.0688656834224,-86.42805512177729,201.79924296517254,740.4770166109113,1.035,-17.766799620915563,722.7102169899957,1.608347087544727,-0.12840893336229384,6.25,19.019904194288372,504.57316411328793,0.9427374141784505
10,2018,KA_SIL,Kaiser,Silver,0.13336263050540242,427.85,576.2233712168555,121.2548840891938,48.31329843014724,435.94858293337336,0.721,48.76248553068645,484.7110684640598,1.3407495781172794,0.210430347233453,6.25,19.019904194288372,456.842973876327,0.9365362377573181
11,2014,ANT_BR,Anthem,Bronze,0.05021384729358938,217.69,283.01526970641123,-28.583638816170975,142.09555319592968,276.61689853280865,0.6,-149.66140061112804,151.1098596298309,0.6779608810203167,-0.10099680786065891,16.5,34.98200998977356,238.78090289596372,0.9116725724705339
11,2014,ANT_BR_HSA,Anthem,Bronze,0.04926175845216309,219.18,284.9598172852366,-67.07769471500038,148.9758729424394,317.05550201046344,0.6,-149.53586454737095,167.51963746309252,0.6785238771712654,-0.2353935209323128,16.5,34.98200998977356,240.40339230241494,0.9117175839360994
11,2014,ANT_G,Anthem,Gold,0.028303657596666205,350.08,427.9313342608573,81.12604652647471,313.0928620573867,311.823277744609,0.8640000000000001,10.914450017377918,377.6446312533663,1.6829938354441882,0.18957725230988134,16.5,34.98200998977356,377.1074338153343,0.9283296180563512
11,2014,ANT_G3,Anthem,Gold,0.003906492740662224,421.05,475.5941691439823,338.67907581323163,358.91752164810055,101.93308334097713,0.8640000000000001,22.825292170983644,203.66990438935153,1.6048721450201902,0.7121178050244331,16.5,34.98200998977356,348.9010623503001,1.2067891028009015
11,2014,ANT_P,Anthem,Platinum,0.02492530278136774,405.96,471.89999786504404,278.99449986254206,197.97793030981515,157.9234880127284,1.035,573.9673788234253,797.1684868732856,3.8577844421798275,0.5912153022351361,16.5,34.98200998977356,433.7489819674643,0.935933032415627
11,2014,ANT_P3,Anthem,Platinum,0.003335530909192466,481.24,524.7047749225275,708.8980476798429,255.45813983313897,-219.17528274708894,1.035,560.8233416625558,431.4647750551087,3.700760049612712,1.351041731580414,16.5,34.98200998977356,394.72597234348115,1.2191749054233412
11,2014,ANT_SIL,Anthem,Silver,0.07839800774703035,291.22,385.1387348563089,37.47448220735302,319.92089165533423,312.6822426591823,0.721,-44.705858988283566,283.6036613495678,1.3700572872777286,0.0973012548876299,16.5,34.98200998977356,315.6313919413501,0.9226585423230458
11,2014,ANT_SIL3,Anthem,Silver,0.013961827864224943,336.46,410.6866219211416,181.98282389142767,320.0482977722745,193.72178803994035,0.721,-32.554460565754184,164.4640421016979,1.3001193582137933,0.4431184610789959,16.5,34.98200998977356,279.52863190571867,1.2036691830319677
11,2014,BS_BR,Blue_Shield,Bronze,0.051622464273739774,236.54,309.00102637995843,14.60574974124831,165.67399755623183,253.43047656163372,0.6,-145.73736200577616,117.90812160256672,0.700787679244573,0.047267641510318384,12.629229446409276,40.9648000770764,257.24004469860654,0.9195302398471451
11,2014,BS_BR_HSA,Blue_Shield,Bronze,0.0546142617958931,232.66,304.00467355342903,5.08869888018706,158.03691322215977,257.9511745961656,0.6,-146.16656513469795,111.78460946146761,0.6992918432250483,0.016738883717498893,11.743525658819832,40.9648000770764,253.07033243156326,0.9193491697131952
11,2014,BS_G,Blue_Shield,Gold,0.050752202730623315,337.2,420.8360382987018,141.66557911304875,253.67321810106915,238.20565910857664,0.8640000000000001,45.98120119109667,317.3041404941601,1.854214942662606,0.336628915350869,15.600997696704924,40.9648000770764,359.3709350564826,0.9383062654941808
11,2014,BS_P,Blue_Shield,Platinum,0.05112428068566863,386.38,459.4620698739213,448.0323891974174,112.61825606273581,-29.535119400572512,1.035,542.5528799396102,594.173856023282,3.7830256600154235,0.9751237775086847,17.357909676414092,40.9648000770764,406.653361597191,0.9501458403846352
11,2014,BS_SIL,Blue_Shield,Silver,0.11809873064166428,286.35,386.18544627945363,83.92032806981041,246.89520870591025,261.3003181325668,0.721,-38.12161615164782,249.69767172550934,1.4276933093846234,0.21730577596412973,14.68251593297684,40.9648000770764,306.599014087917,0.9339560365249231
11,2014,KA_BR,Kaiser,Bronze,0.032012644111641786,243.81,316.66435517318985,14.562842821409873,226.56732715824273,284.24178066234884,0.6,-158.92278729175274,149.80705286489345,0.6376645487057073,0.045988260388338226,6.25,17.85973168943113,249.39548978657075,0.9776038861354279
11,2014,KA_G,Kaiser,Gold,0.008724136765252619,403.23,462.0648477834771,134.5754756447998,393.19754691175433,309.62964044924615,0.8640000000000001,-57.216782723281206,277.1397837119764,1.3145798727898999,0.2912480278263056,6.25,17.85973168943113,406.95607536316345,0.9908440355391221
11,2014,KA_P,Kaiser,Platinum,0.012950511972926435,433.67,488.45524385518024,125.34691725653707,427.64694957891504,345.24859490921204,1.035,-85.41779188356118,282.5948912379072,1.387511216715234,0.2566190430616005,6.25,17.85973168943113,435.7266211112285,0.995280019600401
11,2014,KA_SIL,Kaiser,Silver,0.02398905408993014,331.67,408.52643862527316,109.13104353382957,344.1618056901218,281.53566340201246,0.721,-37.48544012106998,275.9073282534921,1.2930008721096338,0.2671333681635514,6.25,17.85973168943113,336.8966045566472,0.9844860278021342
11,2015,ANT_BR,Anthem,Bronze,0.04747677385823271,226.59,301.6367075891012,-67.29440096268613,160.1042421290532,335.0411037504814,0.6,-147.29029412030678,200.32746746775987,0.6846319528749909,-0.2230975185366253,16.5,33.890004801305935,254.55613656493185,0.8901376453056032
11,2015,ANT_BR_HSA,Anthem,Bronze,0.046522255336960146,228.1,303.61768986687247,-111.19293705103715,166.3413387775265,380.9206221166037,0.6,-147.1101052735783,233.81051684302534,0.685212648614101,-0.3662268068102093,16.5,33.890004801305935,255.99328336629134,0.8910390030570455
11,2015,ANT_G,Anthem,Gold,0.022423162872674977,367.67,458.95945358870154,15.941182699303198,326.9257604565453,409.1282660880924,0.8640000000000001,36.887789714634344,476.03549035331434,1.705757126018974,0.034733313748427454,16.5,33.890004801305935,401.5716387748698,0.9155776068292616
11,2015,ANT_G3,Anthem,Gold,0.0025956637673255002,454.92,537.972861072324,304.78972276689456,380.68587195064276,199.29313350412355,0.8640000000000001,63.01844940422905,279.3671034575147,1.7171227122007373,0.5665522274847973,16.5,33.890004801305935,365.18020849483946,1.245741114708928
11,2015,ANT_P,Anthem,Platinum,0.017183411371896273,431.2,515.828985931519,187.3369596162992,209.49450464464076,294.6020215139139,1.035,663.651702363147,1022.2921616289044,3.9419549094654527,0.3631764881882188,16.5,33.890004801305935,467.04039531686084,0.9232606094114297
11,2015,ANT_P3,Anthem,Platinum,0.0019225865455487338,526.31,618.1920779482491,726.1956916995618,261.5893173171339,-141.8936185526187,1.035,712.7930419129891,608.0193505067983,4.077546723107323,1.17470882854043,16.5,33.890004801305935,416.91292992636585,1.2623978826776985
11,2015,ANT_SIL,Anthem,Silver,0.10063471337564595,300.18,410.35729779111836,8.357101872138259,299.92858332534604,368.11019111767416,0.721,-28.586418083711344,362.3977920363559,1.3990909764915944,0.020365427682468615,16.5,33.890004801305935,329.5297096820419,0.9109345566736274
11,2015,ANT_SIL3,Anthem,Silver,0.013555158506872545,356.84,444.9109856665346,196.111916420947,337.1711476469867,214.90906444428165,0.721,-11.171987636485643,216.984078185718,1.3323519873752743,0.4407891077968008,16.5,33.890004801305935,286.90254957289324,1.2437672670780424
11,2015,BS_BR,Blue_Shield,Bronze,0.04432451209848148,250.72,335.7901844216525,10.159801622600952,193.6525988927586,282.59617108896657,0.6,-141.9674382122026,156.35258390877974,0.7130081924603269,0.03025639847126462,13.68022398662254,43.034211710084975,273.6859535379905,0.9160864734155874
11,2015,BS_BR_HSA,Blue_Shield,Bronze,0.04720662766593273,246.6,330.41416073651095,-15.578060757715292,185.9542873926481,302.95800978414127,0.6,-142.60394928225122,160.35406050189002,0.7110743899613213,-0.047147073609045555,13.480936205466845,43.034211710084975,269.2626000972989,0.9158345789979384
11,2015,BS_G,Blue_Shield,Gold,0.037281999271152944,357.4,451.33383484923576,107.86405794386044,275.0823698751328,300.43556519529034,0.8640000000000001,75.72273781829102,412.19010580658664,1.8640352465118097,0.23898952308747587,18.283115363490598,43.034211710084975,381.60095018064175,0.9365804771471729
11,2015,BS_P,Blue_Shield,Platinum,0.03564898263290702,409.53,493.88268075859503,418.14661480013933,134.445269359196,32.70185424837075,1.035,619.4818629337234,737.903145673894,3.806215465397602,0.8466517071582133,18.701593972248038,43.034211710084975,432.0233774326763,0.9479348141613435
11,2015,BS_SIL,Blue_Shield,Silver,0.12083486655614369,303.51,416.6246787374923,62.43640163301367,256.1997174550968,311.1540653943936,0.721,-18.10234710115107,321.2914381843655,1.444941295856277,0.14986246571426395,16.25914589124889,43.034211710084975,325.8977222093585,0.9313044532573428
11,2015,KA_BR,Kaiser,Bronze,0.04229495848509979,227.08,301.26747006694717,-45.00336090770026,187.7188639620484,326.82577341704155,0.6,-159.46593840678835,173.2663298632323,0.6329877590379246,-0.14938008706250194,6.25,19.445057557605885,249.06463426052488,0.9117312085443305
11,2015,KA_G,Kaiser,Gold,0.019553801443890437,368.73,457.5208937385738,34.78996331590138,378.09690278130114,403.28587286506655,0.8640000000000001,-50.80890962401865,361.92553366734927,1.3802499409526683,0.07604016295653653,6.25,19.445057557605885,398.2755879692902,0.9258162215767833
11,2015,KA_P,Kaiser,Platinum,0.0336116904862389,393.89,482.6560429375891,10.135740889407138,412.942893855941,453.0752444905761,1.035,-83.87736639804726,381.2083212956057,1.4529976012119987,0.020999925387275763,6.25,19.445057557605885,422.9160616198388,0.9313668497037825
11,2015,KA_SIL,Kaiser,Silver,0.0774054491402781,303.55,412.012547321757,23.58173623093375,333.62841183500814,368.98575353321735,0.721,-31.69879272922928,351.72738764153917,1.3766087949574084,0.05723548077412757,6.25,19.445057557605885,330.4772945897861,0.9185199860002173
11,2016,ANT_BR,Anthem,Bronze,0.034778061637276106,242.32,319.2175244151644,-39.17582023966661,183.10137294207016,323.3975896543061,0.6,-128.19262006136188,210.46656104555294,0.6714278270655815,-0.12272452870950705,14,34.995755000524916,265.25627815182185,0.9135316294429267
11,2016,ANT_BR_HSA,Anthem,Bronze,0.04239021296498347,225.99,295.7765233961773,-90.50845957941698,142.44879322822177,351.28922797506937,0.6,-128.5736946290336,222.71553334603573,0.6628121938432906,-0.3060028515454068,14,34.995755000524916,247.63787435304369,0.9125825384763985
11,2016,ANT_G,Anthem,Gold,0.009757243319765473,408.12,496.6206801208635,85.72972980387686,359.60116636258243,375.8951953164617,0.8640000000000001,86.74172401828305,498.56124723360847,1.665494783689264,0.17262617775605452,14,34.995755000524916,429.2720239769982,0.9507258269918574
11,2016,ANT_G3,Anthem,Gold,0.0021025543453633204,464.2,547.4352041717406,335.7042919308598,394.8857525557589,176.73515724035582,0.8640000000000001,98.64937657149598,298.88154837051536,1.6616495372420161,0.6132310990828116,14,34.995755000524916,378.433910955823,1.2266342591433064
11,2016,ANT_P,Anthem,Platinum,0.006936853848466319,477.45,565.961564316215,341.5804104732748,252.11191990671966,189.38539884241527,1.035,773.1417234802358,1037.8082393569562,3.88208156412446,0.6035399433634091,14,34.995755000524916,495.39185661157364,0.9637824958724716
11,2016,ANT_P3,Anthem,Platinum,0.0014843605115529043,538.72,637.7227569203847,817.6776418482049,294.0181256963124,-214.95063992834514,1.035,787.2863591452116,621.1974222184172,3.923322451414877,1.2821835711129976,14,34.995755000524916,433.95585242165595,1.2414166026191746
11,2016,ANT_SIL,Anthem,Silver,0.05345018710244869,323.81,418.7105027358885,47.494110086312794,320.3123748675157,336.2206376490508,0.721,9.216543186899585,371.8324087676504,1.31720075402383,0.11342946922989133,14,34.995755000524916,342.8767417802734,0.944391848565535
11,2016,ANT_SIL3,Anthem,Silver,0.010768497602192948,367.26,445.6337826603272,216.06244129118957,348.23646966374565,194.5755863686127,0.721,18.250299480773613,231.2959080496319,1.2688573615716578,0.4848430475834853,14,34.995755000524916,299.4586267329966,1.226413157659527
11,2016,BS_BR,Blue_Shield,Bronze,0.04822784253093576,238.27,317.0984202819172,-24.696906984997128,131.36141264159778,298.73994758298403,0.6,-126.34430109209049,179.3460004426112,0.689438073202501,-0.07788404295120827,10.075002707511434,43.05537968393028,284.31944784571454,0.8380362363720432
11,2016,BS_BR_HSA,Blue_Shield,Bronze,0.04698808446083694,240.37,320.1032051959835,-30.217232691373994,136.4614356188758,307.2650582034272,0.6,-126.2566844342586,181.00837376916857,0.690491187751554,-0.09439840714145134,11.267937800701393,43.05537968393028,286.6356603041531,0.8385907034209912
11,2016,BS_G,Blue_Shield,Gold,0.0428124617951971,352.09,458.36212621483537,110.77688758845076,259.90395010931934,304.5298589424543,0.8640000000000001,120.09509583220286,448.09151886094094,1.8707813911300013,0.24167984493668523,15.333696453973982,43.05537968393028,396.7920290840679,0.8873414136184753
11,2016,BS_P,Blue_Shield,Platinum,0.01583698761801841,448.87,535.6382619725048,523.3197972777743,164.9074803067069,-30.736914989199818,1.035,727.7836320828447,794.0226416326204,3.753357899089313,0.9770022689391767,18.92957113175385,43.05537968393028,493.12624729708347,0.9102537179076146
11,2016,BS_SIL,Blue_Shield,Silver,0.22601132099673657,278.18,392.96891644562686,26.8667102875352,197.98039397006605,323.0468264741614,0.721,9.647696951664283,351.0223745548595,1.4375604177850325,0.068368537976343,12.562355481479491,43.05537968393028,318.87317848941336,0.8723844423598507
11,2016,HN_BR,Health_Net,Bronze,0.015823215962507874,278.13,365.82607679044435,-43.196140307006544,256.6751055887518,357.5640674011149,0.6,-154.05679642692505,220.2615213032228,0.578645029018188,-0.1180783521119806,19.44244043427175,51.458149696335965,273.68588406343866,1.0162380166290608
11,2016,HN_G,Health_Net,Gold,0.0031544128029885677,456.25,509.5606796447064,-247.18206053625073,387.501786792949,705.2845904846212,0.8640000000000001,28.52521868713331,794.2225559886615,1.3620954202152769,-0.48508856827139724,27.270576584504266,51.458149696335965,510.552018371248,0.8936405764402203
11,2016,HN_P,Health_Net,Platinum,0.0019502497802953264,536.1,576.6005809755476,-1087.788290217356,400.7795193267581,1612.9307214965677,1.035,363.5253093747696,2139.172767954136,2.4877675628998532,-1.8865542736306864,36.1040721446023,51.458149696335965,599.3584832200625,0.8944563479268612
11,2016,HN_SIL,Health_Net,Silver,0.01624005952382852,363.25,430.85158917050984,-349.1260834156741,316.84044685300324,728.519522889848,0.721,-7.621664616478467,780.2475961051324,1.1532886870419483,-0.8103163413829424,26.123871283256257,51.458149696335965,406.1648744639217,0.8943412462228225
11,2016,KA_BR,Kaiser,Bronze,0.031036458945322278,242.67,318.9211201452257,-26.812172488571186,206.03923016853102,327.07864480003275,0.6,-141.54350637824822,192.46155983062758,0.6217680616221967,-0.08407148600369221,6.25,18.654647833764137,267.722011214081,0.9064252838215515
11,2016,KA_BR_HSA,Kaiser,Bronze,0.033605546301348516,236.42,310.0994741008221,-36.757184258479164,186.74558626669335,328.2020105255371,0.6,-141.74907317224591,186.4529373532912,0.6188534251316119,-0.11853352658872413,6.25,18.654647833764137,260.60436974969343,0.9071989093163627
11,2016,KA_G,Kaiser,Gold,0.015535018379204894,379.36,472.68299574591305,56.766737675540035,385.8402551288717,397.2616102366089,0.8640000000000001,-15.700071823886686,399.41435936648304,1.3647050938576701,0.12009473195869846,6.25,18.654647833764137,412.94792433637383,0.9186630508184509
11,2016,KA_P,Kaiser,Platinum,0.023223093292566364,410.62,503.761110829012,50.49637906241585,426.24259339921406,434.610083932832,1.035,-41.937159369285624,411.3264737618834,1.4399818403954538,0.10023874010305545,6.25,18.654647833764137,444.2071250861869,0.924388594443031
11,2016,KA_SIL,Kaiser,Silver,0.05087104199466728,318.67,416.00149693643385,45.908261354751936,340.36497542424365,351.4385877479178,0.721,3.712281546466206,374.4647200418731,1.3106735685315711,0.11035600038181315,6.25,18.654647833764137,349.96075282340485,0.9105878228602549
11,2016,OS_BR,Other_Small,Bronze,0.011433738033937584,247.11,324.13155366228347,-177.7848008717932,232.6064214452507,501.9163545340767,0.6,52.33062027442482,554.2469748085015,1.302114510521229,-0.5484958155509578,0,0,307.9930675229229,0.8023232535310505
11,2016,OS_G,Other_Small,Gold,0.007547436309150671,369.25,464.21363828723605,-131.09390872303908,402.248505720533,595.3075470102751,0.8640000000000001,-31.356606192238036,563.9509408180371,1.3263743385284443,-0.28239995103703447,0,0,445.15623262507,0.8294840618596897
11,2016,OS_P,Other_Small,Platinum,0.002851670636928225,466.78,547.2247836988663,-70.91862689416746,482.4178727817408,618.1434105930338,1.035,-65.64969317080495,552.4937174222288,1.2977342468337696,-0.12959688414476755,0,0,558.9216549894318,0.8351438807802606
11,2016,OS_SIL,Other_Small,Silver,0.019847114638171213,315.6,414.7123100068999,-142.8694427402878,342.5048408758859,557.5817527471877,0.721,4.247979696966929,561.8297324441546,1.3210690552324555,-0.3445025365606118,0,0,383.2871416358856,0.8234035680221518
11,2017,ANT_BR,Anthem,Bronze,0.04679596466433057,251.22,333.7340855292501,-87.49443710005559,167.86282407479308,384.1403535317347,0.6,-132.42038471798048,251.71996881375426,0.672310358407006,-0.2621681179532594,10.5,37.088169097570955,299.5828221887004,0.8385661039061921
11,2017,ANT_BR_HSA,Anthem,Bronze,0.04955645114809827,246.1,326.3170972831495,-115.90330041079343,146.60036678835624,405.132228596372,0.6,-132.60591496420062,272.52631363217137,0.6696922948881641,-0.3551861100009193,10.5,37.088169097570955,293.94530716004124,0.837230579993606
11,2017,ANT_G,Anthem,Gold,0.007774205084191503,450.92,545.7130295741895,73.20861155930746,398.3989958849926,435.41624891731107,0.8640000000000001,122.20441912415417,557.6206680414653,1.669180792534174,0.13415221479397493,10.5,37.088169097570955,510.94308898027765,0.8825249029200696
11,2017,ANT_G3,Anthem,Gold,0.0018317646158545807,503.8,594.3701606220889,361.1254500147446,430.80082235776456,196.15654150977326,0.8640000000000001,133.27190901555008,329.42845052532334,1.667929989493804,0.6075766819060666,10.5,37.088169097570955,389.5909743372012,1.2931511076638749
11,2017,ANT_P,Anthem,Platinum,0.004298697903149611,536.4,630.4673611776947,145.09767484426092,342.8052397362118,448.2815172358628,1.035,911.451114849109,1359.7326320849718,3.9051427016238365,0.23014303955913387,10.5,37.088169097570955,604.323066214455,0.887604710109888
11,2017,ANT_P3,Anthem,Platinum,8.903556107615628e-4,606.68,713.2431492320483,896.1237396038754,384.76286084092635,-219.96875946939804,1.035,933.2461721217882,713.2774126523901,3.964457507145991,1.2564070760002888,10.5,37.088169097570955,464.375546901412,1.3064426067395825
11,2017,ANT_SIL,Anthem,Silver,0.06022248218084738,356.78,462.99962332780484,39.78963985474334,358.6409532864441,386.12181437549054,0.721,26.903310967607005,413.02512534309756,1.3170613306021877,0.08593881690174116,10.5,37.088169097570955,398.6929583672539,0.8948740942431043
11,2017,ANT_SIL3,Anthem,Silver,0.009301454345877813,411.64,491.5357215198627,241.82838270071701,388.7213459086553,212.6191697215747,0.721,37.18427847641164,249.80344819798634,1.249437743558649,0.4919853677225468,10.5,37.088169097570955,317.73700009328644,1.2955368744563711
11,2017,BS_BR,Blue_Shield,Bronze,0.04505161922626223,275.79,372.5979424484202,3.7728351954666905,205.00024316507864,324.9720213256159,0.6,-128.3127980394697,196.65922328614622,0.7035112004725091,0.010125754239743217,8.626857870703908,43.85308592733761,336.3480584896855,0.8199541904252063
11,2017,BS_BR_HSA,Blue_Shield,Bronze,0.05052034746180244,267.11,360.414710565721,-19.812903981310875,185.65274028659928,336.3745286196943,0.6,-128.94106128232127,207.433467337373,0.7001617632740703,-0.054972517493006225,8.941220612845216,43.85308592733761,326.37836546638385,0.8184059614929092
11,2017,BS_G,Blue_Shield,Gold,0.027593805682193846,402.72,517.7907496158418,136.53676691044328,326.68571574505347,337.40089677806094,0.8640000000000001,164.2639352227397,501.66483200080063,1.8725367651088045,0.26369101227038594,12.15772124835348,43.85308592733761,465.90760629472845,0.8643773884756958
11,2017,BS_P,Blue_Shield,Platinum,0.008420470084341877,515.36,617.3294182040732,588.9362953361941,242.72868805570496,-15.45996305945846,1.035,868.0262939157731,852.5663308563146,3.8151892902002316,0.9540065287177144,14.674421402641284,43.85308592733761,587.3886921183047,0.8773747382528816
11,2017,BS_SIL,Blue_Shield,Silver,0.18759510853314038,324.39,457.0862886302247,43.30099292957599,289.4536478713057,369.9322097733111,0.721,31.834565646428036,401.76677541973913,1.4379911509961403,0.09473264459395277,10.072997079988,43.85308592733761,380.07396955921615,0.8534917568182987
11,2017,HN_BR,Health_Net,Bronze,0.009294793013399258,336.68,424.681438159719,-62.31494332555129,323.998251183056,437.1917623251567,0.6,-148.7337235238554,288.4580388013013,0.5668034084799043,-0.14673338113288384,25.622956256059183,49.80461916011361,331.6880703090459,1.0150500730590128
11,2017,HN_G,Health_Net,Gold,0.0011830324977052731,556.84,587.2811275764442,-332.26787416970126,449.1301533783382,869.7443825860319,0.8640000000000001,65.92720712899906,935.6715897150309,1.3377529057279203,-0.5657731171115339,33.413667840379794,49.80461916011361,626.1361903166269,0.8893272879154536
11,2017,HN_P,Health_Net,Platinum,6.229513871001271e-4,657.9,682.0118180725108,-596.1286639064645,477.4455154839161,1228.3358628188616,1.035,439.9671221168238,1668.3029849356853,2.459629913983775,-0.8740738035760616,44.35451949548151,49.80461916011361,739.2839179801564,0.8899152057811422
11,2017,HN_SIL,Health_Net,Silver,0.006418206956811073,446.76,484.2092879039243,-357.6636171420074,370.0536951560182,792.0682858858181,0.721,16.155047882876595,808.2233337686947,1.0809060037554212,-0.7386550115349588,30.83581690140981,49.80461916011361,501.9040055984732,0.8901303735707007
11,2017,KA_BR,Kaiser,Bronze,0.04417533659307121,248.33,329.43399094573994,-37.40749361197327,189.39648988670686,348.329628057042,0.6,-148.0173244644966,200.3123035925454,0.6222656566782592,-0.11355080119262662,6.25,18.51185650067122,274.2689470001971,0.9054251409650891
11,2017,KA_BR_HSA,Kaiser,Bronze,0.04317507129126414,250.37,332.3843426714918,-36.79496283855399,197.50450663707332,350.6674490093746,0.6,-147.96361500004048,202.70383400933412,0.6232285480043961,-0.11070004845240218,6.25,18.51185650067122,276.6466674670138,0.9050172275429744
11,2017,KA_G,Kaiser,Gold,0.021008364781127206,396.87,505.1666455913229,-12.817795485712502,398.51393735034566,499.47258457636417,0.8640000000000001,0.6920541568570353,500.1646387332212,1.3872905861720901,-0.025373400238467108,6.25,18.51185650067122,438.0532184867983,0.9059858100596527
11,2017,KA_G_COIN,Kaiser,Gold,0.03144292507433185,379.21,494.1746496429155,-59.81534194966718,387.8621108567875,535.4781350919114,0.8640000000000001,-4.619555611921945,530.8585794799895,1.4049550580463817,-0.12104089514281845,6.25,18.51185650067122,419.65320279715115,0.9036270841552464
11,2017,KA_P,Kaiser,Platinum,0.025512432870887763,438.02,541.0831876836057,19.562997641985994,448.63500354830273,503.0083335409485,1.035,-21.101453475411954,481.90688006553654,1.4553499032251058,0.03615524948342196,6.25,18.51185650067122,480.96380503689284,0.9107130212561446
11,2017,KA_SIL,Kaiser,Silver,0.07624304713363941,342.42,456.67835876168084,2.25157039354918,400.7276216482659,435.91493186746044,0.721,19.397124084715525,455.31205595217597,1.3286315465478913,0.004930319885651007,6.25,18.51185650067122,382.7524736829373,0.8946251782650849
11,2018,BS_BR,Blue_Shield,Bronze,0.06717445046727069,275.99,364.5642501575259,-28.544649143724605,113.79689109510556,348.7243575871881,0.6,-106.66286503129828,242.0614925558898,0.6748544214260577,-0.07829799310105322,4.392775685853845,44.38454171406244,354.4168638038877,0.7787157671840236
11,2018,BS_BR_HSA,Blue_Shield,Bronze,0.07000610739368632,271.55,358.3120035458595,-83.80742868503529,100.08256497527881,397.73489051683237,0.6,-107.0696040496061,290.6652864672263,0.6724098766165781,-0.2338951189345488,4.302476698653001,44.38454171406244,349.33789119874734,0.777327644213402
11,2018,BS_G,Blue_Shield,Gold,0.042014540905545725,433.8,578.0463136452206,129.18783204310768,361.72490400938034,404.4739398880505,0.8640000000000001,177.54078989698095,582.0147297850315,1.9198265412363997,0.22349045222420963,6.924364685519622,44.38454171406244,522.4960875571421,0.8302454512686815
11,2018,BS_P,Blue_Shield,Platinum,0.006968688478154434,580.13,734.0488511227355,598.292470336556,291.4011185922062,91.37183907211704,1.035,886.9317380870829,978.3035771591999,4.009141709245389,0.8150581114887127,8.69273161068892,44.38454171406244,702.9965651805479,0.8252245156432698
11,2018,BS_SIL,Blue_Shield,Silver,0.21753658884104868,377.78,537.6047261791168,76.53337028908192,327.88147190394494,416.6868141759725,0.721,42.71856791250023,459.4053820884727,1.4253107454110114,0.14235992833065766,6.3142208608478505,44.38454171406244,451.28117401651485,0.8371277636903482
11,2018,KA_BR,Kaiser,Bronze,0.05411640493819839,265.33,345.7102049820929,5.424421017709776,150.23183513944002,321.2658797700947,0.6,-124.5468309022127,196.71904886788204,0.6020917593780046,0.01569065922711408,6.25,19.019904194288372,293.44614858643143,0.9041863431438081
11,2018,KA_BR_HSA,Kaiser,Bronze,0.05445348978093029,264.64,344.7281146889207,-0.6677406169986426,131.72163401282154,326.37595111163097,0.6,-124.58752021833803,201.78843089329294,0.6017143183221978,-0.0019370065525441847,6.25,19.019904194288372,292.67527199223304,0.9042103154072509
11,2018,KA_G,Kaiser,Gold,0.04845112606937718,412.96,557.5873335289331,-42.05685802881938,426.9699333811076,580.6242873634641,0.8640000000000001,12.56105970984069,593.1853470733048,1.4359277349742132,-0.07542649464908811,6.25,19.019904194288372,461.72324965667036,0.8943885765056667
11,2018,KA_G_COIN,Kaiser,Gold,0.08189994307332396,392.37,547.4562105087826,51.14259266635098,420.29331390799587,477.2937136481433,0.8640000000000001,5.701295744479782,482.9950093926231,1.4616625998455923,0.09341859985261874,6.25,19.019904194288372,439.63335272419454,0.8924937054221967
11,2018,KA_P,Kaiser,Platinum,0.059205647709626594,453.29,592.7630340585705,-111.55289239489532,480.0437011952521,685.2960222591774,1.035,-5.852631524307515,679.4433907348699,1.5061401567752872,-0.18819137831707783,6.25,19.019904194288372,504.57316411328793,0.8983632746235911
11,2018,KA_SIL,Kaiser,Silver,0.069181983147757,407.72,539.2472298219034,81.41898474091037,503.3885695685206,438.8083408867046,0.721,31.18917335554954,469.99751424225417,1.2975069872875222,0.15098637552167035,6.25,19.019904194288372,456.842973876327,0.8924729574813923
12,2014,ANT_BR,Anthem,Bronze,0.05448974526770741,245.91,316.10595836863666,-2.552890453608512,174.51989416662474,283.6768388324716,0.6,-147.9991254225185,161.49155069221473,0.7276040577973354,-0.008076059264379258,16.5,34.98200998977356,238.78090289596372,1.0298562281052368
12,2014,ANT_BR_HSA,Anthem,Bronze,0.053381496809446025,247.59,318.3487702960649,-43.58433825376309,181.59158272924464,326.95109856005445,0.6,-147.8667434310777,179.0843551289767,0.7284489216502552,-0.13690751251600433,16.5,34.98200998977356,240.40339230241494,1.0298939529461577
12,2014,ANT_G,Anthem,Gold,0.02384312283889672,395.45,491.7796446735401,156.28962116320312,356.36369671366924,300.5080135205634,0.8640000000000001,54.21376033065533,415.07007690893704,1.8609215095243608,0.3178041687084333,16.5,34.98200998977356,377.1074338153343,1.0486401607072213
12,2014,ANT_P,Anthem,Platinum,0.018869307615547684,458.57,553.9786649033437,456.6122114397514,214.10587988966415,62.38444347381869,1.035,753.5663964066594,888.725800340014,4.330675779407207,0.8242415103105452,16.5,34.98200998977356,433.7489819674643,1.0572243833748007
12,2014,ANT_SIL,Anthem,Silver,0.06538086303400635,328.96,436.15029159421493,94.11280822087193,380.4935060363912,307.05547338356945,0.721,-15.118541196925658,308.96149025196297,1.500701543482749,0.21578068394009584,16.5,34.98200998977356,315.6313919413501,1.042228398058475
12,2014,BS_BR,Blue_Shield,Bronze,0.05872381033323583,262.34,339.83518172050964,39.69770228735127,178.35020835652588,259.17267935608197,0.6,-143.9199226599816,126.1848179208009,0.7532200019755171,0.11681457489589708,13.091634230193465,40.9648000770764,257.24004469860654,1.0198256663629832
12,2014,BS_BR_HSA,Blue_Shield,Bronze,0.06207233430972636,258.03,334.2874440405598,29.2934824523768,170.15681369369963,264.0291615111066,0.6,-144.42635271588622,119.60280879522043,0.7514208134286109,0.08762962227448351,14.174673085041972,40.9648000770764,253.07033243156326,1.0195979810070306
12,2014,BS_G,Blue_Shield,Gold,0.04804890474033031,373.96,476.02161987955844,218.01596688232615,269.8882652978007,217.04085292015586,0.8640000000000001,94.03081965156699,347.3219331582333,2.0413184821156314,0.4579959350112877,17.737795271180097,40.9648000770764,359.3709350564826,1.0405961181619332
12,2014,BS_P,Blue_Shield,Platinum,0.0435632450804001,428.51,525.4267039126948,624.5153171812893,91.65651514804034,-140.05341334567083,1.035,706.075513402497,655.5631396304626,4.200039244142696,1.188586938065217,19.2273627695416,40.9648000770764,406.653361597191,1.0537475906186138
12,2014,BS_SIL,Blue_Shield,Silver,0.11358249290860722,317.58,433.2880682351934,139.5287084068487,270.2785064673096,252.7945597512683,0.721,-8.911314843406958,272.86240974536025,1.568961024746587,0.32202296494144633,15.86121780901158,40.9648000770764,306.599014087917,1.0358154638714336
12,2014,KA_BR,Kaiser,Bronze,0.048860957615060215,246.76,316.50599388919676,5.357127365844036,191.66517425614407,293.2891348339216,0.6,-161.25383554498933,157.83576398603677,0.6740715590768908,0.01692583227260926,6.25,17.85973168943113,249.39548978657075,0.9894324881784102
12,2014,KA_G,Kaiser,Gold,0.01710271284267616,408.12,499.82169088371813,156.05960745866818,409.81149043200537,325.9023517356188,0.8640000000000001,-39.510465847994944,314.44747318668976,1.5035613222218671,0.31223056202851934,6.25,17.85973168943113,406.95607536316345,1.0028600743601084
12,2014,KA_P,Kaiser,Platinum,0.02415241624819597,438.93,535.0532509286766,146.74201639978313,453.94091083866954,370.4515028394623,1.035,-74.91781093310244,321.4257530242482,1.591129761586838,0.2742568448001899,6.25,17.85973168943113,435.7266211112285,1.0073518089865658
12,2014,KA_SIL,Kaiser,Silver,0.047299447769350196,335.7,439.7730092291333,128.81396008414512,359.8781644295168,293.09931745555707,0.721,-16.585364299486884,312.6087123152414,1.4766675964173583,0.2929101090354312,6.25,17.85973168943113,336.8966045566472,0.9964481548924425
12,2015,ANT_BR,Anthem,Bronze,0.05579926958144106,258.6,334.60044020675934,-43.61764856898682,196.83515303659058,344.32808397444023,0.6,-145.53791531030382,212.10630795370508,0.7275230975761628,-0.13035741537588597,16.5,33.890004801305935,254.55613656493185,1.0158859396973785
12,2015,ANT_BR_HSA,Anthem,Bronze,0.05456870175372821,260.33,336.77517966834904,-89.96035255732968,202.14460244584927,392.8455274243728,0.6,-145.30182834561495,247.54369907875787,0.7280951516798555,-0.2671228700580644,16.5,33.890004801305935,255.99328336629134,1.0169407438221862
12,2015,ANT_G,Anthem,Gold,0.02019753499588406,419.63,523.9164811553968,98.16692323273182,365.60470887997167,391.85955312135906,0.8640000000000001,95.02603356478788,519.6557746939391,1.8724613602178712,0.18737132112401503,16.5,33.890004801305935,401.5716387748698,1.0449692146592406
12,2015,ANT_P,Anthem,Platinum,0.01412737853203487,492.13,605.5526009234205,410.1812187940818,211.95894756126924,161.48137732803275,1.035,908.1615842576741,1141.1253492930691,4.431026765914646,0.6773667855915199,16.5,33.890004801305935,467.04039531686084,1.0537204167663425
12,2015,ANT_SIL,Anthem,Silver,0.08627185990142898,342.61,461.1972064787615,67.71503371000634,346.80531202502266,359.5921679674492,0.721,-2.864041717192217,380.76121785271226,1.4746096422931747,0.14682446632105667,16.5,33.890004801305935,329.5297096820419,1.0396938119193533
12,2015,BS_BR,Blue_Shield,Bronze,0.056684689812421724,278.05,362.71981053645004,30.855225396060035,202.68300444673105,288.83037343030503,0.6,-140.45424083293253,164.96622878854137,0.7548562732100922,0.08506628118940134,14.207221983291845,43.034211710084975,273.6859535379905,1.0159454528286698
12,2015,BS_BR_HSA,Blue_Shield,Bronze,0.060223311327006306,273.48,357.19082486245327,3.534237517600701,194.85997532249533,310.6223756347676,0.6,-141.277864834602,169.34451080016558,0.7535489243848043,0.009894536117946653,14.8177052881136,43.034211710084975,269.2626000972989,1.015662776416692
12,2015,BS_G,Blue_Shield,Gold,0.03981810584636061,396.37,502.51592281961376,190.23708111819357,282.10439794742877,269.2446299913352,0.8640000000000001,139.78868321090772,448.2141781705237,2.0377650873194684,0.37856926015552794,18.905839368582456,43.034211710084975,381.60095018064175,1.0387028643727614
12,2015,BS_P,Blue_Shield,Platinum,0.0342022062589435,454.18,556.5792978225417,632.5629972910359,95.42168507479087,-119.0179111785792,1.035,836.2371257448106,811.486549913994,4.211126109871378,1.1365190903897413,21.51774446397911,43.034211710084975,432.0233774326763,1.051285702868652
12,2015,BS_SIL,Blue_Shield,Silver,0.13116833858911978,336.6,461.1226551480437,115.41700659083321,300.7991537767821,302.6714368471255,0.721,7.611754561140347,340.18340992029346,1.5354680188808207,0.25029567578669176,17.37710272976555,43.034211710084975,325.8977222093585,1.0328393758572094
12,2015,KA_BR,Kaiser,Bronze,0.050477176255407076,255.39,329.1204418885322,-27.809441691031914,207.17103742347211,337.4848260219582,0.6,-160.6039730855035,183.123365349279,0.6713541118770535,-0.08449624560376146,6.25,19.445057557605885,249.06463426052488,1.0253964829581492
12,2015,KA_G,Kaiser,Gold,0.018836288628508124,414.7,517.198384286897,95.31160729182193,418.89812219383396,402.44171943746915,0.8640000000000001,-17.099330013479985,395.6719572664751,1.5175173642569322,0.1842844258363949,6.25,19.445057557605885,398.2755879692902,1.0412388118349252
12,2015,KA_P,Kaiser,Platinum,0.027532730271953028,443,554.545667518587,73.14964802507666,468.07031622757785,461.9509619359045,1.035,-54.888226040774185,420.3049676620536,1.611985513444605,0.13190915069699802,6.25,19.445057557605885,422.9160616198388,1.0474891833221855
12,2015,KA_SIL,Kaiser,Silver,0.0732639692507872,341.4,460.2898524849224,76.40211470004544,387.024755292845,364.44268022727107,0.721,-7.935603482145477,371.7703835345007,1.460186668101687,0.165986962970356,6.25,19.445057557605885,330.4772945897861,1.033051303641819
12,2016,ANT_BR,Anthem,Bronze,0.04442691424049205,281.76,366.27965240247283,-2.8206745044858437,220.03342132948103,334.10457190643376,0.6,-123.21657225351977,227.37572790938248,0.7289415131674665,-0.00770087687368025,14,34.995755000524916,265.25627815182185,1.0622180253872524
12,2016,ANT_BR_HSA,Anthem,Bronze,0.054962526127565255,262.76,339.3409623777867,-60.171455079799834,174.1792906911037,364.5166624570616,0.6,-124.24554242433604,240.27112003272558,0.7185138622808159,-0.1773185726184487,14,34.995755000524916,247.63787435304369,1.061065479932999
12,2016,ANT_G,Anthem,Gold,0.010191379594070233,474.52,591.751245885541,202.41779999313167,411.15989911604635,354.33769089188445,0.8640000000000001,168.52060600333527,563.4588891032845,1.8969835367697672,0.3420656929758018,14,34.995755000524916,429.2720239769982,1.105406300657101
12,2016,ANT_P,Anthem,Platinum,0.006704168624670195,555.14,694.3407435800325,644.5519733370631,259.0648695972519,14.793015242444426,1.035,1101.4832624822313,1203.5824150345813,4.544776246397333,0.9282934629671051,14,34.995755000524916,495.39185661157364,1.1206078432477617
12,2016,ANT_SIL,Anthem,Silver,0.04799704291789062,376.5,485.12473891116605,126.47676673353908,374.78244337399025,323.65221717710205,0.721,48.66922251310192,400.77092286598514,1.4264908299614,0.2607097857293544,14,34.995755000524916,342.8767417802734,1.0980622308913373
12,2016,BS_BR,Blue_Shield,Bronze,0.06175513688885242,277.24,365.6806645273653,14.451593489340866,163.06991537303196,308.17369135409416,0.6,-121.39957579759326,194.30415612632046,0.7507513447751774,0.03951970911018566,11.64352111172128,43.05537968393028,284.31944784571454,0.9751003742468008
12,2016,BS_BR_HSA,Blue_Shield,Bronze,0.060059540944944534,279.68,369.0747407299097,8.714976123070329,168.23707501172765,317.3043849229091,0.6,-121.19431329917217,196.1100716237369,0.7519180707613082,0.023613038664837757,13.17144820031212,43.05537968393028,286.6356603041531,0.9757334439937713
12,2016,BS_G,Blue_Shield,Gold,0.03992254645322801,409.66,536.3544010106415,231.22729330746503,290.7993503485594,262.07172801924617,0.8640000000000001,205.68625606531643,493.60826110423625,2.073520193226458,0.43110915631859875,17.45849379370125,43.05537968393028,396.7920290840679,1.0324300136412412
12,2016,BS_P,Blue_Shield,Platinum,0.013775200558530794,522.27,636.8194642927895,822.3330344212742,141.18249212396117,-228.56894981241498,1.035,1016.9595092777123,898.0746043464326,4.278557886592077,1.2913126569309625,22.04192571428769,43.05537968393028,493.12624729708347,1.0590999827380085
12,2016,BS_SIL,Blue_Shield,Silver,0.21063482358171523,323.68,453.8008704571023,103.21895810753185,232.0038192531259,307.52653266564016,0.721,44.69998429669144,371.63036858005444,1.5274841390514902,0.22745429730789624,14.429093468442872,43.05537968393028,318.87317848941336,1.0150743989612354
12,2016,KA_BR,Kaiser,Bronze,0.04295340548630437,272.93,353.0248111515582,-5.188045944711611,213.81432724332007,339.55820926250567,0.6,-140.1764897230534,206.82506327744824,0.6712335784640651,-0.014695981077897425,6.25,18.654647833764137,267.722011214081,1.0194529719924839
12,2016,KA_BR_HSA,Kaiser,Bronze,0.04637420029886467,265.9,342.88256532493915,-16.280532307701414,199.8822045212632,340.5084497988764,0.6,-140.36463386576082,200.14381593311563,0.6672920518777883,-0.047481365208151834,6.25,18.654647833764137,260.60436974969343,1.020320573501484
12,2016,KA_G,Kaiser,Gold,0.018904025662682736,426.66,546.9222628020729,129.95060938655158,434.269390649138,398.31700558175714,0.8640000000000001,28.82836830077246,447.1310095230472,1.538735331356529,0.23760343695056302,6.25,18.654647833764137,412.94792433637383,1.0332053386287439
12,2016,KA_P,Kaiser,Platinum,0.024680969708549334,461.82,589.4727697927665,129.54902308555089,486.5192152406772,441.26909887345147,1.035,1.2045679194642573,463.4929523004769,1.6349642806337554,0.2197710050815321,6.25,18.654647833764137,444.2071250861869,1.0396501404843421
12,2016,KA_SIL,Kaiser,Silver,0.059591573036588893,358.4,473.9349006042655,108.13244770284595,413.44331907725496,347.14780506765544,0.721,37.55421428437159,405.6229237518525,1.4269592782935314,0.22815886225086487,6.25,18.654647833764137,349.96075282340485,1.0241148389026746
12,2016,OS_BR,Other_Small,Bronze,0.012451595490982487,295.08,381.3679818369474,-116.44410695839662,280.71694629651034,497.81208879534404,0.6,103.89675184443148,601.7088406397755,1.4210174738014267,-0.30533267737243314,0,0,307.9930675229229,0.9580735124112434
12,2016,OS_G,Other_Small,Gold,0.005542999002519975,440.91,556.3507851333086,-52.9272474009332,481.0172984761384,609.2780325342418,0.8640000000000001,18.620499100051727,627.8985316342935,1.486887515324989,-0.09513287087076037,0,0,445.15623262507,0.9904612531199887
12,2016,OS_P,Other_Small,Platinum,0.002030413080363882,557.36,687.9545946903346,25.10856007442726,591.8114567626259,662.8460346159073,1.035,-19.139930317535843,643.7061042983715,1.5267303986573504,0.036497408794441216,0,0,558.9216549894318,0.9972059501085867
12,2016,OS_SIL,Other_Small,Silver,0.014134787334742637,376.84,484.4385094454327,-69.28023850656643,423.87238472901447,553.7187479519991,0.721,46.98069441215999,600.6994423641592,1.4184823168794092,-0.14301141869558612,0,0,383.2871416358856,0.9831793427549671
12,2017,ANT_BR,Anthem,Bronze,0.041165296591583404,307.54,394.2910499331708,-35.86196008388893,244.7932899959059,393.0648409194888,0.6,-126.87716194791959,266.1876789715692,0.7134805403976131,-0.09095301577341725,10.5,37.088169097570955,299.5828221887004,1.026560861377718
12,2017,ANT_BR_HSA,Anthem,Bronze,0.04407543708502612,301.28,385.6047846764327,-66.92708964434482,227.1522961918482,415.44370522320656,0.6,-127.5077204136573,287.93598480954927,0.7100362706142404,-0.17356395019969587,10.5,37.088169097570955,293.94530716004124,1.0249525767593402
12,2017,ANT_G,Anthem,Gold,0.005243691853731368,552.01,679.4561253514591,245.96444437069474,495.23324212352315,396.40351188319346,0.8640000000000001,242.25956366273576,638.6630755459292,1.9283271693284363,0.3620019530230386,10.5,37.088169097570955,510.94308898027765,1.08037472647234
12,2017,ANT_P,Anthem,Platinum,0.0028240898752131685,656.65,822.0207770467613,553.9430946240867,422.4170477745532,230.98951332510364,1.035,1386.6795820091797,1617.6690953342834,4.6974918008845945,0.6738796756624744,10.5,37.088169097570955,604.323066214455,1.0865876825012266
12,2017,ANT_SIL,Anthem,Silver,0.02626450534899547,436.77,561.6211768106872,159.36754269664718,456.9154695494549,365.16546501646906,0.721,82.3462837359322,447.5117487524013,1.4343225219996796,0.28376341433857155,10.5,37.088169097570955,398.6929583672539,1.0955046755495281
12,2017,BS_BR,Blue_Shield,Bronze,0.041180396568903425,331.28,433.02838887564644,59.35233185708032,216.98693721941376,329.8229710912285,0.6,-121.4359116590146,208.3870594322139,0.7482139403504291,0.13706337363050958,9.968982747082645,43.85308592733761,336.3480584896855,0.9849321012511777
12,2017,BS_BR_HSA,Blue_Shield,Bronze,0.04668088685699793,320.85,419.4020342504862,32.86771713042916,201.01244183562818,342.68123119271945,0.6,-123.08497390995464,219.59625728276478,0.7439038032045607,0.0783680441349482,10.108172905136366,43.85308592733761,326.37836546638385,0.9830614830781323
12,2017,BS_G,Blue_Shield,Gold,0.01832096505595658,483.74,624.2399698022855,305.42038370163294,328.46510264998636,274.96650017331496,0.8640000000000001,280.03087391584125,554.9973740891562,2.0849489952937095,0.4892675869479621,14.136304653297383,43.85308592733761,465.90760629472845,1.0382745279629346
12,2017,BS_G3,Blue_Shield,Gold,0.0515713239535891,397.63,556.986037401361,288.8680004396054,269.92416145264457,224.26495103441806,0.8640000000000001,236.02013501117875,460.2850860455968,2.0980566683786366,0.5186270050634119,11.164024110574601,43.85308592733761,422.5675538928863,0.94098563966128
12,2017,BS_P,Blue_Shield,Platinum,0.005872411144938814,619.04,781.3914771048886,1037.070031584605,185.41816457234913,-299.53164040705394,1.035,1295.8995372748293,996.3678968677754,4.503068216799333,1.327209295175606,17.77052676056904,43.85308592733761,587.3886921183047,1.0538847756288106
12,2017,BS_P3,Blue_Shield,Platinum,0.021419445011236105,491.39,644.6471027434358,1087.894999628303,116.82816066561062,-487.10098281220473,1.035,1201.4851499898468,714.3841671776421,4.3483428750079005,1.687582236852581,11.582427224712786,43.85308592733761,510.9518262603368,0.9617149303418483
12,2017,BS_SIL,Blue_Shield,Silver,0.09755625296094812,389.65,546.4974448357461,153.63987364243323,277.7411961635975,349.0044852659753,0.721,78.08943268136764,427.0939179473429,1.534590255790995,0.2811355754620423,12.016089793415043,43.85308592733761,380.07396955921615,1.0251951756966926
12,2017,BS_SIL3,Blue_Shield,Silver,0.1412394179452666,327.84,455.96045628469096,29.27866336523298,134.81968610106458,382.8287069921204,0.721,55.344934319334214,438.17364131145456,1.4654607559260877,0.06421316357958917,9.32170845210713,43.85308592733761,350.9439593134934,0.9341662430700083
12,2017,KA_BR,Kaiser,Bronze,0.04938556369687024,279.29,353.653809700295,-20.070642134228187,209.08437806487618,355.212595333852,0.6,-147.94169340906984,207.27090192478215,0.6452809390979927,-0.05675222939415558,6.25,18.51185650067122,274.2689470001971,1.0183070415178985
12,2017,KA_BR_HSA,Kaiser,Bronze,0.04832122750020426,281.59,356.9727872661831,-19.256209724377747,215.09471560632537,357.71714048988963,0.6,-147.8161196308015,209.90102085908813,0.6467890659030756,-0.05394307468602365,6.25,18.51185650067122,276.6466674670138,1.0178687586524988
12,2017,KA_G,Kaiser,Gold,0.022504067501305382,446.35,582.1288164064594,61.12883609177204,484.5950724440172,502.4881238140161,0.8640000000000001,47.69143498579972,550.1795587998158,1.5352841868548912,0.10500912232644072,6.25,18.51185650067122,438.0532184867983,1.0189401222569758
12,2017,KA_G_COIN,Kaiser,Gold,0.033074614120897364,426.5,568.866833431185,8.050919763895543,475.63700964672756,542.3040571666182,0.8640000000000001,36.551975785085205,578.8560329517035,1.5404322558359345,0.014152556083003653,6.25,18.51185650067122,419.65320279715115,1.0163153698273057
12,2017,KA_P,Kaiser,Platinum,0.023786351799888795,492.64,633.9077817433731,103.30349826928989,548.6635566411745,512.092426973412,1.035,24.25230827193791,536.3447352453499,1.6308031902794797,0.1629629754428706,6.25,18.51185650067122,480.96380503689284,1.0242766604073492
12,2017,KA_SIL,Kaiser,Silver,0.06767193261557874,385.11,527.7095487944778,71.43591110302498,550.601209371878,437.76178119078156,0.721,54.807206366116425,492.568987556898,1.444550573613945,0.13536975267212092,6.25,18.51185650067122,382.7524736829373,1.0061594019089624
12,2018,BS_BR,Blue_Shield,Bronze,0.062327979055210835,346.45,450.11009457967157,46.84174047578124,138.19463628080257,358.8838123898279,0.6,-100.06315260060056,258.8206597892273,0.72465374951351,0.10406729606791798,5.445825265327493,44.38454171406244,354.4168638038877,0.9775212056266711
12,2018,BS_BR_HSA,Blue_Shield,Bronze,0.06526913298863246,340.87,441.4103564159013,-13.514725482333127,121.74786117796901,410.54054018417196,0.6,-100.31687178595791,310.22366839821404,0.7206307177487831,-0.030617146348962,5.2815890441492215,44.38454171406244,349.33789119874734,0.9757601697036359
12,2018,BS_G,Blue_Shield,Gold,0.016978282406191494,544.54,718.5030331124904,321.97647684287307,371.34259956624396,352.14201455555485,0.8640000000000001,286.1759053005919,638.3179198561468,2.1179371211815297,0.4481212493259771,8.464404745168437,44.38454171406244,522.4960875571421,1.0421896220236233
12,2018,BS_G3,Blue_Shield,Gold,0.07597724049194488,437.67,630.7258503363831,-10.053192543218252,285.9388471567972,596.3945011655389,0.8640000000000001,237.9200262131045,834.3145273786434,2.1170260914124577,-0.01593908437058131,13.342935168545027,44.38454171406244,463.960319041935,0.9433349836981236
12,2018,BS_P,Blue_Shield,Platinum,0.00368620173999194,728.23,982.2866648556648,1072.0299216445833,296.0815013805466,-134.12779850298102,1.035,1273.1229112530048,1138.9951127500237,4.712985486788574,1.091361574985959,11.74298994379916,44.38454171406244,702.9965651805479,1.0358941082634898
12,2018,BS_P3,Blue_Shield,Platinum,0.011077662168271048,588.91,774.1462996617694,1087.0143172736493,168.77202722512897,-357.25255932594223,1.035,1181.721706869231,824.4691475432887,4.447424259362845,1.404145854276607,17.800815569200882,44.38454171406244,621.2082939947919,0.9480073039799711
12,2018,BS_SIL,Blue_Shield,Silver,0.05795631457721263,474.22,663.4687193370844,224.2566552583939,335.57747966804,394.82752236462807,0.721,100.56868784465719,495.39621020928524,1.5443559364313026,0.33800637275328305,8.04307613823037,44.38454171406244,451.28117401651485,1.0508304518429694
12,2018,BS_SIL3,Blue_Shield,Silver,0.19073525908353292,370.3,518.3233479275323,202.01727414539522,105.65711723472322,271.9215320680746,0.721,66.08502179747276,338.00655386554735,1.4499348545159854,0.38975144560464525,10.556386140091337,44.38454171406244,394.04629495050295,0.9397372967217322
12,2018,KA_BR,Kaiser,Bronze,0.06101081641369697,306,381.6024353908021,37.79309579905838,171.49897191082192,324.78943539745535,0.6,-121.90469009926164,202.8847452981937,0.6221817102403077,0.09903787893899096,6.25,19.019904194288372,293.44614858643143,1.0427807673538811
12,2018,KA_BR_HSA,Kaiser,Bronze,0.06136378184105069,305.2,380.4192972404508,31.403459679805778,158.57640965506351,329.99593336635667,0.6,-121.94188335616654,208.05405001019014,0.6216043095509208,0.08254959700416212,6.25,19.019904194288372,292.67527199223304,1.0427939399270443
12,2018,KA_G,Kaiser,Gold,0.0386313234659626,476.25,647.656326731406,45.36214952404525,546.0339312300753,583.2742730130724,0.8640000000000001,55.57292872866806,638.8472017417405,1.5537654548938205,0.07004046382589836,6.25,19.019904194288372,461.72324965667036,1.031462029157361
12,2018,KA_G_COIN,Kaiser,Gold,0.06410268264259379,452.5,633.6836643372394,143.44052110482068,534.6861649546195,471.2232390381304,0.8640000000000001,43.44875412735169,514.671993165482,1.5638239740003674,0.22635982143368497,6.25,19.019904194288372,439.63335272419454,1.0292667678557077
12,2018,KA_P,Kaiser,Platinum,0.04009613941564788,522.76,700.2898061460398,-22.725849667547394,614.6218638706736,703.9957516192989,1.035,40.17437092895663,744.1701225482554,1.659186620532956,-0.032452064085605296,6.25,19.019904194288372,504.57316411328793,1.0360440015050596
12,2018,KA_SIL,Kaiser,Silver,0.04329764738137172,470.2,645.8049506550201,179.9968254656926,915.2919873142216,446.7882209950391,0.721,78.1075327982616,524.8957537933007,1.4592695775557596,0.27871701089179846,6.25,19.019904194288372,456.842973876327,1.029237674403391
13,2014,ANT_BR,Anthem,Bronze,0.03729360445006132,304.99,387.87827444692715,31.72043791465788,239.19003696581134,321.1758265424957,0.6,-195.18300954702048,149.9640204813999,0.6724947123403172,0.08177936224937533,16.5,34.98200998977356,238.78090289596372,1.2772796999301215
13,2014,ANT_BR_HSA,Anthem,Bronze,0.03643318744016129,307.08,390.20227443718915,-5.737999672080747,242.33453448684466,360.95826411949633,0.6,-194.85766907575254,166.10059504374377,0.6724126277235479,-0.014705192788424899,16.5,34.98200998977356,240.40339230241494,1.2773530234286767
13,2014,ANT_G,Anthem,Gold,0.008050155521945239,490.48,524.8317004336196,228.4340378880096,402.9293071522966,261.41565255583646,0.8640000000000001,34.78923733544351,346.5977999973129,1.5362355048195038,0.435251982110219,16.5,34.98200998977356,377.1074338153343,1.3006373145117662
13,2014,ANT_P,Anthem,Platinum,0.004947923507601238,568.76,562.5971816445065,587.9126217963577,243.89728188485688,-60.297450141624836,1.035,715.7096971286035,713.8687103275394,3.430526371946818,1.0449974528451291,16.5,34.98200998977356,433.7489819674643,1.311265325442684
13,2014,ANT_SIL,Anthem,Silver,0.026099665485678068,408,531.2464891350025,182.4613954303168,439.27444380226416,313.8030837149122,0.721,-37.40068768428236,292.5210440049408,1.415918562220564,0.34345901415256025,16.5,34.98200998977356,315.6313919413501,1.292647089031669
13,2014,BS_BR,Blue_Shield,Bronze,0.03761860980209016,330.19,418.4089790821229,82.61387274192646,284.55707268618863,294.83030626312006,0.6,-189.20788547227025,115.64101647469366,0.6864658053281256,0.1974476573690152,17.79620084497948,40.9648000770764,257.24004469860654,1.2835870884211078
13,2014,BS_BR_HSA,Blue_Shield,Bronze,0.04014370313929898,324.77,412.1349129050073,71.51279168011467,257.81330896702246,299.6573211478162,0.6,-189.80356451591908,109.85375663189716,0.6864526312855747,0.17351791716951098,17.986703675797163,40.9648000770764,253.07033243156326,1.2833191345644048
13,2014,BS_G,Blue_Shield,Gold,0.016100402546857014,470.7,518.9502222838604,290.9716574427569,359.1526511004659,187.01376476402706,0.8640000000000001,73.74562987000573,291.1465910242311,1.6920845702082452,0.5606928081892186,22.394806712615605,40.9648000770764,359.3709350564826,1.3097887282565568
13,2014,BS_P,Blue_Shield,Platinum,0.01124326449017365,539.35,548.4656796588216,719.6723765424803,172.0962966904949,-212.17149696073506,1.035,669.3998655905821,529.5589427285688,3.347058292276925,1.3121557159057964,22.761913145539737,40.9648000770764,406.653361597191,1.3263138853239118
13,2014,BS_SIL,Blue_Shield,Silver,0.04340453661038424,399.72,530.475311960136,230.63533558997784,251.60274414780713,258.8751762930817,0.721,-29.681427476019902,256.42745004653017,1.4686516367000293,0.43477110129360663,20.924557202740665,40.9648000770764,306.599014087917,1.3037223918971268
13,2014,KA_BR,Kaiser,Bronze,0.0499337802323752,234.42,287.5585240183438,-53.01689653780008,-168.64249541444678,322.71568886671275,0.6,-205.02035860947686,140.69368168044807,0.5964894254586323,-0.184369066153706,6.25,17.85973168943113,249.39548978657075,0.9399528443782741
13,2014,KA_G,Kaiser,Gold,0.08304168675111856,387.72,506.7220297085059,99.91412604723146,339.86573586526777,388.9481719718433,0.8640000000000001,-119.37542368721384,295.9806953865811,1.409828811712962,0.1971773875801443,6.25,17.85973168943113,406.95607536316345,0.9527318142480184
13,2014,KA_P,Kaiser,Platinum,0.13317712738573476,416.99,531.514626435565,72.87329216332895,372.73827234749,440.7816025828049,1.035,-165.1652647512756,299.7634156763242,1.4773325634384546,0.13710496106575784,6.25,17.85973168943113,435.7266211112285,0.9569991361476957
13,2014,KA_SIL,Kaiser,Silver,0.1385462855039945,318.91,443.56690134577104,85.22565276306679,168.58785361386842,340.4815168932731,0.721,-77.84347395672857,296.92150963914537,1.3979855651658628,0.19213708801196452,6.25,17.85973168943113,336.8966045566472,0.9466109057990733
13,2015,ANT_BR,Anthem,Bronze,0.03752324539361759,309.55,425.8239573296593,-8.682279565958794,267.691776204759,400.6162320943122,0.6,-206.88384302259888,206.7097284196086,0.7078528327317878,-0.02038936376526427,16.5,33.890004801305935,254.55613656493185,1.2160382545758837
13,2015,ANT_BR_HSA,Anthem,Bronze,0.03664296497331177,311.6,428.38046318987233,-53.17463459661795,273.4556368315939,447.66509298518434,0.6,-206.5235549237609,241.14153806142343,0.7080847693787684,-0.12412945772704205,16.5,33.890004801305935,255.99328336629134,1.2172194360042763
13,2015,ANT_G,Anthem,Gold,0.007095883638454405,502.27,620.2774785305842,200.33831050048425,462.0146319387309,386.049163228794,0.8640000000000001,66.41002545444549,482.91228297161206,1.7319760328004699,0.3229817580594394,16.5,33.890004801305935,401.5716387748698,1.2507606401994538
13,2015,ANT_P,Anthem,Platinum,0.0037130513743269455,589.06,712.4575302411782,639.9680424642746,281.61222066009304,38.59948297559765,1.035,951.960017859421,1056.7568777437868,4.083444281758021,0.8982543033093288,16.5,33.890004801305935,467.04039531686084,1.261261351066551
13,2015,ANT_SIL,Anthem,Silver,0.04861980226162452,410.09,580.3760238969958,161.0945899756874,427.38078749180227,385.39142912000244,0.721,-24.950103705364693,384.7245785521358,1.4909395414969708,0.2775693401219452,16.5,33.890004801305935,329.5297096820419,1.2444704921923107
13,2015,BS_BR,Blue_Shield,Bronze,0.03040381929836041,349.98,476.43504263450296,94.8397130951391,357.15132036405,338.5611178292789,0.6,-195.19022178337448,159.40135131373327,0.7278038235025555,0.19906116177078806,19.513516978277984,43.034211710084975,273.6859535379905,1.27876493285732
13,2015,BS_BR_HSA,Blue_Shield,Bronze,0.03298686088021129,344.23,469.5820290107696,66.42899872927612,331.34246897508956,360.1188185714085,0.6,-196.36593201385563,163.75288655755287,0.7271144819821872,0.1414640991888397,18.623635411934554,43.034211710084975,269.2626000972989,1.2784174255006504
13,2015,BS_G,Blue_Shield,Gold,0.00982286484656726,498.9,598.2913579198582,308.973471947784,412.8908103390921,246.2836742619893,0.8640000000000001,126.47629056309803,408.4662444262588,1.8461301169705768,0.5164264331379016,26.90770847646977,43.034211710084975,381.60095018064175,1.3073866817255864
13,2015,BS_P,Blue_Shield,Platinum,0.0063166800066602,571.67,650.804230500588,827.7191240369451,196.81444813796335,-219.94910524644206,1.035,866.1734877557684,731.1605489403249,3.7692371463174146,1.2718404172023852,24.791447494864943,43.034211710084975,432.0233774326763,1.323238578887054
13,2015,BS_SIL,Blue_Shield,Silver,0.04315423281947713,423.67,575.0869842175881,230.4897807615284,457.2674617681171,301.5629917459747,0.721,2.776001757050039,333.6664036220525,1.5042027463084822,0.40079116218412103,22.911679166893066,43.034211710084975,325.8977222093585,1.3000090860648361
13,2015,KA_BR,Kaiser,Bronze,0.05009697224893203,242.5,316.1685418746968,-82.23478958278514,-96.19014728438356,378.9582738998761,0.6,-217.22836080166778,167.43771568554237,0.6103658351593889,-0.2600979499578938,6.25,19.445057557605885,249.06463426052488,0.9736428486524579
13,2015,KA_G,Kaiser,Gold,0.08190107257991971,393.77,547.9418280015474,47.889468015939876,350.01285924501235,480.6073024280016,0.8640000000000001,-106.13268660470898,384.51285987741215,1.4720408545546277,0.08739881784641679,6.25,19.445057557605885,398.2755879692902,0.9886872605166108
13,2015,KA_P,Kaiser,Platinum,0.1409225763608384,420.63,573.3331127236797,7.986128861836498,388.4156769838624,545.9019263042373,1.035,-153.65015422593834,405.0121856922472,1.5496798634240698,0.01392929988623463,6.25,19.445057557605885,422.9160616198388,0.9945945263675189
13,2015,KA_SIL,Kaiser,Silver,0.1921402801771455,324.16,452.53117139126266,38.40098189534171,153.5114461890412,394.68513193831507,0.721,-55.4957358849644,353.7112727547391,1.3848682418995573,0.08485820275602597,6.25,19.445057557605885,330.4772945897861,0.9808843309564502
13,2016,ANT_BR,Anthem,Bronze,0.026865981949331895,308.84,421.2587570804523,27.419639240571378,322.63595995982496,358.843362839356,0.6,-158.04303107523702,216.49938201536344,0.6919149462184341,0.06508977862111186,14,34.995755000524916,265.25627815182185,1.164307974732393
13,2016,ANT_BR_HSA,Anthem,Bronze,0.03706113125554587,288.02,389.53252937359497,-32.34531092334765,270.2470146371205,386.8820852964177,0.6,-158.78179998379898,228.1002853126187,0.6798686603187646,-0.08303622543504122,14,34.995755000524916,247.63787435304369,1.1630692629407153
13,2016,ANT_G,Anthem,Gold,0.0031749254689888567,520.15,638.7425513302749,246.19298323807215,471.9931537003567,357.5538130916778,0.8640000000000001,123.31567208161351,518.209594317118,1.735388806315264,0.3854338226337657,14,34.995755000524916,429.2720239769982,1.2117025357978402
13,2016,ANT_P,Anthem,Platinum,0.0019502024438346718,608.51,770.0832734347656,696.2667044567653,332.2726689871218,38.82081397747538,1.035,998.1127044540171,1118.0341043240403,4.202011473466577,0.9041446924970078,14,34.995755000524916,495.39185661157364,1.228340740524364
13,2016,ANT_SIL,Anthem,Silver,0.03308209690487829,412.69,561.2234327545524,171.70442876156153,471.6367621428518,354.52324899246594,0.721,-1.6391793580659444,379.84832237906727,1.3474215240848455,0.305946649302962,14,34.995755000524916,342.8767417802734,1.203610364054571
13,2016,BS_BR,Blue_Shield,Bronze,0.016125472516332645,350.96,471.77398298155276,105.9812071216202,373.964681167114,322.7373961760023,0.6,-143.65751035131572,186.29972354941998,0.7179024474867215,0.22464402647181217,17.70792429905587,43.05537968393028,284.31944784571454,1.2343861901084157
13,2016,BS_BR_HSA,Blue_Shield,Bronze,0.015233767631839722,354.06,474.7335273993989,101.25926238546734,377.09907834352396,330.4188853300013,0.6,-142.60935640144183,187.80952892855944,0.7181164684007453,0.2132970530650487,16.76289174295767,43.05537968393028,286.6356603041531,1.2352266275044146
13,2016,BS_G,Blue_Shield,Gold,0.004264096068982367,518.63,621.8825405824945,336.5499044354318,432.4324770560663,242.27725646313243,0.8640000000000001,179.49503456770745,445.08120489942405,1.8574176628383414,0.5411792138756587,21.714743208658888,43.05537968393028,396.7920290840679,1.3070575061630545
13,2016,BS_P,Blue_Shield,Platinum,0.0012658321630769644,661.19,769.675870942244,942.5764212056932,288.88779111799204,-215.95592994737945,1.035,944.349561943951,829.7306645927384,3.9331277328610614,1.224640730976512,37.041966880869246,43.05537968393028,493.12624729708347,1.3408128316513372
13,2016,BS_SIL,Blue_Shield,Silver,0.048135195547914345,409.77,563.3803690798158,207.3588148189048,458.1202443921169,312.9661745769807,0.721,11.791801066471283,342.64860927718115,1.401115852362403,0.3680618392110281,19.51725333364912,43.05537968393028,318.87317848941336,1.2850563410230642
13,2016,KA_BR,Kaiser,Bronze,0.04517245103267076,259.15,346.2449269354131,-31.838581619131027,139.06654810694252,359.42886072078,0.6,-175.33774853945536,190.96362501871363,0.6166226267421219,-0.09195392955192683,6.25,18.654647833764137,267.722011214081,0.9679816718273996
13,2016,KA_BR_HSA,Kaiser,Bronze,0.048107356997180585,252.48,336.50999739983763,-42.492214869862416,130.48425593342168,360.3475644359359,0.6,-175.186885323377,185.1606791125589,0.6142927991261647,-0.12627326141331133,6.25,18.654647833764137,260.60436974969343,0.9688248905515408
13,2016,KA_G,Kaiser,Gold,0.026192882935936863,405.11,539.0346743101236,90.0360424732888,426.8414429883123,430.34398400307066,0.8640000000000001,-36.59418103796636,412.17289865278076,1.4111143576422713,0.16703200510898533,6.25,18.654647833764137,412.94792433637383,0.9810195817088324
13,2016,KA_P,Kaiser,Platinum,0.03800633780456461,438.51,566.1270978820978,77.42022981725282,465.5536311908984,470.05222023108087,1.035,-69.68989829399231,419.3811485539599,1.4699899913216206,0.13675414956621001,6.25,18.654647833764137,444.2071250861869,0.9871746202065499
13,2016,KA_SIL,Kaiser,Silver,0.13049406352322734,340.31,478.26017752435956,76.12419541993151,390.461805260429,383.4813342706639,0.721,-23.71320810375159,379.3330730479292,1.328803523490594,0.15916900255834956,6.25,18.654647833764137,349.96075282340485,0.9724233282002489
13,2016,MOL_BR,Molina,Bronze,0.016006374765363787,220.94,289.8537132319398,-33.030875648290106,45.59593394215136,297.93004744359786,0.6,-210.34007725449905,90.59009930408939,0.49180828176781094,-0.11395705537109654,24.857479472738635,24.95454143663207,203.41274088809428,1.0861659846643932
13,2016,MOL_G,Molina,Gold,0.0725566968788822,306.76,441.71260629198787,146.81960190393974,280.71811783921294,269.93846295141606,0.8640000000000001,-74.70363192438622,200.42233675014927,1.4302989076825119,0.332387167159288,24.857479472738635,24.95454143663207,280.568826318946,1.0933502628381113
13,2016,MOL_P,Molina,Platinum,0.06669045487551065,369.37,536.0302070578854,327.5218539253217,395.8017347787587,183.55381169593161,1.035,49.56168841597684,238.75685367584157,1.9835086862066642,0.6110138003658308,24.857479472738635,24.95454143663207,336.53128745026515,1.097579968859769
13,2016,MOL_SIL,Molina,Silver,0.10006183492049998,273.08,369.69902568216935,85.70158877735557,149.9004017442476,259.0428954681817,0.721,-67.41905867163644,197.38137909067026,1.1512022674892202,0.23181448373908703,24.85747947273843,24.95454143663207,250.28883417841996,1.0910594589502671
13,2016,OS_BR,Other_Small,Bronze,0.006532742692061174,323.77,435.9471437169591,-68.41705450414429,369.2169568746491,504.3641982211034,0.6,62.57559665293162,566.939794874035,1.3338518124753957,-0.1569388754811166,0,0,307.9930675229229,1.051224959717325
13,2016,OS_G,Other_Small,Gold,0.0017981035283181582,483.8,592.134397109431,4.6172405936331415,526.5693714748979,587.5171565157979,0.8640000000000001,-21.409447043995485,566.1077094718024,1.331769860512305,0.00779762266163342,0,0,445.15623262507,1.0868094492287552
13,2016,OS_P,Other_Small,Platinum,5.516929708759986e-4,611.57,755.2510194035077,93.01606562843301,652.724041923355,662.2349537750747,1.035,-73.15225635980363,589.0826974152711,1.3893258396086454,0.12315913946318999,0,0,558.9216549894318,1.094196287691812
13,2016,OS_SIL,Other_Small,Silver,0.008895948339714275,413.51,565.5960032628267,-10.974956712675521,517.6393637853339,576.5709599755022,0.721,-5.247944529587596,571.3230154459146,1.3448222206110692,-0.019404233144086718,0,0,383.2871416358856,1.0788517408518377
13,2017,ANT_BR,Anthem,Bronze,0.02768678048547282,324.79,430.8117937631729,-1.9197744871241014,305.70092603858996,395.64339915272603,0.6,-145.42425554479746,250.2191436079286,0.6680479776122837,-0.004456179043648571,10.5,37.088169097570955,299.5828221887004,1.084140931803567
13,2017,ANT_BR_HSA,Anthem,Bronze,0.03050844899616926,318.18,421.2948818618839,-32.29954456440694,292.82221378793577,416.50625732871987,0.6,-146.293997301751,270.21226002696886,0.6636461963959244,-0.07666730823232724,10.5,37.088169097570955,293.94530716004124,1.0824462655114409
13,2017,ANT_G,Anthem,Gold,0.00215917142216213,582.97,685.5991440859515,243.6111330377599,519.9128868072578,404.8998419506206,0.8640000000000001,178.11722266790207,583.0170646185227,1.7501478240229866,0.3553259001840573,10.5,37.088169097570955,510.94308898027765,1.1409685590688214
13,2017,ANT_P,Anthem,Platinum,0.0012147106785380959,693.49,886.051967687031,464.1161584594822,469.8691777754857,384.8476401299779,1.035,1105.4075333327655,1490.2551734627434,4.305000768711918,0.5238024127083888,10.5,37.088169097570955,604.323066214455,1.1475484534192884
13,2017,ANT_SIL,Anthem,Silver,0.02670497942598897,461.27,606.6318430159794,180.24692154639197,513.5225634634636,389.29675237201644,0.721,25.329353321942474,414.6261056939589,1.322491599809995,0.2971273658340485,10.5,37.088169097570955,398.6929583672539,1.1569554724242297
13,2017,BS_BR,Blue_Shield,Bronze,0.008432213844059353,417.01,534.7938162792133,175.7936391064412,439.26000201379145,315.14709124543447,0.6,-112.80487461975625,202.34221662567825,0.7251523951487792,0.3287129240377383,14.676684137080724,43.85308592733761,336.3480584896855,1.2398168786004395
13,2017,BS_BR_HSA,Blue_Shield,Bronze,0.010384861745755813,403.88,526.3040984555869,149.2248399904939,432.3798970261917,333.22617253775536,0.6,-119.28134194683167,213.9448305909237,0.7235594325495598,0.2835334940928386,14.81736841342091,43.85308592733761,326.37836546638385,1.2374594726058783
13,2017,BS_G,Blue_Shield,Gold,0.0022098597117445047,608.93,713.6543319422208,402.25153863035433,508.2068719777859,267.54970738452886,0.8640000000000001,249.8786327265172,517.428340111046,1.9351766740709337,0.5636503845434818,15.836179607936105,43.85308592733761,465.90760629472845,1.3069758719817872
13,2017,BS_P,Blue_Shield,Platinum,6.774609628942131e-4,779.25,954.3503577954042,1076.6510600998934,608.3201113045493,-166.15378823182675,1.035,1110.2123339433647,944.0585457115379,4.252062614867101,1.128150737625341,28.913955399060907,43.85308592733761,587.3886921183047,1.3266343231596514
13,2017,BS_SIL,Blue_Shield,Silver,0.01835150317945388,490.49,623.3868050565859,251.66015301674278,526.6950531193984,327.8735661125055,0.721,51.45626671536697,379.32983282787245,1.3527374417501616,0.4036982351493615,16.125892594726842,43.85308592733761,380.07396955921615,1.2905119510521512
13,2017,KA_BR,Kaiser,Bronze,0.044293767666340265,265.19,343.0630506677284,-29.313342370440743,73.75901667342299,353.86453653749794,0.6,-162.82253569951035,191.0420008379876,0.5916836400838426,-0.08544593279103088,6.25,18.51185650067122,274.2689470001971,0.966897648824274
13,2017,KA_BR_HSA,Kaiser,Bronze,0.04358539355262314,267.37,346.33616706992325,-28.46756577642696,77.02953073821715,356.291876345679,0.6,-162.84778821243904,193.44408813323994,0.5929944547955891,-0.08219634125210933,6.25,18.51185650067122,276.6466674670138,0.9664674526826899
13,2017,KA_G,Kaiser,Gold,0.03366457938838276,423.81,583.9278371774445,24.527423715999483,441.15624016631875,540.8885569607738,0.8640000000000001,-25.723447725864197,515.1651092349097,1.4315822020316467,0.0420042035237756,6.25,18.51185650067122,438.0532184867983,0.9674851869916633
13,2017,KA_G_COIN,Kaiser,Gold,0.05147108668787073,404.96,568.7644834402673,-26.79123109933243,427.6521730868648,577.0438580389285,0.8640000000000001,-36.80019064365787,540.2436673952707,1.4313862572982785,-0.04710426174517997,6.25,18.51185650067122,419.65320279715115,0.9649872735410685
13,2017,KA_P,Kaiser,Platinum,0.04043055449627222,467.76,635.7646368145626,58.021184238482654,516.5636874519727,559.2315960754087,1.035,-54.205204393975286,505.0263916814334,1.5297180731065605,0.09126205025997075,6.25,18.51185650067122,480.96380503689284,0.9725471960704402
13,2017,KA_SIL,Kaiser,Silver,0.15180785900359195,365.67,490.7806146589961,31.645305251165162,385.4198848631499,440.62345290715973,0.721,-15.367165831236623,425.2562870759231,1.2355540830612957,0.06447953384049802,6.25,18.51185650067122,382.7524736829373,0.9553693970451306
13,2017,MOL_BR,Molina,Bronze,0.014594970310702532,242.79,310.45770329490347,-5.6730977145138795,101.13505091696723,290.3470186975174,0.6,-199.5270819077927,90.81993678972468,0.4748348250478972,-0.018273335318483012,21.331104799042947,25.783782311899948,210.3002158024045,1.1544923958999762
13,2017,MOL_G,Molina,Gold,0.051101130376262606,347.58,499.4274637499323,186.54046993023476,358.90122416980813,287.1032115077976,0.8640000000000001,-62.37305294295695,224.73015856484062,1.3991075772846295,0.3735086343261996,21.331104799042947,25.783782311899948,299.54011992880817,1.1603787835920258
13,2017,MOL_P,Molina,Platinum,0.06202517799371163,401.65,590.6810626629921,347.10789082395365,439.83377950861524,217.7893895271385,1.035,68.99898070187548,286.788370229014,1.9716588489062667,0.5876401204722438,21.331104799042947,25.783782311899948,345.0732445961275,1.1639557870390378
13,2017,MOL_SIL,Molina,Silver,0.14330747203048888,310.08,425.5647256763508,125.83427599822627,266.17840456442394,273.9466673662246,0.721,-64.02924231636777,209.9174250498568,1.1296972174314157,0.2956877494915436,21.331104799042976,25.783782311899948,268.1000634809637,1.1565830905594585
13,2018,BS_BR,Blue_Shield,Bronze,0.01894708517047746,433.64,584.2267115412956,156.59969445632856,455.4999333328807,383.2424753709046,0.6,-133.97976627334458,249.26270909756,0.6962266190325287,0.26804610498412557,7.1192075405819235,44.38454171406244,354.4168638038877,1.2235309441707307
13,2018,BS_BR_HSA,Blue_Shield,Bronze,0.02050424859730665,426.65,574.0702419965894,95.95444135034438,381.39612997618127,433.7312589321826,0.6,-134.6312219295665,299.1000370026161,0.6931811052599993,0.16714756197189273,6.584247642116213,44.38454171406244,349.33789119874734,1.2213104010445515
13,2018,BS_G,Blue_Shield,Gold,0.002511276920801486,681.58,929.7135782726816,527.5605185471165,672.1375903439614,357.7685180115026,0.8640000000000001,255.42300398967984,613.1915220011824,2.029383069512362,0.5674441364266973,10.290506202931539,44.38454171406244,522.4960875571421,1.3044690979154172
13,2018,BS_P,Blue_Shield,Platinum,9.411619210913354e-4,911.5,1577.7258557992095,1486.574532863287,582.8272478531483,46.76678122186024,1.035,989.3066121842029,1036.0733934060631,4.26139134463335,0.9422261335194072,16.608842331768166,44.38454171406244,702.9965651805479,1.296592394823299
13,2018,BS_SIL,Blue_Shield,Silver,0.014474812421489416,593.56,828.4176030911741,384.8927741529696,726.1165669797493,399.14028722414207,0.721,49.21830010438652,448.3585873285286,1.3888884106434245,0.46461201779968575,10.698204200913478,44.38454171406244,451.28117401651485,1.3152775568215445
13,2018,KA_BR,Kaiser,Bronze,0.04371329880884328,290.55,374.61345559951906,3.8591328955580337,-2.6878087344152988,351.73441850967265,0.6,-164.01205145269293,187.7223670569797,0.5728495363336013,0.010301639831334954,6.25,19.019904194288372,293.44614858643143,0.9901305619433666
13,2018,KA_BR_HSA,Kaiser,Bronze,0.04400574257289106,289.79,373.5528229309909,-2.104604671262919,-46.49383198029422,356.63752340796543,0.6,-164.12904482756528,192.50847858040012,0.572327811899068,-0.005634021594990645,6.25,19.019904194288372,292.67527199223304,0.990141729526403
13,2018,KA_G,Kaiser,Gold,0.08448656036903254,452.2,629.7942242858333,13.487179395606674,332.6197761863172,597.2871406959382,0.8640000000000001,-31.07236725363689,566.2147734423013,1.366593472866726,0.021415216074584853,6.25,19.019904194288372,461.72324965667036,0.9793745503096244
13,2018,KA_G_COIN,Kaiser,Gold,0.12854349001364304,429.65,600.3812489052348,93.98085991691731,262.4121686876022,487.3804847940291,0.8640000000000001,-36.81430411795613,450.566180676073,1.3575170450323253,0.1565353016742057,6.25,19.019904194288372,439.63335272419454,0.9772916393573586
13,2018,KA_P,Kaiser,Platinum,0.1419631886856133,496.37,725.3290065621583,-59.11134753646486,420.40603116110026,765.4204499043348,1.035,-81.24326835260386,684.1771815517309,1.5173028630574892,-0.08149591013412645,6.25,19.019904194288372,504.57316411328793,0.9837423693990865
13,2018,KA_SIL,Kaiser,Silver,0.15688365499407958,446.46,614.6790698655169,141.15820824199835,389.5559874961402,454.5009574292302,0.721,-12.774399146988015,441.7265582822422,1.2146631349867982,0.22964537945448796,6.25,19.019904194288372,456.842973876327,0.9772723354192642
13,2018,MOL_BR,Molina,Bronze,0.01259805886904968,290.57,373.62704487860447,43.67052134414409,195.76958122981623,302.9632935368593,0.6,-204.97485739748726,97.98843613937203,0.4632149528824397,0.11688265596066025,20.45057284479652,26.993229997601095,272.3347615093033,1.0669589089164946
13,2018,MOL_G,Molina,Gold,0.028343759494794295,447.48,626.1769315347543,340.0188473923126,516.9623335367867,259.16485414484066,0.8640000000000001,-44.66454033432924,214.50031381051141,1.3405795088072017,0.5430076233548389,20.45057284479652,26.993229997601095,421.2805911162775,1.0621899262301673
13,2018,MOL_P,Molina,Platinum,0.032880292121425944,518.19,782.9030200214804,564.1052500840323,668.6858975647441,191.80453993984696,1.035,93.25281188480506,285.057351824652,1.9711291731561233,0.7205301750765439,20.45057284479652,26.993229997601095,488.4249127120625,1.0609409686386835
13,2018,MOL_SIL,Molina,Silver,0.07169065940837771,430.33,600.7499328039434,308.822763991698,492.99197819385034,264.93393881464425,0.721,-60.26432981831979,204.66960899632446,1.111729639575062,0.5140620866161351,20.450572844796174,26.993229997601095,405.51996793019305,1.0611807901752395
14,2014,ANT_BR,Anthem,Bronze,0.04297086907266111,212.1,275.47130520596454,-28.570950500526493,146.11506222732262,269.0602457167175,0.6,-136.12698064007213,158.22494775499254,0.7119613069543252,-0.10371661207748861,16.5,34.98200998977356,238.78090289596372,0.8882619900822281
14,2014,ANT_BR_HSA,Anthem,Bronze,0.04215013537387298,213.54,277.31733580917813,-69.0377130407442,151.1416549496313,311.37303886014877,0.6,-135.9674985767876,175.40554028336118,0.7125445520535495,-0.2489484216314879,16.5,34.98200998977356,240.40339230241494,0.8882570164874287
14,2014,ANT_G,Anthem,Gold,0.025821824631740566,341.09,419.23511865608367,75.01174194704285,308.16506501853814,309.24136671926726,0.8640000000000001,27.50946999310626,394.0417701902331,1.7608172714202133,0.17892523457362874,16.5,34.98200998977356,377.1074338153343,0.9044902577206376
14,2014,ANT_P,Anthem,Platinum,0.023487082765065163,395.52,464.6113057992581,260.09342711219347,192.26394620229303,169.5358686972911,1.035,592.150141974532,829.6210707268422,4.025025862199317,0.5598086483598625,16.5,34.98200998977356,433.7489819674643,0.911863811658855
14,2014,ANT_SIL,Anthem,Silver,0.07721014225124949,283.73,378.23147771874824,31.749959657061396,318.36245654385186,311.4995080719133,0.721,-34.75023233453441,292.88815230580775,1.4178084894948777,0.08394319755869332,16.5,34.98200998977356,315.6313919413501,0.8989283298307732
14,2014,BS_BR,Blue_Shield,Bronze,0.04387251441685985,230.69,301.05706897711724,15.264163795928148,164.6095789621987,244.8281051041127,0.6,-132.03200667557596,123.49513842789698,0.7361563679339517,0.05070189465336337,12.69223961465453,40.9648000770764,257.24004469860654,0.8967888349976236
14,2014,BS_BR_HSA,Blue_Shield,Bronze,0.046386792920366085,226.9,296.31742611674423,5.720643375132688,156.72609243743327,249.63198266453514,0.6,-132.4550206118666,117.17696205266856,0.7352222721500492,0.019305794634159816,10.932212441314931,40.9648000770764,253.07033243156326,0.8965886985641022
14,2014,BS_G,Blue_Shield,Gold,0.04560970193981192,328.86,413.3999428722074,138.61252766839502,248.7032738312535,233.822615126736,0.8640000000000001,63.00758487690164,331.4208524121977,1.9420717373561862,0.33529885540222176,15.083210542667235,40.9648000770764,359.3709350564826,0.9150990464721718
14,2014,BS_P,Blue_Shield,Platinum,0.04730707608251363,376.82,453.55875992991355,439.74651704290653,107.14742755380394,-27.152557190069388,1.035,561.915323985506,619.358781790841,3.953789406476926,0.9695469603780966,16.567771206333564,40.9648000770764,406.653361597191,0.9266368745114608
14,2014,BS_SIL,Blue_Shield,Silver,0.11527366815348992,279.27,379.0135398588116,79.96602773086016,244.27736135681613,258.08271205087505,0.721,-27.983686099007638,257.4402957653238,1.4748219102885007,0.21098462012900315,14.044659760236163,40.9648000770764,306.599014087917,0.9108639857528034
14,2014,HN_BR,Health_Net,Bronze,0.032461942252811175,216.19,280.664890067427,-73.40995215547508,148.39286162956782,304.8535543084495,0.6,-161.45893771920976,143.39461658923972,0.600640550738704,-0.2615573046483978,19.750223938457804,49.2212879144526,250.169837060057,0.8641729256437113
14,2014,HN_G,Health_Net,Gold,0.010515789710975698,373.2,437.91624652740705,-184.10229447499012,329.7764989430706,572.7972530879446,0.8640000000000001,-29.522887881648263,543.2743652062964,1.4551622650759888,-0.4204052622730636,19.750223938457804,49.2212879144526,467.7056274663514,0.7979378012227348
14,2014,HN_P,Health_Net,Platinum,0.006789921873804376,447.69,498.46235191720723,-798.7170820050742,322.2455862667646,1247.9581460078289,1.035,245.33134610531079,1493.2894921131397,2.6137869053217786,-1.6023619014214703,19.750223938457804,49.2212879144526,557.5368927540708,0.8029782527727287
14,2014,HN_SIL,Health_Net,Silver,0.02900352789592459,312.37,394.6144775180009,-164.57700086042672,290.8103232773086,509.97019046397503,0.721,-52.686063869948605,457.2841265940264,1.2597305600245192,-0.41705768601183496,19.75022393845923,49.2212879144526,392.1347517918447,0.7965884139894189
14,2014,KA_BR,Kaiser,Bronze,0.028717979893488694,234.42,304.0837036347671,9.481533715743495,211.98258105118057,276.7424382295925,0.6,-145.8866765852263,156.42573783179614,0.6676689563030898,0.03118067032994212,6.25,17.85973168943113,249.39548978657075,0.9399528443782741
14,2014,KA_G,Kaiser,Gold,0.00906350747887332,387.72,446.1228917352753,122.98071824419375,377.4067136979297,305.2824418016504,0.8640000000000001,-42.524619020872976,288.49816459489983,1.3719538493658003,0.275665563284229,6.25,17.85973168943113,406.95607536316345,0.9527318142480184
14,2014,KA_P,Kaiser,Platinum,0.013834282870772811,416.99,476.94124083556477,115.31009812718119,415.227614247788,343.77141101895245,1.035,-73.27181755964835,294.19838719423774,1.448181007134362,0.24177003004639874,6.25,17.85973168943113,435.7266211112285,0.9569991361476957
14,2014,KA_SIL,Kaiser,Silver,0.026816632555691455,318.91,398.806288117869,98.51292236205242,334.53328990854925,282.4336340663854,0.721,-29.454559687184084,286.00170726193875,1.34337023160749,0.24701948112948632,6.25,17.85973168943113,336.8966045566472,0.9466109057990733
14,2015,ANT_BR,Anthem,Bronze,0.04573494490199802,219.09,289.2974525738089,-73.74855098649206,150.54177033455449,329.15599875899505,0.6,-136.87393104194007,205.162255976931,0.7022183524752666,-0.2549229187134874,16.5,33.890004801305935,254.55613656493185,0.8606745960104356
14,2015,ANT_BR_HSA,Anthem,Bronze,0.04484808247445783,220.55,291.2475373639895,-118.8443195699077,155.5168571079673,376.2018521325913,0.6,-136.74819592548798,239.45365620710328,0.7028147659632312,-0.40805261615441857,16.5,33.890004801305935,255.99328336629134,0.8615460417546313
14,2015,ANT_G,Anthem,Gold,0.023994901511061806,355.51,448.37177380627173,1.2804456614353796,317.9127117526722,413.2013233435304,0.8640000000000001,44.48310871987582,488.48921515226266,1.753256450175719,0.0028557677718326277,16.5,33.890004801305935,401.5716387748698,0.8852965839036929
14,2015,ANT_P,Anthem,Platinum,0.018966514609400405,416.94,503.36515966719037,159.8620219227552,199.91544144239523,309.61313294312924,1.035,667.8999560017401,1042.8385967286922,4.026269164051627,0.3175865847140693,16.5,33.890004801305935,467.04039531686084,0.8927279185714321
14,2015,ANT_SIL,Anthem,Silver,0.12056088120612243,290.26,397.20706124600974,-3.1623978385946145,286.41626309825256,366.4794542832984,0.721,-16.74829074087037,373.2928635350773,1.4438678401117362,-0.00796158514572828,16.5,33.890004801305935,329.5297096820419,0.8808310494372945
14,2015,BS_BR,Blue_Shield,Bronze,0.04141807526887081,244.51,325.8355027930627,6.318664710482068,188.91858702063797,276.48262637249564,0.6,-132.47688034538882,160.1071845593647,0.7312318002560839,0.01939219224522331,13.262237914315888,43.034211710084975,273.6859535379905,0.8933962333074555
14,2015,BS_BR_HSA,Blue_Shield,Bronze,0.04411552649407999,240.5,320.6840203673373,-19.68295920864128,181.5792315391069,297.33276786589363,0.6,-132.93373464235432,164.39903322353928,0.730166251479029,-0.061378048042727014,11.895721056663893,43.034211710084975,269.2626000972989,0.8931801145539505
14,2015,BS_G,Blue_Shield,Gold,0.03716651969146326,348.56,445.22402572646985,99.77804312417206,269.7783566689077,302.4117708922128,0.8640000000000001,84.81071676120193,424.3141168966512,1.92240088701164,0.22410749950289569,15.96614245969777,43.034211710084975,381.60095018064175,0.913414916380578
14,2015,BS_P,Blue_Shield,Platinum,0.03638053972281596,399.4,488.77451403453125,405.5055899146287,130.91333144967462,40.234712409817575,1.035,629.9715623415874,758.2944887465854,3.9181773272562768,0.8296373445649424,18.78017301497487,43.034211710084975,432.0233774326763,0.9244870089518243
14,2015,BS_SIL,Blue_Shield,Silver,0.13564837938962704,296,404.723067331815,55.27888651760932,244.8164756969177,306.4099691041207,0.721,-5.535641929129448,329.86786719358173,1.4859971479782996,0.13658447214793554,15.367918936564276,43.034211710084975,325.8977222093585,0.9082604137068745
14,2015,HN_BR,Health_Net,Bronze,0.027182063063245603,234.97,312.9822830152484,-123.9322155490247,188.3303804424959,386.09095806686196,0.6,-165.0136795750968,239.6926035979721,0.6009772014758387,-0.3959719839572733,6.445095371444103,50.82354049741116,300.15246783738,0.7828354758932207
14,2015,HN_G,Health_Net,Gold,0.008107768065336883,395.57,484.1915150135199,-170.34230279852449,368.9296635411696,603.7102773146332,0.8640000000000001,-17.995346975518682,635.9120472145651,1.4758301588716938,-0.35180769905430515,13.572570031298257,50.82354049741116,498.4427381079661,0.793611722585307
14,2015,HN_P,Health_Net,Platinum,0.0049769200933148915,474.8,561.6641955278194,-1042.0216849318165,401.0152747438099,1552.8623399622247,1.035,301.3399898639839,2013.1117347941345,2.7212532975367143,-1.8552396489375382,6.310852373500098,50.82354049741116,595.3700529549351,0.7974872058872916
14,2015,HN_SIL,Health_Net,Silver,0.029869570178317484,331.11,427.61298822755236,-186.01546177236185,323.8026206391769,562.804909502503,0.721,-33.54736710197762,574.6161312582674,1.2939673795461748,-0.4350089143535896,9.383177230047226,50.82354049741116,416.42265626972915,0.7951296477623215
14,2015,KA_BR,Kaiser,Bronze,0.02912904717990162,242.5,320.0979796209037,-20.77438523921274,231.85827114142688,321.42730730251054,0.6,-147.67888007718753,179.8803894793293,0.6587166963177982,-0.06490008235545917,6.25,19.445057557605885,249.06463426052488,0.9736428486524579
14,2015,KA_G,Kaiser,Gold,0.009769126864952087,393.77,474.5087263064312,65.46578244994697,398.97881815430156,389.59788629887834,0.8640000000000001,-34.8874255657513,364.2189027554523,1.389553564544081,0.13796539203721633,6.25,19.445057557605885,398.2755879692902,0.9886872605166108
14,2015,KA_P,Kaiser,Platinum,0.015540996018164407,420.63,503.746739971776,45.35240958267763,438.7435184776614,438.94927283149246,1.035,-65.87267911848598,385.2132161181452,1.4692377688972478,0.09003017981857042,6.25,19.445057557605885,422.9160616198388,0.9945945263675189
14,2015,KA_SIL,Kaiser,Silver,0.041554067739108684,324.16,416.31376542635144,49.38010635610271,347.2908997331338,347.48860151264284,0.721,-10.624277264687063,351.2866565459145,1.3747743141554838,0.11861271583353004,6.25,19.445057557605885,330.4772945897861,0.9808843309564502
14,2016,ANT_BR,Anthem,Bronze,0.03890931279769172,236.98,321.19975149226224,-44.86908752604949,201.69761359293008,331.0730840177868,0.6,-121.85721004740468,225.5728714412696,0.7227960803723459,-0.1396921613967388,14,34.995755000524916,265.25627815182185,0.8934001549413368
14,2016,ANT_BR_HSA,Anthem,Bronze,0.0494971482153557,221,299.32271298948984,-98.7048620185032,168.8614520609881,363.0318200074681,0.6,-123.40307202554122,239.6287479819269,0.7164710158666381,-0.3297606821503353,14,34.995755000524916,247.63787435304369,0.892432147454684
14,2016,ANT_G,Anthem,Gold,0.010575461572710452,399.12,496.3229279847747,80.1058240624028,353.795230812583,381.221348921847,0.8640000000000001,108.74815614186343,528.0162419857518,1.7703369264839464,0.16139859665088885,14,34.995755000524916,429.2720239769982,0.9297601001396405
14,2016,ANT_P,Anthem,Platinum,0.007853367390112645,466.92,567.4208191947321,347.7318349937407,236.948675202753,184.69322920046648,1.035,836.5507181034964,1101.1174213438912,4.134424964660122,0.6128288269140919,14,34.995755000524916,495.39185661157364,0.9425265953979987
14,2016,ANT_SIL,Anthem,Silver,0.06404487370271209,316.68,416.92659665148096,42.524271345632265,316.81811724524806,339.4065703053238,0.721,26.439443245328196,393.8007024240516,1.400119600490507,0.10199462372312826,14,34.995755000524916,342.8767417802734,0.923597203927407
14,2016,BS_BR,Blue_Shield,Bronze,0.04460653737071431,245.68,335.8498458261636,-10.986948484526721,200.8373642440483,303.78141462676,0.6,-118.15451247134115,193.11069132992785,0.7458480145015806,-0.03271387085946016,11.865580709505606,43.05537968393028,284.31944784571454,0.8640984704406075
14,2016,BS_BR_HSA,Blue_Shield,Bronze,0.042973709069523185,247.86,338.6316357152906,-16.986590009374055,205.90793351754004,312.56284604073437,0.6,-117.80321931804096,194.75962672269344,0.7464124703081257,-0.05016244265983399,11.865397348439185,43.05537968393028,286.6356603041531,0.8647214367430498
14,2016,BS_G,Blue_Shield,Gold,0.02937157169259749,363.05,466.0267394261095,131.39188805818767,285.6442177851019,291.5794716839915,0.8640000000000001,150.77694883955945,466.8029001156509,1.9539736615201657,0.28194066336191514,15.31000886560444,43.05537968393028,396.7920290840679,0.9149629362213851
14,2016,BS_P,Blue_Shield,Platinum,0.011258442847679554,462.84,557.9998331561164,568.2337490494123,185.25343814206036,-53.289295577226085,1.035,789.0886688638631,838.1667222029138,3.975671180003733,1.0183403565470828,17.791588751491464,43.05537968393028,493.12624729708347,0.938583177303808
14,2016,BS_SIL,Blue_Shield,Silver,0.18916993663333376,286.85,403.29561903664353,43.48727796741579,248.72586606584272,316.75296138529745,0.721,29.151958127493067,364.9605198405317,1.498344455650497,0.10782978022745278,13.1084028829672,43.05537968393028,318.87317848941336,0.8995739351891695
14,2016,HN_BR,Health_Net,Bronze,0.028503316198018182,241.73,329.15567272487505,-91.49461950039029,203.54597324524394,369.19214252892937,0.6,-154.12427378590536,232.77387449605283,0.6136665132700849,-0.2779676216513702,17.37446604338754,51.458149696335965,273.68588406343866,0.8832388298987627
14,2016,HN_G3,Health_Net,Gold,0.017100970808521687,337.75,436.9770097451998,104.65133465253723,317.1737373146069,280.8675253963266,0.8640000000000001,18.523268661479946,307.3200745087634,1.5310339350088695,0.2394893376966426,21.330342549122232,51.458149696335965,305.5632448719358,1.1053358205485544
14,2016,HN_P3,Health_Net,Platinum,0.02360294479960563,373.2,466.9044460102131,274.3336507496571,295.8166074950387,141.11264556422003,1.035,392.5219589044811,547.7677659457731,2.8103506705118964,0.5875584460458454,25.255815472545024,51.458149696335965,335.9802198650274,1.1107796767021727
14,2016,HN_SIL3,Health_Net,Silver,0.05311822923888498,293.56,400.1247729404167,76.02345580903204,286.42405280523275,272.64316743504867,0.721,-10.331345649362115,269.25907614962176,1.3196483542092976,0.1899993725715974,19.730508970708428,51.458149696335965,266.8252768345193,1.1001956167071127
14,2016,KA_BR,Kaiser,Bronze,0.02927399099657679,248,335.0929341477519,-18.320306465831017,248.33782657012281,334.7585927798188,0.6,-135.04358718259547,207.17079161276007,0.672426964503315,-0.054672315047243215,6.25,18.654647833764137,267.722011214081,0.9263339942627634
14,2016,KA_BR_HSA,Kaiser,Bronze,0.03264728639339022,241.61,326.9367699941478,-28.828115474534435,235.9157845365106,337.1102376349181,0.6,-135.96376958496606,201.1464680499521,0.6708479186015892,-0.08817642468007028,6.25,18.654647833764137,260.60436974969343,0.9271141548089266
14,2016,KA_G,Kaiser,Gold,0.011764237104873601,387.67,482.90097582924153,70.24091055176254,394.77747949938515,394.00541744371486,0.8640000000000001,6.418888286499946,419.15969364555286,1.4365677563055261,0.1454561371120534,6.25,18.654647833764137,412.94792433637383,0.9387866536028808
14,2016,KA_P,Kaiser,Platinum,0.017211152950932063,419.62,513.1129206912489,66.80817691215785,435.03426210610155,427.6500959453269,1.035,-16.313350543572497,430.876901438649,1.5128813835839547,0.13020170457246732,6.25,18.654647833764137,444.2071250861869,0.9446494130831052
14,2016,KA_SIL,Kaiser,Silver,0.043916657254342746,325.65,422.4728332228111,56.84628335448232,348.0726919938252,346.97190203456466,0.721,23.463037021921725,390.5799696425211,1.3707437068573984,0.13455606818747023,6.25,18.654647833764137,349.96075282340485,0.9305329165420089
14,2017,ANT_BR,Anthem,Bronze,0.04725041571526857,244.98,323.17468913361307,-96.10843612170126,160.19529071125524,382.1949561577434,0.6,-121.48231608590605,260.7126400718373,0.6978832879728292,-0.2973885002546294,10.5,37.088169097570955,299.5828221887004,0.8177371392999718
14,2017,ANT_BR_HSA,Anthem,Bronze,0.05001569345179183,239.98,315.9327982680843,-125.07483907247112,143.05942538873788,403.91946824298446,0.6,-121.60755504946599,282.3119131935185,0.6952956209457887,-0.3958906443336062,10.5,37.088169097570955,293.94530716004124,0.8164103802798276
14,2017,ANT_G,Anthem,Gold,0.008727737500310431,439.71,533.214669904887,61.782801233757795,391.3517703965624,434.3436995735583,0.8640000000000001,145.22794854553936,579.5716481190976,1.7391500213703146,0.11586853235823087,10.5,37.088169097570955,510.94308898027765,0.8605850817506071
14,2017,ANT_P,Anthem,Platinum,0.004900070626128637,523.07,611.1997903043339,132.56243916798414,324.5228600302165,441.5491820387788,1.035,963.5869943376554,1405.1361763764342,4.04397205306061,0.21688888195131334,10.5,37.088169097570955,604.323066214455,0.865546971881393
14,2017,ANT_SIL,Anthem,Silver,0.062054062370990926,347.91,472.37986384210444,33.83303001271028,367.70984407713195,401.4586647318232,0.721,41.04633811871547,442.5050028505387,1.4172618780494546,0.07162250680528405,10.5,37.088169097570955,398.6929583672539,0.8726263975786716
14,2017,BS_BR,Blue_Shield,Bronze,0.034793845714094905,288.62,387.72513296574203,22.96016074367001,251.93173554931153,320.9118862947344,0.6,-116.32430292967551,204.58758336505892,0.7337136028674229,0.059217622979572705,9.598200993384152,43.85308592733761,336.3480584896855,0.8580992002629647
14,2017,BS_BR_HSA,Blue_Shield,Bronze,0.039880356377857674,279.53,375.17411590547255,-1.5978787689120608,231.54092209175943,332.918908747047,0.6,-117.09971164609155,215.81919710095548,0.7303031579120539,-0.00425903254294509,9.162310408756438,43.85308592733761,326.37836546638385,0.8564599543862562
14,2017,BS_G,Blue_Shield,Gold,0.017022609429296624,421.44,527.2261283968123,163.21935060152427,354.58225120194163,320.15369186795044,0.8640000000000001,193.62444084001808,513.7781327079686,1.9206608126177624,0.30958130071785556,12.285778968288872,43.85308592733761,465.90760629472845,0.9045570287028138
14,2017,BS_G3,Blue_Shield,Gold,0.004912899713739661,456.66,553.3158126849545,291.57729260088263,375.42103281992104,217.8854341567343,0.8640000000000001,201.61162688711752,419.49706104385183,1.9008981098516395,0.5269636000207718,13.99886397262904,43.85308592733761,422.5675538928863,1.0806792802548102
14,2017,BS_P,Blue_Shield,Platinum,0.0051622397984021915,539.32,634.8484068898867,634.580080055485,263.14460268018405,-43.58475909293588,1.035,923.6712197074703,880.0864606145344,3.9462979917156584,0.9995773371540518,15.19565005523328,43.85308592733761,587.3886921183047,0.9181654451927664
14,2017,BS_P3,Blue_Shield,Platinum,0.0020160523976313067,564.34,661.612876638997,894.8283245470221,273.43099014022937,-277.0685338353627,1.035,931.6081093494278,654.5395755140651,3.9619933508623726,1.3524953279216132,9.935563380281641,43.85308592733761,510.9518262603368,1.1044876855229424
14,2017,BS_SIL,Blue_Shield,Silver,0.105082316407636,339.47,476.7988410376854,67.91277900329666,330.8931631925473,365.0329761070511,0.721,50.47543457406187,415.508410681113,1.4903559831036424,0.14243486593946847,10.754218730214284,43.85308592733761,380.07396955921615,0.8931682440491627
14,2017,BS_SIL3,Blue_Shield,Silver,0.022881969723103406,376.51,494.14720856157896,81.69439572007596,361.9905383918236,368.5997269141654,0.721,60.1212846208082,428.72101153497357,1.4318612223709217,0.16532400528555344,10.521813897447759,43.85308592733761,350.9439593134934,1.072849353886923
14,2017,HN_BR,Health_Net,Bronze,0.01974818136675145,292.62,388.6464272663119,-121.2278105022231,259.5580192666587,460.06961860842137,0.6,-154.10784207217625,305.9617765362451,0.6034517253308443,-0.3119231311475668,22.4769405320828,49.80461916011361,331.6880703090459,0.8822144243154578
14,2017,HN_G3,Health_Net,Gold,0.015714944733551783,375.83,484.4242136243731,149.99797535982592,365.8393138328249,284.6216191044336,0.8640000000000001,39.43330140963941,324.054920514073,1.5166620552713486,0.309641779129017,22.814383774466584,49.80461916011361,360.2925726555583,1.0431244730634388
14,2017,HN_P3,Health_Net,Platinum,0.019003003007078512,416.69,516.4213398384677,361.04456848076785,359.29874111948885,105.57215219758626,1.035,463.9680107099785,569.5401629075648,2.775718520520133,0.6991279031840543,24.5829947012982,49.80461916011361,398.3511779327936,1.0460368214859412
14,2017,HN_SIL3,Health_Net,Silver,0.1032795798222844,298.25,427.1463329288384,93.24410046048703,275.4646563987804,284.0976133082377,0.721,-6.086715071700772,278.01089823653695,1.3454005821834332,0.21829544882460994,19.9900755810724,49.80461916011361,286.7029643505136,1.0402752572706901
14,2017,KA_BR,Kaiser,Bronze,0.03918042034728438,253.77,335.22090343897713,-29.29443212919687,222.91318003403296,346.0034790675028,0.6,-137.43680867340655,208.56667039409626,0.6495721158401299,-0.08738844096137807,6.25,18.51185650067122,274.2689470001971,0.9252596867986577
14,2017,KA_BR_HSA,Kaiser,Bronze,0.03814830151881767,255.86,338.1327999184125,-28.70916213360112,226.76362836526576,348.3301055513424,0.6,-137.35724848335374,210.97285706798868,0.6503022369654818,-0.08490499040769871,6.25,18.51185650067122,276.6466674670138,0.9248620355439767
14,2017,KA_G,Kaiser,Gold,0.016184781002838686,405.56,510.1340115611229,-1.8429093258214877,413.577355555519,493.4650643862732,0.8640000000000001,22.11792858405509,515.5829929703283,1.4328172645022315,-0.003612598423268775,6.25,18.51185650067122,438.0532184867983,0.9258235823513815
14,2017,KA_G_COIN,Kaiser,Gold,0.024354486066968932,387.52,499.0848394403523,-49.51876060369022,403.1373724736857,530.0917435433713,0.8640000000000001,16.36049773230902,546.4522412756803,1.4488875203433829,-0.09921912406559569,6.25,18.51185650067122,419.65320279715115,0.9234291491570399
14,2017,KA_P,Kaiser,Platinum,0.019241608177716394,447.62,548.5890167245984,34.37700007085716,464.76917070842836,495.70016015307004,1.035,1.6695361667862338,497.3696963198563,1.5050644421535162,0.06266439724970839,6.25,18.51185650067122,480.96380503689284,0.9306729431867848
14,2017,KA_SIL,Kaiser,Silver,0.05265495975265126,349.92,472.57143809416647,13.341683581563537,388.8898387023983,440.7178980119317,0.721,34.9777151800458,475.6956131919775,1.391980083610648,0.02823209890840889,6.25,18.51185650067122,382.7524736829373,0.9142200875489707
14,2018,BS_BR,Blue_Shield,Bronze,0.06796225319534209,290.48,395.3358784272387,-11.831915877953584,179.60589252089397,362.78325259112984,0.6,-102.23940262791676,260.54384996321306,0.7297860123550839,-0.02992876822873854,4.726544836860168,44.38454171406244,354.4168638038877,0.8195998262676735
14,2018,BS_BR_HSA,Blue_Shield,Bronze,0.0713327083654153,285.8,388.3417270645957,-71.36756397543945,170.2387391597507,415.32474932597273,0.6,-102.77210173574501,312.5526475902277,0.7263859014924635,-0.18377516244492667,4.66494295074654,44.38454171406244,349.33789119874734,0.8181190967269022
14,2018,BS_G,Blue_Shield,Gold,0.026144309294833107,456.57,611.9013372062919,173.95608458711973,410.0575979032618,393.5607109051098,0.8640000000000001,233.91880790489415,627.4795188100039,2.0797111892562996,0.2842877993719328,7.154707554105466,44.38454171406244,522.4960875571421,0.8738247249556061
14,2018,BS_G3,Blue_Shield,Gold,0.007498413243774959,493.02,641.3810987752773,24.56724108143765,429.3976967184393,572.4293159797772,0.8640000000000001,243.67608802355718,816.1054040033345,2.0679200907395368,0.03830365617001968,10.977706253521307,44.38454171406244,463.960319041935,1.062633979168892
14,2018,BS_P,Blue_Shield,Platinum,0.004454673788129588,610.59,792.7145560561503,720.1196426154535,326.2692307845233,28.21037172663432,1.035,1040.46262230889,1068.6729940355244,4.40413450080107,0.9084223786657013,9.060091145456692,44.38454171406244,702.9965651805479,0.868553319095072
14,2018,BS_P3,Blue_Shield,Platinum,0.0013992193431130765,663.39,840.5101402796346,1012.7541073407004,385.60222332809377,-216.62850877512835,1.035,1014.6841418230556,798.0556330479272,4.296045118767437,1.2049278870136664,11.968012394366374,44.38454171406244,621.2082939947919,1.0679026767880884
14,2018,BS_SIL,Blue_Shield,Silver,0.11529996386091164,397.61,579.0795170277645,111.71597644823123,461.7021274079665,422.9789988654708,0.721,70.2912281604762,493.270227025947,1.5373082321256113,0.1929199240574674,6.821455167627052,44.38454171406244,451.28117401651485,0.8810693263828667
14,2018,BS_SIL3,Blue_Shield,Silver,0.04163853778957423,417.13,586.0590511011794,266.8591524204225,442.36138339270803,274.8153569666945,0.721,76.0065037972554,350.82186076394987,1.508470647853719,0.45534516004659564,11.462529025105805,44.38454171406244,394.04629495050295,1.0585812005982613
14,2018,HN_BR,Health_Net,Bronze,0.031864515577018256,316.86,432.1978390392691,-3.348128544995589,273.36226694966416,385.5182883052004,0.6,-139.4010062925417,246.11728201265865,0.6133418998771573,-0.007746749850573364,11.815808603722637,50.027679279064344,321.2013970874709,0.9864838785670392
14,2018,HN_G3,Health_Net,Gold,0.019682381395513766,423.35,584.2961448318796,246.68551884523578,464.3823001624526,287.5829467075795,0.8640000000000001,68.3527153036723,355.9356620112518,1.6310129655643477,0.4221926176086871,11.815808603722637,50.027679279064344,397.9820853004497,1.063741348257923
14,2018,HN_P3,Health_Net,Platinum,0.020860686233933123,469.38,627.0860862416962,430.2064931879083,446.32958042732764,146.85191377472358,1.035,527.0866066452204,673.938520419944,3.020994856909901,0.686040565444941,11.815808603722637,50.027679279064344,469.74269794637684,0.999227879543498
14,2018,HN_SIL3,Health_Net,Silver,0.0730666524338512,377.86,560.9830460190877,216.65838545878722,445.4043976656872,294.2969812812362,0.721,12.521254750410701,306.8182360316469,1.3835838519429637,0.38621200229893454,11.815808603722877,50.027679279064344,354.364451525544,1.0663033449695853
14,2018,KA_BR,Kaiser,Bronze,0.05554246449428318,278.03,373.8411565139279,20.199183186239324,203.17334400848642,334.6220691334002,0.6,-123.05170252359703,211.57036660980316,0.6505480748643966,0.05403145917532699,6.25,19.019904194288372,293.44614858643143,0.9474651527692796
14,2018,KA_BR_HSA,Kaiser,Bronze,0.05593395022643176,277.31,372.749990145765,13.63621381346762,185.06849941393153,340.09387213800903,0.6,-123.1018935710022,216.99197856700684,0.6500431356647349,0.03658273420244797,6.25,19.019904194288372,292.67527199223304,0.9475006142895435
14,2018,KA_G,Kaiser,Gold,0.03149824102147552,432.73,589.2216300996581,-19.852039880128316,467.56475960993384,590.0537657854981,0.8640000000000001,48.34531408687227,638.3990798723703,1.552606337712311,-0.03369197406546436,6.25,19.019904194288372,461.72324965667036,0.937206433338089
14,2018,KA_G_COIN,Kaiser,Gold,0.053863733781489086,411.15,577.9716261124698,81.2146864240887,460.2212739835778,477.73703549409277,0.8640000000000001,39.379355936007734,517.1163914301005,1.5717243387456512,0.14051673603832726,6.25,19.019904194288372,439.63335272419454,0.9352111195665728
14,2018,KA_P,Kaiser,Platinum,0.03654602837498176,474.99,629.8380560289579,-90.8917696767024,523.3283952997637,701.7099215113719,1.035,35.03301480779402,736.7429363191659,1.641580584400358,-0.14430974566662813,6.25,19.019904194288372,504.57316411328793,0.9413699217133834
14,2018,KA_SIL,Kaiser,Silver,0.036391016250216505,427.24,578.8927731975219,110.4625364613966,484.8077314833985,449.41033254183696,0.721,60.26180100368242,509.6721335455194,1.414298963428126,0.19081692081118115,6.25,19.019904194288372,456.842973876327,0.9352009868398657
15,2014,ANT_BR,Anthem,Bronze,0.02546176821284573,206.96,261.37191615409625,-19.74200993917239,164.28844414370428,246.1319161034951,0.6,-121.81429493967306,147.97010441539578,0.6629891712326293,-0.07553225392254137,16.5,34.98200998977356,238.78090289596372,0.866735980515879
15,2014,ANT_BR_HSA,Anthem,Bronze,0.024890902875761206,208.37,263.06129469780865,-57.570484577615474,168.24926693280594,285.64976928565056,0.6,-121.64553998467338,164.00422930097716,0.6633904933530465,-0.21884817621592526,16.5,34.98200998977356,240.40339230241494,0.8667514963261476
15,2014,ANT_G,Anthem,Gold,0.013414083156418323,332.82,388.6790867205445,53.773655742476734,291.42962775877334,299.9234209882942,0.8640000000000001,11.563654898304922,364.4799222238282,1.6206668184482527,0.13834975325322646,16.5,34.98200998977356,377.1074338153343,0.8825601676231569
15,2014,ANT_G3,Anthem,Gold,0.009617002488785477,321.58,380.72996997923684,228.3877283706544,289.9154434997431,117.3602316188089,0.8640000000000001,9.399720964775645,206.93750874162563,1.6322699430664485,0.5998680071944679,16.5,34.98200998977356,348.9010623503001,0.921693954824163
15,2014,ANT_P,Anthem,Platinum,0.012560296523125193,385.93,435.4516224113552,159.79611801456238,204.5970140340617,240.67349440701923,1.035,473.7982615891981,778.1957590252433,3.760209327047567,0.3669664086441475,16.5,34.98200998977356,433.7489819674643,0.8897542496801728
15,2014,ANT_P3,Anthem,Platinum,0.01038915743510075,367.55,422.03852921038754,512.0593268282697,200.72920901841306,-125.00280760765577,1.035,474.7911077679753,441.7450247622312,3.7946086614793715,1.2132999510407414,16.5,34.98200998977356,394.72597234348115,0.931152307556207
15,2014,ANT_SIL,Anthem,Silver,0.03774814140620888,276.85,344.06888790247194,21.23092249274336,249.5589020332566,287.855955419955,0.721,-32.011739050003044,270.7639960793642,1.3041855828661535,0.061705441088185146,16.5,34.98200998977356,315.6313919413501,0.8771307514667098
15,2014,ANT_SIL3,Anthem,Silver,0.0356691070559506,256.98,330.2087394518894,93.76409813139722,238.21618543230525,201.46263133071864,0.721,-36.70486556075581,168.12792363584282,1.3309449374857383,0.28395401734986003,16.5,34.98200998977356,279.52863190571867,0.919333372928595
15,2014,BS_BR,Blue_Shield,Bronze,0.03162441597720861,210.48,267.241767472523,1.8180115536351948,161.895320139488,224.45895584181142,0.6,-119.774928230438,114.61361395622221,0.6799812960056274,0.006802872061614086,10.012634059654182,40.9648000770764,257.24004469860654,0.8182240842268838
15,2014,BS_BR_HSA,Blue_Shield,Bronze,0.033424324506784994,207.03,263.0937458162494,-6.801028388592265,154.22887347035953,228.92997412776526,0.6,-120.19859200011169,108.73138212765356,0.6789959696343977,-0.025850209276134812,9.743406803665874,40.9648000770764,253.07033243156326,0.8180729760411022
15,2014,BS_G,Blue_Shield,Gold,0.036268389411242115,300.05,367.3992556189216,84.68746792951143,241.45811534804005,241.74698761233375,0.8640000000000001,36.02134998009628,310.1376450808378,1.8097078074021327,0.23050527902362442,13.84101433756751,40.9648000770764,359.3709350564826,0.8349311831599318
15,2014,BS_P,Blue_Shield,Platinum,0.04103156052452161,343.82,406.5504730401046,307.43199524153204,128.6065507811957,58.15367772149614,1.035,448.20898993835976,586.4659704443078,3.730854116853497,0.7561963781338538,15.219387440413469,40.9648000770764,406.653361597191,0.8454866785057334
15,2014,BS_SIL,Blue_Shield,Silver,0.08522965488348316,254.81,333.81107048196816,44.397664662196185,221.9588221398718,248.44860574269558,0.721,-31.357526178817203,242.8866941080796,1.3863121592165646,0.13300237346260949,12.225277401731734,40.9648000770764,306.599014087917,0.8310855165598591
15,2014,HN_BR,Health_Net,Bronze,0.018232766451146007,213.62,269.2547741773471,-56.1525895646231,151.9951868208339,276.1860758275176,0.6,-142.05006110152198,134.13601472599558,0.5594811238914815,-0.20854816682892943,19.75022393844834,49.2212879144526,250.169837060057,0.8538999046024774
15,2014,HN_G3,Health_Net,Gold,0.03843260675618327,253.03,332.13271981636444,9.752912119018731,224.08903919422102,273.1585197828931,0.8640000000000001,-61.33099132185048,211.82752846104265,1.478022783944559,0.029364502613326075,19.75022393844834,49.2212879144526,278.3102282816504,0.9091652921355562
15,2014,HN_P3,Health_Net,Platinum,0.05658878998803925,285.47,366.06894248894787,117.71490856731847,223.12704670166704,199.1327460071768,1.035,184.29862728184852,383.4313732890253,2.7360231403497597,0.32156486088920927,19.75022393844834,49.2212879144526,312.8434490865505,0.9125011274281872
15,2014,HN_SIL3,Health_Net,Silver,0.07212481035823519,221.56,299.2025987651957,-4.63965541381549,160.14444819662805,254.6209662645586,0.721,-66.7403129822946,187.880653282264,1.262256531120586,-0.015506735011538243,19.750223938457165,49.2212879144526,243.23306345910757,0.910895898974889
15,2014,KA_BR,Kaiser,Bronze,0.019242828024249797,218.01,274.0221641472291,4.832556480384795,194.64096470321144,251.32987597741317,0.6,-129.99601673059496,145.04320037695476,0.6161204985692872,0.017635640881181844,6.25,17.85973168943113,249.39548978657075,0.8741537394544303
15,2014,KA_G,Kaiser,Gold,0.0070069515116347085,360.58,407.6899143284665,92.8911808706437,339.07248781825626,296.9390017683917,0.8640000000000001,-47.89707650913697,273.4386271894905,1.2959163805621665,0.2278476302845289,6.25,17.85973168943113,406.95607536316345,0.886041570157718
15,2014,KA_P,Kaiser,Platinum,0.010887278772046599,387.8,435.3613031609424,86.1696739981983,373.7807233246697,331.33189747331295,1.035,-73.7503282146477,280.1485994035738,1.3747405635900953,0.19792681015185104,6.25,17.85973168943113,435.7266211112285,0.8900075901054616
15,2014,KA_SIL,Kaiser,Silver,0.019204681341259223,296.59,357.3487422121657,69.44064048048628,291.0070275087953,270.0483700422483,0.721,-31.381981117641182,269.8207148792201,1.2626859030686401,0.1943217710817011,6.25,17.85973168943113,336.8966045566472,0.880359124991211
15,2014,LA_BR,LA_Care,Bronze,0.0076769151218604535,187.63,237.78283626646342,-41.93911134996452,96.64266474412113,235.5788002623307,0.6,-162.86191461106444,72.71688565126627,0.46248838783861573,-0.17637568803732684,17.177685656102817,44.14314735409724,193.22830712175275,0.9710275000327707
15,2014,LA_G,LA_Care,Gold,0.008263728370054775,287.45,356.87585052354166,37.02776344136382,260.2295707832236,275.7049397280806,0.8640000000000001,-77.74866793843178,197.9562717896488,1.3067213192923306,0.1037553070263611,17.177685656102817,44.14314735409724,295.4912162788876,0.97278695326328
15,2014,LA_P,LA_Care,Platinum,0.012872643702134671,317.33,387.6468737814153,164.27947437040348,290.6571053143067,179.2242520569146,1.035,242.270125679068,421.4943777359826,2.8959628327870695,0.4237864032486347,17.177685656102817,44.14314735409724,326.02743186613725,0.9733230059312667
15,2014,LA_SIL,LA_Care,Silver,0.01580602071609013,253.27,327.56489057236007,48.937435103268484,222.73263767114915,234.48430811499435,0.721,-85.61112420946552,168.47388170864818,1.103753668484694,0.14939768122816588,17.17768565609283,44.14314735409724,260.1492883380656,0.9735563822526166
15,2014,MOL_BR,Molina,Bronze,0.005514423412806414,203.96,257.141907630975,26.986681588491432,150.7451114470716,206.06392744485686,0.6,-153.32887149924804,58.416820704413325,0.5034864549765379,0.10494859370499843,0,24.091298597626736,211.6790288663174,0.9635342768357454
15,2014,MOL_G,Molina,Gold,0.007890977170422251,285.2,354.5319849934497,108.83942957588035,283.4588349477085,221.60125681994265,0.8640000000000001,-68.32656088329274,164.40203194712072,1.3523889724011668,0.30699466954410687,0,24.091298597626736,293.14484852332276,0.9728978743329659
15,2014,MOL_P,Molina,Platinum,0.006498242491110038,342.13,402.78258396903294,162.79324334904638,331.9834759614392,215.89804202235982,1.035,3.5183186203868595,219.41636064274667,1.7926478103359704,0.40417150549280545,0,24.091298597626736,350.01472265835713,0.9774731685613886
15,2014,MOL_SIL,Molina,Silver,0.00935955804657212,261.84,333.5536537002735,120.6097963964357,266.4049320108251,188.85255870621108,0.721,-62.80578117873128,136.26160937476448,1.1914355419953258,0.3615903920057608,0,24.091298597626736,269.0405457578653,0.9732362059496201
15,2015,ANT_BR,Anthem,Bronze,0.022256892423717957,223.91,284.40046014268677,-48.47081538396955,200.2030037755558,298.9812707253504,0.6,-118.34574386505598,192.73556104448122,0.6570712402715684,-0.17043156456094066,16.5,33.890004801305935,254.55613656493185,0.8796095156907967
15,2015,ANT_BR_HSA,Anthem,Bronze,0.02167380072868177,225.35,285.8617246109951,-90.7924328592384,202.1655223756324,342.7641526689276,0.6,-118.0434258119329,224.72072685699467,0.6569167005333048,-0.3176096169670497,16.5,33.890004801305935,255.99328336629134,0.880296533708484
15,2015,ANT_G,Anthem,Gold,0.008843965336025838,362.56,419.9944424803058,-0.839048869869174,311.7890685014047,386.94348654886903,0.8640000000000001,33.49255105570799,448.73379045310094,1.6019054829349169,-0.0019977618392141424,16.5,33.890004801305935,401.5716387748698,0.9028526045965596
15,2015,ANT_G3,Anthem,Gold,0.01007231372280968,326.98,392.6138461018233,135.57072403123928,292.2509078691048,223.15311726927808,0.8640000000000001,25.15031966916877,264.44814669230806,1.6197657756295516,0.34530296212752365,16.5,33.890004801305935,365.18020849483946,0.8953935410347429
15,2015,ANT_P,Anthem,Platinum,0.0070148787203192665,424.98,479.2225679910214,70.12538749323133,229.79612105146285,375.2071756964841,1.035,539.3190770104776,975.6424592471776,3.7509261763524546,0.1463315631966339,16.5,33.890004801305935,467.04039531686084,0.9099427035892148
15,2015,ANT_P3,Anthem,Platinum,0.009809025531819638,377.77,439.731204516367,407.0828576848347,200.93286585374634,-1.2416579697736552,1.035,531.9883828942375,565.2559203383208,3.7732390228272044,0.9257538548635862,16.5,33.890004801305935,416.91292992636585,0.90611245870143875
15,2015,ANT_SIL,Anthem,Silver,0.03640194558716595,296.23,370.1604802769592,2.035787513497752,274.1386301428903,334.23468796215553,0.721,-19.634458702193662,335.7951269189536,1.2901227494103646,0.005499743008693277,16.5,33.890004801305935,329.5297096820419,0.898947777078515
15,2015,ANT_SIL3,Anthem,Silver,0.056793249650055604,257.19,344.28985635814513,75.55998322176177,250.86799927579406,234.83986833507743,0.721,-29.15039978050895,219.06341460336222,1.3459351245266202,0.21946619055532388,16.5,33.890004801305935,286.90254957289324,0.8964367879716447
15,2015,BS_BR,Blue_Shield,Bronze,0.02925607250570214,223.09,286.8051731139216,-7.3891761540614596,188.76711464719256,251.1601375578981,0.6,-117.42451055313664,148.68875239869402,0.6758973842098055,-0.025763747821683856,10.716392222581204,43.034211710084975,273.6859535379905,0.8151313471373779
15,2015,BS_BR_HSA,Blue_Shield,Bronze,0.03122106752008936,219.43,282.8921104093852,-31.193489057331504,181.9979178163612,271.05138775663175,0.6,-118.14893678472379,152.90245097190797,0.6759841410415534,-0.11026638039565712,10.748521140141612,43.034211710084975,269.2626000972989,0.8149293660564382
15,2015,BS_G,Blue_Shield,Gold,0.02834971947073752,318.02,388.6901830459993,41.95381160380586,254.86732250959412,303.70215973210844,0.8640000000000001,56.521839290700036,394.7294718253826,1.780171115731794,0.10793638078284283,14.734055801775888,43.034211710084975,381.60095018064175,0.8333836691167988
15,2015,BS_P,Blue_Shield,Platinum,0.030333183558281955,364.41,430.1841728652129,257.74561598249454,146.38328474573225,129.40434517263338,1.035,501.7876696585704,714.1524098157535,3.6760563289523964,0.5991517871654765,16.687405709977984,43.034211710084975,432.0233774326763,0.8434960213623794
15,2015,BS_SIL,Blue_Shield,Silver,0.09055583128283418,270.08,359.6767757552486,16.284425498786135,247.05706891748,300.3581385463775,0.721,-19.205189805747366,308.2460521874893,1.382626295799786,0.045275165360877494,13.334927351818271,43.034211710084975,325.8977222093585,0.8287262585606507
15,2015,HN_BR3,Health_Net,Bronze,0.008365072525171088,232.26,294.58728490385687,1.7635273200851884,184.01093960762677,242.00021708636052,0.6,-139.9641720240268,102.03604506233371,0.5561400635539507,0.005986433938113598,16.57791747922509,50.82354049741116,253.53163042833245,0.9160987116582069
15,2015,HN_G3,Health_Net,Gold,0.038041252078904554,258.98,344.11658600190145,-3.6962378808305516,226.38160596367305,296.98928338532085,0.8640000000000001,-50.350029499565245,266.79962745199987,1.4601853521663886,-0.010741237217813521,16.901564868209835,50.82354049741116,287.2761911347951,0.9015017881467315
15,2015,HN_P3,Health_Net,Platinum,0.05851819898461376,289.94,375.7166902354162,102.2433490543124,221.80039537510845,222.64980068369263,1.035,216.81311360655198,475.3847571478523,2.7021612001818145,0.27212884524839415,18.136401020406296,50.82354049741116,319.52792805464577,0.9074011206632754
15,2015,HN_SIL3,Health_Net,Silver,0.0906293116483506,230.31,326.0983437483007,-9.676473211548512,198.90666663672428,284.95127646243805,0.721,-60.30165893600216,243.01255099908056,1.2922853139964738,-0.029673481626197117,15.362167489498548,50.82354049741116,255.97393890542105,0.8997400320705947
15,2015,KA_BR,Kaiser,Bronze,0.023062496246657186,214.47,273.57862322874695,-37.15865528319018,195.8333306767553,291.29222095433124,0.6,-130.20508005291154,166.77225865118962,0.6077862227293938,-0.13582441071106918,6.25,19.445057557605885,249.06463426052488,0.8611017804144027
15,2015,KA_G,Kaiser,Gold,0.010028761603512732,348.24,407.0649695602472,13.771187189124639,336.7219251943141,373.8487248135167,0.8640000000000001,-40.05128984145968,342.74527809761014,1.3025892752141714,0.03383044039383116,6.25,19.445057557605885,398.2755879692902,0.8743694329235457
15,2015,KA_P,Kaiser,Platinum,0.01682100513202064,372,433.1919142047417,-5.758621616609737,372.135709332938,419.50547826374554,1.035,-67.07431623841097,363.8961641438972,1.3829214862822334,-0.01329346515431036,6.25,19.445057557605885,422.9160616198388,0.8796071697423318
15,2015,KA_SIL,Kaiser,Silver,0.03655137943849172,286.68,363.77796897629236,2.635475801837167,293.1583875851083,341.6974356168493,0.721,-26.108267928913936,329.100636604072,1.2826208674825126,0.007244737247980299,6.25,19.445057557605885,330.4772945897861,0.8674726061161004
15,2015,LA_BR,LA_Care,Bronze,0.00638058360275152,210.92,270.39127058987236,-26.649810551937904,144.76229025915643,251.41999224160458,0.6,-163.20493727051596,92.71789908191634,0.46232819963507904,-0.09856017353592807,23.23509501894591,45.62108890020569,217.11195459898565,0.9714803608561194
15,2015,LA_G,LA_Care,Gold,0.005302417813306699,314.35,383.39246068498903,42.20845386550626,280.1291361864954,295.5629179192771,0.8640000000000001,-62.677531408150166,244.47382357107242,1.2703288707876608,0.11009202890973502,23.23509501894591,45.62108890020569,323.02903283429623,0.9731323443030946
15,2015,LA_P,LA_Care,Platinum,0.007242219241422587,349.39,418.40923411844756,158.39203299578395,315.0623424087601,214.39611222245793,1.035,279.105440965928,517.9326646365595,2.8114457811642444,0.3785576896492316,23.23509501894591,45.62108890020569,358.8157927738037,0.9737308307949931
15,2015,LA_SIL,LA_Care,Silver,0.01839737185709077,265.48,350.0051215629527,23.580858243448333,250.54704898746309,280.80317441929867,0.721,-79.12348666559495,211.81097625419284,1.1008930688574416,0.06737289482550336,23.235095018933094,45.62108890020569,272.51865310186236,0.9741718483423173
15,2015,MOL_BR,Molina,Bronze,0.006323509437281364,211.5,271.05348030494343,18.414273224506516,169.41570047152214,227.5363220773511,0.6,-154.9000883873243,78.52299454836576,0.5000833007372847,0.06793594092128939,18.580063954994785,25.10288500308583,219.9454027813806,0.9616022764077724
15,2015,MOL_G,Molina,Gold,0.009146097272576977,290.16,365.9107037766757,99.56189953174002,288.29903196887693,241.24591924184983,0.8640000000000001,-59.819796260779796,191.69288753006327,1.3346740710541367,0.2720934329171882,18.580063954994785,25.10288500308583,299.03151688852694,0.9703325021361074
15,2015,MOL_P,Molina,Platinum,0.00792773241249767,345.38,415.51703861483054,143.78594496154403,336.33277856695724,246.6282086502007,1.035,19.129466537517544,278.16738720420443,1.7816624711277829,0.3460410322543439,18.580063954994785,25.10288500308583,354.31867463140276,0.9747722170142411
15,2015,MOL_SIL,Molina,Silver,0.021708689338241483,259.38,345.8114726543094,107.60778799391339,270.97196345702554,213.10079965731018,0.721,-57.94955911089825,165.1064110263141,1.2116064744725854,0.31117471947347325,18.58006395498923,25.10288500308583,267.5529457001389,0.9694529780685026
15,2016,ANT_BR,Anthem,Bronze,0.028369030455727667,209.4,273.6923018782447,-62.41618537474965,176.8050187792264,301.1127322524694,0.6,-107.39713111872652,208.86075019764542,0.6659808254000846,-0.2280523966016269,14,34.995755000524916,265.25627815182185,0.7894252360735756
15,2016,ANT_BR_HSA,Anthem,Bronze,0.03660803274541253,195.25,257.2417110452954,-110.92452360226099,152.21505623902422,333.17047964703147,0.6,-109.79484391885606,223.37563572817538,0.6649017043232259,-0.4312073774953599,14,34.995755000524916,247.63787435304369,0.7884496687354166
15,2016,ANT_G,Anthem,Gold,0.010086875662894087,351.94,415.82572740382915,1.9137018426578791,295.02229550352814,378.91627056064635,0.8640000000000001,71.56746098840678,485.4643494135827,1.619002591929421,0.004602172777057124,14,34.995755000524916,429.2720239769982,0.8198531009299085
15,2016,ANT_G3,Anthem,Gold,0.006437862945957044,345.87,410.9015269099982,177.0739732594369,293.16992605387776,198.83179865003638,0.8640000000000001,70.2761483649269,292.0694156978153,1.6214001745012554,0.4309401685387806,14,34.995755000524916,378.433910955823,0.913950864303954
15,2016,ANT_P,Anthem,Platinum,0.008312790947769832,411.82,473.8308063038975,137.6246592781846,210.82675357510453,301.21039202518796,1.035,642.0778151281211,1017.0646112388699,3.7996094582550097,0.29045105857873926,14,34.995755000524916,495.39185661157364,0.8313015131431589
15,2016,ANT_P3,Anthem,Platinum,0.0057471036907200705,401.39,464.48217896307665,514.1069489074474,204.6248792975221,-84.62052494489569,1.035,640.1914087428786,603.001331713396,3.8012136996958428,1.1068389104941647,14,34.995755000524916,433.95585242165595,0.9249558400009475
15,2016,ANT_SIL,Anthem,Silver,0.05012605436974675,279.29,356.08543287114196,-12.12639234414035,256.0176175774693,333.2160702147574,0.721,8.651211706024101,367.98973002220686,1.3027281006471476,-0.03405472739045906,14,34.995755000524916,342.8767417802734,0.8145492708250773
15,2016,ANT_SIL3,Anthem,Silver,0.03283486118981705,273.66,352.3587142419491,105.46007308044267,256.92765454107655,211.9028861609815,0.721,7.502254652902637,238.44614142105786,1.3106153664759261,0.29929747390333566,14,34.995755000524916,299.4586267329966,0.9138491115969781
15,2016,BS_BR,Blue_Shield,Bronze,0.0366386301277552,209.43,277.0588819469097,-43.42913487594794,162.7559298123165,277.43263713892736,0.6,-105.9302667078145,178.41671080059425,0.685639369039066,-0.156750559919858,9.043461559656475,43.05537968393028,284.31944784571454,0.7366010365694254
15,2016,BS_BR_HSA,Blue_Shield,Bronze,0.035398135691165365,211.28,279.1542863701581,-49.302778386599385,165.86463138069732,285.4016850728272,0.6,-105.60343635545182,179.7982487173754,0.6855826774766439,-0.1766147997499275,9.412862916269413,43.05537968393028,286.6356603041531,0.7371029821474685
15,2016,BS_G,Blue_Shield,Gold,0.032296096853461416,309.48,387.1379486212255,32.95941560839552,236.93926111451097,311.1231533288997,0.8640000000000001,100.11663863837333,433.9666355607009,1.808126622505124,0.08513610129355441,12.520398244829313,43.05537968393028,396.7920290840679,0.7799551838639148
15,2016,BS_P,Blue_Shield,Platinum,0.015524187414750083,394.54,461.1091189831375,338.45830756546184,166.62300478797488,79.59543173374539,1.035,607.9801814295749,783.2338798789042,3.699142481204375,0.7340091393374484,16.420060217496193,43.05537968393028,493.12624729708347,0.8000790916373789
15,2016,BS_SIL,Blue_Shield,Silver,0.1600195264949314,244.51,340.68048673985805,-22.703384792785215,198.00932466733826,320.328491848713,0.721,8.48671037598852,346.92934493219667,1.4197396208956874,-0.0666412831860294,10.532961027661896,43.05537968393028,318.87317848941336,0.7667938744748259
15,2016,HN_BR,Health_Net,Bronze,0.017661027760602684,221.26,288.6105772395202,-92.82558929101299,179.8821511368228,329.9780168341972,0.6,-131.2878163305632,215.0478733338387,0.5640891453351281,-0.3216292007689528,17.260937656233182,51.458149696335965,273.68588406343866,0.8084450564820264
15,2016,HN_G3,Health_Net,Gold,0.02201783339798572,279.37,360.24958030978445,19.41639679740109,245.45028850227533,289.3750338160474,0.8640000000000001,-7.24113284473189,289.6061374926967,1.4373531162552213,0.05389706986113521,18.52297377685932,51.458149696335965,305.5632448719358,0.9142788103231669
15,2016,HN_P3,Health_Net,Platinum,0.035141453990847886,308.69,389.6047201410865,120.65525327713078,233.21957731811972,217.49131716761974,1.035,290.5697667245225,521.5169379142271,2.6673336801228626,0.3096863231878665,19.81416559553242,51.458149696335965,335.9802198650274,0.9187743258338523
15,2016,HN_SIL3,Health_Net,Silver,0.059554898218509233,242.82,334.725372966141,5.418594149630337,224.37080966408672,277.8486291201747,0.721,-24.75118364276877,259.8006596925485,1.270402645675948,0.016188178689932935,16.89569856325421,51.458149696335965,266.8252768345193,0.9100337227443149
15,2016,KA_BR,Kaiser,Bronze,0.017610447202152574,227,290.4014667182832,-25.720063967702778,228.61385123711776,297.46688285222183,0.6,-114.67122681129823,189.61980674474904,0.6120087662821435,-0.08856726606223951,6.25,18.654647833764137,267.722011214081,0.8478944221679326
15,2016,KA_BR_HSA,Kaiser,Bronze,0.019908416150330732,221.16,285.37294307520955,-34.8403954469404,220.80239329713154,301.5586906883858,0.6,-116.28349943032427,185.27519125806157,0.6146968528948273,-0.12208724159864824,6.25,18.654647833764137,260.60436974969343,0.8486427154403468
15,2016,KA_G,Kaiser,Gold,0.008322714613208783,354.85,416.83450276993943,24.572748354807935,342.4199552028892,373.60710658136736,0.8640000000000001,-5.6271909284878205,385.1972682614773,1.3131013306887558,0.05895085025715878,6.25,18.654647833764137,412.94792433637383,0.8593093198622083
15,2016,KA_P,Kaiser,Platinum,0.012438921486760932,384.1,447.999148533562,21.764298520624855,382.42477191231455,407.580202179173,1.035,-26.007317559467392,399.69913710812534,1.3967295265348254,0.04858111581655021,6.25,18.654647833764137,444.2071250861869,0.8646867155169456
15,2016,KA_SIL,Kaiser,Silver,0.025253646728051093,298.08,368.1247407396489,15.16105701011022,297.48255071702926,334.30903589577457,0.721,7.923458737805037,360.8438170144773,1.2600288678735627,0.041184564176936604,6.25,18.654647833764137,349.96075282340485,0.8517526539623584
15,2016,LA_BR,LA_Care,Bronze,0.005167996378553467,221.15,285.86069283330033,-10.57755286055297,175.75375226337607,250.78925097053673,0.6,-152.1113985424109,103.23228498216976,0.46719169739000016,-0.037002474022272344,25.304666853742685,45.64899472331658,227.6345939859809,0.9715131436200762
15,2016,LA_G,LA_Care,Gold,0.007244569576498266,298.07,374.16437871027324,34.89040861711024,271.0840362965937,293.6249753698464,0.8640000000000001,-34.83613181859536,270.7305566688842,1.2919009567155177,0.09324887830684421,25.304666853742685,45.64899472331658,306.4212087930525,0.972745983132347
15,2016,LA_P,LA_Care,Platinum,0.007630495907992418,344.94,418.56992272204053,170.82834880233955,312.11976195467514,202.0925791963844,1.035,355.92587064866797,583.7658338974744,2.8421582961759926,0.408123803285745,25.304666853742685,45.64899472331658,354.3798612118185,0.9733623090783476
15,2016,LA_SIL,LA_Care,Silver,0.025115880485481426,250.36,336.49810582091726,12.029589762643269,235.0112789966038,278.8195213349574,0.721,-55.27765502328599,233.8583374673613,1.1125498339294042,0.03574935357599118,25.304666853742688,45.64899472331658,257.3744837356149,0.9727460017255618
15,2016,MOL_BR,Molina,Bronze,0.007122054814588303,204.72,268.48656808435715,6.987009336125823,173.96208002351943,236.54501731159925,0.6,-146.39066586777554,93.2423156710723,0.5071359671770533,0.02602368299456433,24.85747947275191,24.95454143663207,203.41274088809428,1.0064266333868679
15,2016,MOL_G,Molina,Gold,0.01003488341083705,284.25,363.92644019331294,126.7046201576918,286.4686865336706,212.26727859898907,0.8640000000000001,-27.55772480144134,189.61739663685623,1.3484339279417545,0.3481599745552645,24.85747947275191,24.95454143663207,280.568826318946,1.0131203944834175
15,2016,MOL_P,Molina,Platinum,0.008130571148384601,342.25,416.56854697018787,246.04236660251152,335.7023549945336,145.57163893104425,1.035,67.15693043458899,217.87656283824705,1.7995482418285793,0.5906407682290036,24.85747947275191,24.95454143663207,336.53128745026515,1.0169931081090937
15,2016,MOL_SIL,Molina,Silver,0.02344871899253502,253.04,338.37072202179803,83.22522566382943,261.16373616954604,230.19095492133653,0.721,-29.110970844393993,207.12164638878832,1.211713894083889,0.24595870814871512,24.857479472749056,24.95454143663207,250.28883417841996,1.0109919638669091
15,2017,ANT_BR,Anthem,Bronze,0.018250651482736694,255.22,329.34959789684586,-63.760239511075525,240.77501599321218,356.02166831035044,0.6,-109.0606498916067,246.96101841874372,0.6588004233981786,-0.19359440521025195,10.5,37.088169097570955,299.5828221887004,0.8519180042947948
15,2017,ANT_BR_HSA,Anthem,Bronze,0.020444734258146222,249.99,325.635738849537,-91.97405503859355,236.1488921143907,380.5216247905596,0.6,-110.85368918910774,269.66793560145186,0.6622244766627693,-0.28244459703205677,10.5,37.088169097570955,293.94530716004124,0.850464334386841
15,2017,ANT_G,Anthem,Gold,0.0024406657537919554,458.09,519.8725072412751,55.44246286302328,388.02313693565065,427.3418752806809,0.8640000000000001,116.70598256862827,544.0478578493091,1.626004218802345,0.10664626824994265,10.5,37.088169097570955,510.94308898027765,0.8965577769419291
15,2017,ANT_G3,Anthem,Gold,0.00935852966101544,350.66,431.19893181615015,159.83605946175075,320.723210752877,234.27470325682845,0.8640000000000001,89.77490022796422,324.04960348479267,1.6389811045482063,0.3706782361184046,10.5,37.088169097570955,389.5909743372012,0.9000721862116206
15,2017,ANT_P,Anthem,Platinum,0.0014215662038371993,544.94,616.5028701103697,20.77087145332709,361.3347584916771,558.6438295594717,1.035,802.1940196808696,1360.8378492403413,3.908518640982063,0.03369144323627978,10.5,37.088169097570955,604.323066214455,0.9017362243237927
15,2017,ANT_P3,Anthem,Platinum,0.005903528829257585,422.24,496.5487060471237,528.1795225655356,272.5856742328309,-68.71898561598289,1.035,758.5176813791765,689.7986957631936,3.8258161038391933,1.063701337115981,10.5,37.088169097570955,464.375546901412,0.909264070465025
15,2017,ANT_SIL,Anthem,Silver,0.012455566604826338,362.43,427.60372111477955,33.45948539076349,330.1203450812021,357.0560666264451,0.721,32.1203019877587,389.1763686142038,1.2363312274050917,0.07824881716074245,10.5,37.088169097570955,398.6929583672539,0.9090454004611478
15,2017,ANT_SIL3,Anthem,Silver,0.045080049006887425,286.55,381.52563895138286,96.58278780164846,287.9727023495341,247.85468205216344,0.721,15.883353409116207,263.73803546127965,1.323691533999126,0.2531488789773204,10.5,37.088169097570955,317.73700009328644,0.9018464954219054
15,2017,BS_BR,Blue_Shield,Bronze,0.025234672757230694,252.53,331.5610007288858,-11.039714832405501,231.67693073234895,298.7476296339537,0.6,-108.20263065335331,190.54499898060038,0.6802722188641963,-0.03329618021461025,7.521048630151601,43.85308592733761,336.3480584896855,0.7507996363467759
15,2017,BS_BR_HSA,Blue_Shield,Bronze,0.030026523124460705,244.58,325.5571279093992,-32.490810474308454,224.77379615126907,314.19485245637003,0.6,-110.84985645958028,203.34499599678975,0.6854941573516854,-0.09980064231107996,7.3199454777354305,43.85308592733761,326.37836546638385,0.7493756507129488
15,2017,BS_G,Blue_Shield,Gold,0.015215954875426893,368.75,452.5195352928259,63.649968143119544,298.54389426757996,345.0164812223687,0.8640000000000001,136.6679519832556,481.6844332056243,1.793320120302556,0.14065684059790165,10.156137948745275,43.85308592733761,465.90760629472845,0.7914659366319349
15,2017,BS_G3,Blue_Shield,Gold,0.014308197570531709,344.42,433.2928438476928,120.30380344985903,282.65425862785463,269.13595447049613,0.8640000000000001,131.13450117954707,400.27045565004323,1.808376564048909,0.2776501046764279,8.26078082516472,43.85308592733761,422.5675538928863,0.8150649448284537
15,2017,BS_P,Blue_Shield,Platinum,0.005735654756414568,471.89,552.040480125733,407.26829585309474,238.69382771105447,100.91909834530065,1.035,740.1690465040324,841.088144849333,3.7605849684041863,0.7377507818997896,13.137313074738035,43.85308592733761,587.3886921183047,0.803369227790578
15,2017,BS_P3,Blue_Shield,Platinum,0.007499629071279596,425.63,508.16532572340907,569.4887511084462,207.50315193303467,-105.17651131237471,1.035,726.0540030611265,620.8774917487518,3.7456470793128145,1.1206761309377788,11.376499302294063,43.85308592733761,510.9518262603368,0.8330139518537228
15,2017,BS_SIL,Blue_Shield,Silver,0.07766349147668965,297.03,398.324490104749,-2.9307973774483216,270.7275752534502,357.4022015548597,0.721,26.55030045790703,383.95250201276673,1.3702766187556572,-0.007357813667639663,8.77379716562973,43.85308592733761,380.07396955921615,0.7815057693755642
15,2017,BS_SIL3,Blue_Shield,Silver,0.06196006727090083,283.97,389.7944226018079,-47.39624439098761,259.44874241104054,393.3375810654579,0.721,23.55871609341476,416.8962971588727,1.389896417002476,-0.12159292602142989,8.018236481120823,43.85308592733761,350.9439593134934,0.8091605296626108
15,2017,HN_BR,Health_Net,Bronze,0.011448128132099781,267.84,339.68360265147675,-125.03865295696014,233.51380798770836,414.91763644832326,0.6,-133.60037887387344,281.31725757444985,0.5518925170864947,-0.3681032937149242,19.77107062517882,49.80461916011361,331.6880703090459,0.8075056777002672
15,2017,HN_G3,Health_Net,Gold,0.009809986193196289,339.17,417.3524019252353,84.64812730441756,307.0044034340573,282.89965546070414,0.8640000000000001,16.63357783331788,299.533233294022,1.3949027892379215,0.2028217087380785,22.99049619877107,49.80461916011361,360.2925726555583,0.9413738326608482
15,2017,HN_P3,Health_Net,Platinum,0.012758333729637092,376.04,449.11426254934304,223.10119570381065,307.2114084014946,176.20844768541878,1.035,355.7440831565668,531.9525308419855,2.5813089964198004,0.49675820678106186,24.21508345977328,49.80461916011361,398.3511779327936,0.9439911837374868
15,2017,HN_SIL3,Health_Net,Silver,0.061996926267913303,269.16,371.1104513592749,44.565443373846314,263.23054420031497,276.740388825315,0.721,-15.942149399589587,260.7982394257254,1.256987187897744,0.12008673754839139,19.056187908643384,49.80461916011361,286.7029643505136,0.9388113604257468
15,2017,KA_BR,Kaiser,Bronze,0.027468400711578814,232.29,311.0414863293745,-37.933657822484854,259.1923967722381,330.4632876511881,0.6,-129.7858965937036,200.6773910574845,0.6234719215477363,-0.12195690764644611,6.25,18.51185650067122,274.2689470001971,0.8469423992058169
15,2017,KA_BR_HSA,Kaiser,Bronze,0.026355892471857396,234.2,312.828161346427,-37.48221141189173,261.91636059574535,331.7985162576475,0.6,-129.25918745179723,202.5393288058503,0.6226906421943419,-0.1198172544650921,6.25,18.51185650067122,276.6466674670138,0.8465672192777274
15,2017,KA_G,Kaiser,Gold,0.00971787198433306,371.23,445.9441877606916,-46.179154073514546,371.0911804481004,473.6114853335349,0.8640000000000001,4.254533006301528,477.86601833983644,1.321606437600021,-0.1035536628594783,6.25,18.51185650067122,438.0532184867983,0.8474541090746212
15,2017,KA_G_COIN,Kaiser,Gold,0.013653914606219819,354.72,433.39915285219763,-89.13892851225944,359.5838593636246,504.02622486378584,0.8640000000000001,-0.2998586004641674,503.72636626332167,1.3287113606780474,-0.20567397957664799,6.25,18.51185650067122,419.65320279715115,0.8452693739393714
15,2017,KA_P,Kaiser,Platinum,0.012039240990693877,409.73,484.79512810980077,-13.81358443434248,421.93137142222844,480.09685604347203,1.035,-13.868284056659569,466.2285719868125,1.4050459429869384,-0.028493653573213828,6.25,18.51185650067122,480.96380503689284,0.8518936263167896
15,2017,KA_SIL,Kaiser,Silver,0.02839492057236401,320.3,401.74698684841417,-31.192687484925095,325.86430086505703,414.42781783266804,0.721,18.19216918266456,432.6199870153326,1.2583206254699264,-0.07764261713478542,6.25,18.51185650067122,382.7524736829373,0.836833259150478
15,2017,LA_BR,LA_Care,Bronze,0.006832422293833553,230.73,309.6187867596255,-22.569647740211458,197.53898407110407,287.5534272345054,0.6,-171.71954204051622,115.83388519398922,0.4741366595326181,-0.07289495568540402,34.06321116479598,44.63500726533153,237.6434541761672,0.9709082911619261
15,2017,LA_G,LA_Care,Gold,0.01045350103856508,304.18,396.97319734813686,18.770481266312906,292.46070732362267,333.5677088164924,0.8640000000000001,-31.732212395045664,301.83549642144675,1.3140363447721153,0.04728400151875141,34.06321116479598,44.63500726533153,312.8997605398118,0.9721324154266896
15,2017,LA_P,LA_Care,Platinum,0.010143848708832686,353.6,442.64999943019916,183.09295841463478,330.3533774815428,214.92203375023286,1.035,429.0248524202239,643.9468861704568,2.8822361595684756,0.4136291847968396,34.06321116479598,44.63500726533153,363.5368019616857,0.9726663107887137
15,2017,LA_SIL,LA_Care,Silver,0.03635002788920398,258.27,362.66240088577104,-8.606653985695182,248.01637132145697,326.6340476061347,0.721,-58.584251139738825,268.04979646639583,1.1314380056192592,-0.02373186182155687,34.06321116479516,44.63500726533153,265.56874830808414,0.972516539108672
15,2017,MOL_BR,Molina,Bronze,0.014125802763141605,196.35,269.1699825577268,-21.93638568265063,159.93485934489652,265.3225859284775,0.6,-167.92080778136824,97.40177814710928,0.5115155670124542,-0.08149640414657344,21.33110479905453,25.783782311899948,210.3002158024045,0.9336652330613301
15,2017,MOL_G,Molina,Gold,0.020753752921134974,281.09,381.07944101277155,105.68158318996242,296.41648879134027,249.61407551090917,0.8640000000000001,-27.024276995316143,222.58979851559303,1.3849399477722169,0.27732166004311054,21.33110479905453,25.783782311899948,299.54011992880817,0.9384051794691367
15,2017,MOL_P,Molina,Platinum,0.023055721236567826,324.81,423.77691792793956,209.5727588974979,332.49893470047004,188.42037671854172,1.035,82.7607643054048,271.1811410239465,1.8577430766353127,0.4945355681999045,21.33110479905453,25.783782311899948,345.0732445961275,0.9412784244694383
15,2017,MOL_SIL,Molina,Silver,0.05542418499431354,250.76,357.1563430812895,70.1837856887739,271.8063594520386,261.18877508061564,0.721,-30.38262740075138,230.80614767986424,1.2496217505057399,0.19650717969413167,21.331104799053687,25.783782311899948,268.1000634809637,0.9353224193391699
15,2018,BS_BR,Blue_Shield,Bronze,0.04293285967548597,269.16,363.04183799960947,-26.519825033674245,213.92543397013372,345.17712131922127,0.6,-99.67295931018771,245.50416200903356,0.6850668127843689,-0.07304894989459251,4.2654177349943065,44.38454171406244,354.4168638038877,0.7594446751521859
15,2018,BS_BR_HSA,Blue_Shield,Bronze,0.0457621910171596,264.82,357.18200531559864,-82.45057757605929,206.13195342963465,395.2480411775955,0.6,-100.14561691055758,295.1024242670379,0.6833319683414943,-0.2308363141172458,4.198845561335186,44.38454171406244,349.33789119874734,0.7580626283947454
15,2018,BS_G,Blue_Shield,Gold,0.012964610639343082,423.06,527.9967160291767,87.27968979011047,355.974872251547,396.3324845250038,0.8640000000000001,161.90799212746825,558.240476652472,1.8365320966732677,0.16530347091266276,6.3537130643398525,44.38454171406244,522.4960875571421,0.809690273429526
15,2018,BS_G3,Blue_Shield,Gold,0.01786799184257504,384.69,501.61528166259455,-129.83819482116076,327.522313773085,587.0689347696929,0.8640000000000001,151.82973770797926,738.8986724776721,1.8605016557977452,-0.2588401900173664,9.723546991497443,44.38454171406244,463.960319041935,0.8291441836973774
15,2018,BS_P,Blue_Shield,Platinum,0.0027381190063655806,565.77,689.3287697604267,484.936707555729,315.1479502526765,160.00752049063522,1.035,813.8846488048611,973.8921692954963,3.989917650127481,0.7034911769666407,8.459657829837298,44.38454171406244,702.9965651805479,0.8047976733068325
15,2018,BS_P3,Blue_Shield,Platinum,0.0034967127775960287,517.62,627.1594772816428,641.5195906663051,271.5125452177931,-58.74465509872482,1.035,786.8175863654337,728.0729312667089,3.896530621588442,1.0228970682973726,15.853959546712456,44.38454171406244,621.2082939947919,0.8332470847601716
15,2018,BS_SIL,Blue_Shield,Silver,0.05177737280359677,368.43,487.46315458661104,49.28175044896971,348.0080154218852,393.7968624235789,0.721,46.2500425488049,440.0469049723838,1.361521493049697,0.10109841120353533,5.9237809725422546,44.38454171406244,451.28117401651485,0.8164089734142491
15,2018,BS_SIL3,Blue_Shield,Silver,0.10649025246142738,325.48,468.25333593753936,126.70361450489605,322.6337517879832,297.1651797185809,0.721,38.12525010244317,335.290429821024,1.437546482795644,0.2705877455228576,9.443099809694589,44.38454171406244,394.04629495050295,0.8259943163299741
15,2018,HN_BR,Health_Net,Bronze,0.03278836773372266,258.905,346.70857216831087,-61.14038055670808,202.69201632454383,357.8212734459546,0.6,-132.4351871584441,225.38608628751047,0.5585468107070118,-0.1763451655502399,11.815808603718569,50.027679279064344,321.2013970874709,0.8060519111923223
15,2018,HN_G,Health_Net,Gold,0.00914607617374186,418.35,516.7478509563551,-59.16113431392371,392.6163883138952,525.8813059912145,0.8640000000000001,41.841327960363685,567.7226339515781,1.419372371917518,-0.11448743174148295,11.815808603718569,50.027679279064344,510.93753171896685,0.8187889399953239
15,2018,HN_G3,Health_Net,Gold,0.017314577400164743,364.23,480.4964863568846,137.2264808413065,364.2380808689739,293.24232623651375,0.8640000000000001,26.171014084280763,319.41334032079453,1.453622278808335,0.285593099507876,11.815808603718569,50.027679279064344,397.9820853004497,0.915191948213023
15,2018,HN_P,Health_Net,Platinum,0.0027650006581662052,533.96,636.4966179337891,-345.55651103459473,457.6871230613104,932.0254496893195,1.035,416.247355171054,1348.2728048603735,2.703094470311266,-0.5429039232861106,11.815808603718569,50.027679279064344,653.2293658246082,0.8174157928830286
15,2018,HN_P3,Health_Net,Platinum,0.008150629099201941,445.73,549.2730977945437,289.68848756764845,382.50025998033175,209.5569309478309,1.035,389.6182078615244,599.1751388093553,2.665869598591487,0.5274033786304364,11.815808603718569,50.027679279064344,469.74269794637684,0.9488811682409207
15,2018,HN_SIL,Health_Net,Silver,0.04143201811838351,363.14,474.69650342748986,-91.7942236615669,356.9627263210251,516.4630478099924,0.721,6.807606513197159,523.2706543231895,1.2080219542945199,-0.19337455194798694,11.81580860371968,50.027679279064344,428.84262057241665,0.8467908332322073
15,2018,HN_SIL3,Health_Net,Silver,0.06659175676708505,325.09,455.4828840163431,122.06963795431828,342.8390410068316,283.3855667829605,0.721,-1.9457442120119277,281.4398225709486,1.2621980992714288,0.26800049406453286,11.81580860371968,50.027679279064344,354.364451525544,0.9173888594086763
15,2018,KA_BR,Kaiser,Bronze,0.03871911721727543,254.5,340.08172512143784,4.157622923532401,243.86600940695666,316.90419800361707,0.6,-116.82426353667975,200.07993446693732,0.6130377940831505,0.012225364129894892,6.25,19.019904194288372,293.44614858643143,0.8672800826521658
15,2018,KA_BR_HSA,Kaiser,Bronze,0.03907643553725245,253.84,339.1870775583436,-1.993817058332823,241.26717438417722,322.16099042238807,0.6,-116.87975151074068,205.28123891164736,0.6127973528314853,-0.0058782223446878406,6.25,19.019904194288372,292.67527199223304,0.8673093502984303
15,2018,KA_G,Kaiser,Gold,0.016133805592305806,396.1,500.41114153952367,-67.27536677315796,410.0464361373818,548.6666041183933,0.8640000000000001,17.30514362540289,565.9717477437962,1.3659696563881374,-0.1344401856565066,6.25,19.019904194288372,461.72324965667036,0.8578731963238441
15,2018,KA_G_COIN,Kaiser,Gold,0.025277353607252015,376.35,487.6040342070584,22.564999898481275,400.55014985205804,446.01913011428877,0.8640000000000001,11.260929548652838,457.2800596629416,1.3790407592806817,0.04627730354031314,6.25,19.019904194288372,439.63335272419454,0.8560542499060677
15,2018,KA_P,Kaiser,Platinum,0.02008014478805989,434.78,540.1355234091261,-133.9038797181467,464.661110375599,655.0194989329844,1.035,2.3330651721159485,657.3525641051004,1.4541138427966211,-0.24790793035236286,6.25,19.019904194288372,504.57316411328793,0.8616788028433121
15,2018,KA_SIL,Kaiser,Silver,0.021116528061517023,391.07,487.5742973465305,48.397646926482125,405.70298047979344,420.15674622576,0.721,37.10536465313337,457.2621108788934,1.2601474014792697,0.099262096443293,6.25,19.019904194288372,456.842973876327,0.8560271742427354
15,2018,LA_BR,LA_Care,Bronze,0.009653587844592734,249.58,333.1090911909883,3.9944555779191617,178.66832316422173,283.6779059838026,0.6,-157.44607823005072,126.23182775375186,0.46422749698039323,0.011991433688097507,36.16442176536625,45.436729629266544,261.2093021128677,0.9554789893820753
15,2018,LA_G,LA_Care,Gold,0.019462167092082885,328.9,458.86300595865384,43.72844298780644,351.98543301123885,369.69783334158086,0.8640000000000001,-21.28304790154666,348.4147854400342,1.3726022383569751,0.09529738161490975,36.16442176536625,45.436729629266544,343.09544410399707,0.958625378599623
15,2018,LA_P,LA_Care,Platinum,0.015795790683107384,384.05,506.75180928388585,189.2831338858344,386.87005531890054,272.0319457687849,1.035,459.5584629160119,731.5904086847968,2.988351227226058,0.3735223642384603,36.16442176536625,45.436729629266544,400.08024600350643,0.9599324231485152
15,2018,LA_SIL,LA_Care,Silver,0.03553402191050034,316.45,450.3778679199902,68.07220636563824,346.42189087883037,336.8689319250854,0.721,-41.31271719452388,295.5562147305615,1.14338757107458,0.15114465255590956,36.16442176536616,45.436729629266544,330.456276662485,0.9576153408131798
15,2018,MOL_BR,Molina,Bronze,0.007799953767769692,274.43,367.42256675331697,87.35847980432168,255.29140261771298,253.0708569513942,0.6,-145.96859510574546,107.10226184564874,0.5091671897459381,0.23776024585602848,20.45057284479221,26.993229997601095,272.3347615093033,1.0076936138415997
15,2018,MOL_G,Molina,Gold,0.0025417338921937373,422.62,520.3727249477935,298.3786720422979,433.86440133317427,195.00082290789447,0.8640000000000001,19.377960197000235,214.37878310489472,1.3397717247717793,0.5733941418090904,20.45057284479221,26.993229997601095,421.2805911162775,1.0031793747729356
15,2018,MOL_P,Molina,Platinum,0.001813647675737555,489.4,589.1523470361108,433.25170886883274,488.5411613205212,128.90740816967696,1.035,137.9827577185382,266.89016588821517,1.8378001657485137,0.7353814527743493,20.45057284479221,26.993229997601095,488.4249127120625,1.0019963913849586
15,2018,MOL_SIL,Molina,Silver,0.0044503750121156,406.42,496.6581793734839,269.63352231016376,424.5954673737995,200.03142706571904,0.721,9.738676396674474,209.7701034623935,1.1412180642804848,0.5428955638066739,20.45057284478425,26.993229997601095,405.51996793019305,1.00221945191602
15,2018,OSC_BR,Oscar,Bronze,0.01676758898691796,258.29,345.95081611453753,26.95174342007782,187.58949810728842,262.0141223109764,0.6,-148.38201451462263,113.63210779635381,0.5008126800289392,0.07790628657211962,12.5,56.98495038348331,270.416123415361,0.9551575428927542
15,2018,OSC_BR_HSA,Oscar,Bronze,0.018214996507967214,252.41,338.00117015337395,9.495307616771854,173.68877555276714,271.5209121531188,0.6,-148.76809101727753,122.75282113584124,0.4991824065625054,0.02809252882900728,12.5,56.98495038348331,264.4530954136075,0.9544603726616548
15,2018,OSC_G,Oscar,Gold,0.002525523865879276,450.19,542.2841555520092,151.55192174372564,414.1366398909749,333.7472834248003,0.8640000000000001,97.49326411456649,431.2405475393668,1.5748556026160163,0.27946957363977537,12.5,56.98495038348331,460.8997488364095,0.9767633875621599
15,2018,OSC_P,Oscar,Platinum,0.0014750662994869944,530.86,633.1309769077833,306.31503156150546,475.45902812095056,269.83099496279453,1.035,666.3974663706828,936.2284613334773,3.4940352199227407,0.4838098951618992,12.5,56.98495038348331,542.1036327386374,0.9792592558698859
15,2018,OSC_SIL,Oscar,Silver,0.006914766635099409,408.31,497.25150766232645,152.24470842804374,392.98420538737025,288.0218488507994,0.721,15.596335073917912,303.6181839247173,1.158070754170135,0.306172442078205,12.5,56.98495038348331,418.088122667686,0.9766122926303313
16,2014,ANT_BR,Anthem,Bronze,0.02975343369376458,225.44,279.6412572707012,-9.984915784236449,189.38356722878626,254.6441630651641,0.6,-130.1439730589067,148.18740853065518,0.6640247260117664,-0.03570616110687397,16.5,34.98200998977356,238.78090289596372,0.9441291044042315
16,2014,ANT_BR_HSA,Anthem,Bronze,0.028945595520750572,226.99,281.2370616074929,-47.71833939061676,191.98186712614762,293.9733910083361,0.6,-129.8100651124257,164.16332589591042,0.6640749420171522,-0.16967301221918835,16.5,34.98200998977356,240.40339230241494,0.9442046463073966
16,2014,ANT_G,Anthem,Gold,0.012272323093052692,362.54,408.5947323612157,88.5983356602512,296.43055464474287,285.0143867111909,0.8640000000000001,27.831081960226417,366.06941641118965,1.6281846324462064,0.21683670552543094,16.5,34.98200998977356,377.1074338153343,0.9613706002346595
16,2014,ANT_G3,Anthem,Gold,0.013821301620116666,327.37,385.1666507274384,238.82193103314555,281.1159461511048,111.36270970451933,0.8640000000000001,16.51470996644565,208.76179038933915,1.6475779395219161,0.620048310470542,16.5,34.98200998977356,348.9010623503001,0.9382889171925688
16,2014,ANT_P,Anthem,Platinum,0.010556728357866597,420.4,460.39215894379413,254.02977125363546,196.31660678504431,171.3803777003851,1.035,551.3074586503551,787.144634658242,3.806214017858277,0.551768240007424,16.5,34.98200998977356,433.7489819674643,0.9692241768339974
16,2014,ANT_P3,Anthem,Platinum,0.014540115391506086,374.17,427.6357128664533,580.9854750093253,175.37259865357464,-188.33177213264565,1.035,542.3386635130241,447.0726520216694,3.8432995073729903,1.3585990541224087,16.5,34.98200998977356,394.72597234348115,0.9479234360449081
16,2014,ANT_SIL,Anthem,Silver,0.031325556561461194,301.57,364.90692041883113,47.4627635104724,259.92299160017717,282.4621469185852,0.721,-26.040134017394838,271.375487321725,1.307318307894504,0.13006813752941657,16.5,34.98200998977356,315.6313919413501,0.9554499574492167
16,2014,ANT_SIL3,Anthem,Silver,0.04763977143932542,261.61,340.8622128595276,98.45095489091409,216.6361351128788,207.42924797883992,0.721,-39.61075427762905,171.2512594585284,1.3572564672119818,0.2888291842765412,16.5,34.98200998977356,279.52863190571867,0.9358969713279233
16,2014,BS_BR,Blue_Shield,Bronze,0.03028983403879373,239.75,294.595635882773,24.754190085511034,220.37425412546423,228.8766457201856,0.6,-124.59342347438013,114.17479102889533,0.6772127636737888,0.08402768768564292,10.940312992485149,40.9648000770764,257.24004469860654,0.932008856867139
16,2014,BS_BR_HSA,Blue_Shield,Bronze,0.03263788136636355,235.81,291.23519817997663,15.882728653809359,214.02594169295196,234.38766944909088,0.6,-125.76582249790877,108.6218469511821,0.6782685175098901,0.0545357455179377,11.341135234032738,40.9648000770764,253.07033243156326,0.9317963023728556
16,2014,BS_G,Blue_Shield,Gold,0.02438267993190668,341.77,395.48430752577843,135.87274287787088,270.49182836682644,218.64676457083115,0.8640000000000001,55.155466626564056,305.70935455587164,1.7822386982931129,0.3435603898620287,14.479284138403118,40.9648000770764,359.3709350564826,0.9510229310733872
16,2014,BS_P,Blue_Shield,Platinum,0.02422438793960783,391.62,439.01294778835194,408.60777672323724,143.63068841659157,-10.559629011961704,1.035,511.87479822369045,580.6199903498876,3.6913140661366466,0.930741971920671,16.532686269207414,40.9648000770764,406.653361597191,0.9630315078716053
16,2014,BS_SIL,Blue_Shield,Silver,0.05351802231840469,290.24,361.90180026356927,84.2802225461406,258.71401858170066,236.65677764035226,0.721,-22.63670274813324,239.45078060215258,1.3654645687348959,0.23288146807990512,13.279420988225088,40.9648000770764,306.599014087917,0.9466436180932204
16,2014,HN_BR,Health_Net,Bronze,0.01641699925194633,245.19,297.1070674654366,-33.23505541534473,195.86265621194335,281.12083496632874,0.6,-147.8306742809282,133.29016068540054,0.5557296605636346,-0.1118622175462422,19.750223938456795,49.2212879144526,250.169837060057,0.9800941747471278
16,2014,HN_G3,Health_Net,Gold,0.03500622998337099,275.94,352.85812173312127,32.43655537736282,244.58905330980627,271.20027844130584,0.8640000000000001,-62.08526337407158,209.11501506723425,1.4579019664328463,0.09192520557000444,19.750223938456795,49.2212879144526,278.3102282816504,0.991483502793682
16,2014,HN_P3,Health_Net,Platinum,0.04737265269519789,311.31,388.75142726679695,169.77338611504516,242.16103293532996,169.7567532372992,1.035,209.2387551329803,378.9955083702795,2.7023717795393396,0.4367145023972634,19.750223938456795,49.2212879144526,312.8434490865505,0.9950983500181069
16,2014,HN_SIL3,Health_Net,Silver,0.06519868345286053,241.62,327.1718825350464,16.172198707508016,208.43159706673202,261.7783959130858,0.721,-71.90496648703369,189.8734294260521,1.2765002151386353,0.04943028289044876,19.750223938451473,49.2212879144526,243.23306345910757,0.993368239349669
16,2014,KA_BR,Kaiser,Bronze,0.0204357201538036,240.96,293.55896985099787,18.37238599516658,225.58622679016742,257.32685216640016,0.6,-136.6984114731434,144.19993893905965,0.6123115721886535,0.06258499273414088,6.25,17.85973168943113,249.39548978657075,0.9661762536532248
16,2014,KA_G,Kaiser,Gold,0.0059623725706060265,398.53,433.06816974022536,128.3929488612109,355.482110456687,286.81548918958333,0.8640000000000001,-33.928923111412495,277.65989758991293,1.3172038789092377,0.29647283691670767,6.25,17.85973168943113,406.95607536316345,0.979294877572121
16,2014,KA_P,Kaiser,Platinum,0.008259578384832798,428.62,464.6755759524032,123.45406811703671,395.0782282822631,323.3617761459354,1.035,-62.89492857418219,283.2866604093649,1.391123814125586,0.2656779794462064,6.25,17.85973168943113,435.7266211112285,0.9836901837828853
16,2014,KA_SIL,Kaiser,Silver,0.01492725332729976,327.81,379.3906864886826,100.95335532958703,309.60266367393956,260.57759946966445,0.721,-21.294101247215547,270.5183785622068,1.266158498767142,0.2660933937623124,6.25,17.85973168943113,336.8966045566472,0.9730285065692333
16,2014,LA_BR,LA_Care,Bronze,0.010727024290270499,196.48,246.37933781356745,-48.59062470859999,110.62912214825482,250.8268151680702,0.6,-178.21446250689385,72.61235266117636,0.4617813355817945,-0.19721874869786354,17.17768565610663,44.14314735409724,193.22830712175275,1.016828242852629
16,2014,LA_G,LA_Care,Gold,0.009772366063886914,301.01,368.54040614996234,45.423307127989716,268.24744289416435,278.9739516678754,0.8640000000000001,-81.21019546517648,197.76375620269891,1.3053698113368186,0.12325190500144663,17.17768565610663,44.14314735409724,295.4912162788876,1.0186766422048354
16,2014,LA_P,LA_Care,Platinum,0.014463283586755981,332.31,401.34944880781063,210.5400322125257,300.41126429446115,146.6662692411877,1.035,275.01382956237956,421.68009880356726,2.8973199609636393,0.5245803447293246,17.17768565610663,44.14314735409724,326.02743186613725,1.0192700598777906
16,2014,LA_SIL,LA_Care,Silver,0.017403735275268707,265.22,343.1219908961997,56.153421800771554,247.3818812553731,242.8254217413309,0.721,-92.32073096578695,170.32019336945203,1.1166227534722626,0.16365439491098935,17.17768565609927,44.14314735409724,260.1492883380656,1.019491545390449
16,2014,MOL_BR,Molina,Bronze,0.008859290424197013,203.96,254.34133561084226,9.66635848240831,144.90134972511467,220.58367853080722,0.6,-168.2284783458447,57.99603863705191,0.49963025185419674,0.03800545616854992,0,24.091298597626736,211.6790288663174,0.9635342768357454
16,2014,MOL_G,Molina,Gold,0.01291493129752584,285.2,357.39253068929736,102.29824400324769,281.65102954868877,231.00298808842294,0.8640000000000001,-76.56420806176544,165.65062545164585,1.363315255632456,0.2862349803616395,0,24.091298597626736,293.14484852332276,0.9728978743329659
16,2014,MOL_P,Molina,Platinum,0.010553434878013168,342.13,405.30203844280555,165.77093670733595,329.3492766713101,215.43980313784286,1.035,6.3523484491750075,221.79215158701786,1.813298543295462,0.4090059288727925,0,24.091298597626736,350.01472265835713,0.9774731685613886
16,2014,MOL_SIL,Molina,Silver,0.015039473441719667,261.84,338.86853836610345,116.53422218147166,268.4828524578206,198.24301758700506,0.721,-69.83357155985836,138.81574854832238,1.2152012661374694,0.34389212626039534,0,24.091298597626736,269.0405457578653,0.9732362059496201
16,2015,ANT_BR,Anthem,Bronze,0.02007629061812795,254.11,306.44571929906294,-27.818948781959165,232.03257122520924,300.3746632797162,0.6,-121.38133019244398,190.98336343591228,0.6507199742375877,-0.09077936818823833,16.5,33.890004801305935,254.55613656493185,0.9982473941860048
16,2015,ANT_BR_HSA,Anthem,Bronze,0.019453849657504282,255.78,307.541156973036,-69.56187847224967,231.5349122644644,343.2130306439797,0.6,-120.71690686716208,222.49612377681763,0.6500026093899975,-0.2261872172066667,16.5,33.890004801305935,255.99328336629134,0.9991668399909299
16,2015,ANT_G,Anthem,Gold,0.00623901974717658,411.44,456.7488020244704,57.958396287520685,331.95476326057917,364.9004009356438,0.8640000000000001,67.55135259330838,461.55823286406195,1.650639216066517,0.1268933734048755,16.5,33.890004801305935,401.5716387748698,1.024574348067102
16,2015,ANT_G3,Anthem,Gold,0.011514361697693452,343.23,404.3126872219109,161.62322698538222,294.693352057065,208.79945543522274,0.8640000000000001,43.16395373357933,268.34609061606733,1.6451697745005007,0.39974809619732204,16.5,33.890004801305935,365.18020849483946,0.9398921190572965
16,2015,ANT_P,Anthem,Platinum,0.004466892913029459,482.23,529.75187175529,218.62909965823226,230.14298661530674,277.23276729575184,1.035,681.4065664827289,1022.7035411725946,3.9436419957101254,0.4127009479623402,16.5,33.890004801305935,467.04039531686084,1.0325231068563863
16,2015,ANT_P3,Anthem,Platinum,0.010666732103207843,396.41,455.19676317254897,517.4565088731259,179.63471080240512,-96.14975050188286,1.035,639.2022805931555,578.3618499623963,3.8663512968418483,1.1367754578627716,16.5,33.890004801305935,416.91292992636585,0.9508220339196796
16,2015,ANT_SIL,Anthem,Silver,0.021711651436069394,336.17,396.00244248325913,45.24306803303742,296.4406240797741,316.8693696489158,0.721,-2.9392324511653265,335.0798901576615,1.2872004178763043,0.11424946712279446,16.5,33.890004801305935,329.5297096820419,1.0201508092377018
16,2015,ANT_SIL3,Anthem,Silver,0.05866835394408563,270.17,357.1184572649113,90.53175151289861,260.57022683923833,232.69670095070674,0.721,-25.126647476476414,221.06627530813097,1.3590264374800927,0.2535062236946828,16.5,33.890004801305935,286.90254957289324,0.9416786306088856
16,2015,BS_BR,Blue_Shield,Bronze,0.02633694649825351,254.12,309.22799584157997,14.257014921710748,233.39814526186277,251.93676920978425,0.6,-119.73765252067328,146.98044319942835,0.6676415220511693,0.046105188124734776,11.504596878134118,43.034211710084975,273.6859535379905,0.9285094712203616
16,2015,BS_BR_HSA,Blue_Shield,Bronze,0.028516413241107853,249.94,306.4648437491161,-9.546209817531775,230.2110183631152,272.9768418565629,0.6,-121.43390303520665,151.54293882135624,0.6695936454182032,-0.031149445074184986,12.079997691151268,43.034211710084975,269.2626000972989,0.9282388267426793
16,2015,BS_G,Blue_Shield,Gold,0.01882995701101504,362.24,418.6591977144608,102.8183787127318,279.2317100775108,272.806607291644,0.8640000000000001,88.75642755445372,396.1967724625308,1.7872096940270707,0.2455896807571329,15.777657431631782,43.034211710084975,381.60095018064175,0.9492638837207384
16,2015,BS_P,Blue_Shield,Platinum,0.0176286313366356,415.08,467.03680333979764,393.7159773714583,148.2165652337568,30.286614258254417,1.035,609.5859372454289,723.9738683220103,3.7298471965455287,0.843008462193944,18.027774776526716,43.034211710084975,432.0233774326763,0.9607813412011098
16,2015,BS_SIL,Blue_Shield,Silver,0.05355270316568435,307.62,383.38283013727914,59.91135994666999,276.44883490886025,280.4372584805242,0.721,-3.710537070285015,303.3932946162498,1.3594880745365976,0.15627032625644016,14.39278492914842,43.034211710084975,325.8977222093585,0.9439157718395564
16,2015,HN_BR3,Health_Net,Bronze,0.007065848024373162,266.58,315.4409516715766,22.27039956593029,206.6545352004215,242.34701160823516,0.6,-142.0570754546175,100.28993615361769,0.5460238759030676,0.07060085080239442,16.924476489698705,50.82354049741116,253.53163042833245,1.0514664365531938
16,2015,HN_G3,Health_Net,Gold,0.038160274979285924,277.28,360.63912314438073,15.492832283982807,238.73664344238006,294.32275036298677,0.8640000000000001,-47.39382378523593,267.1129780849172,1.4620093401065686,0.04295937764295279,16.858183990546642,50.82354049741116,287.2761911347951,0.9652035516925078
16,2015,HN_P3,Health_Net,Platinum,0.05440774804826986,310.44,394.63724610797567,162.98676194908342,230.97191239237412,180.8269436614811,1.035,260.4689068536507,477.36751818138066,2.7141491871556753,0.41300400191949704,17.955677783233718,50.82354049741116,319.52792805464577,0.9715582668783445
16,2015,HN_SIL3,Health_Net,Silver,0.085908551012307,246.59,344.15259402077504,6.273029685658344,221.68920163684925,287.05602383770554,0.721,-61.34353181377317,244.16230520686636,1.2987888913025643,0.018227465939947753,16.525183482804955,50.82354049741116,255.97393890542105,0.9633402566466414
16,2015,KA_BR,Kaiser,Bronze,0.03156195777067505,224.55,282.5155714395341,-42.30407988696431,208.52440525975874,305.3745937688925,0.6,-143.4975399752025,167.59004929819253,0.6109564408617681,-0.1497407016236573,6.25,19.445057557605885,249.06463426052488,0.9015732027418946
16,2015,KA_G,Kaiser,Gold,0.011943675482705555,364.63,417.5742956253296,27.371648729450605,340.6697412496983,370.75758933827314,0.8640000000000001,-31.07403890388336,348.7891779892338,1.3270318861129122,0.06554917056966059,6.25,19.445057557605885,398.2755879692902,0.9155218421976581
16,2015,KA_P,Kaiser,Platinum,0.01885762553509955,389.51,447.35738183077325,6.90810336746204,380.27901787197237,421.0042209057053,1.035,-61.31110954074902,371.3943532759516,1.4132472147246624,0.01544202386734113,6.25,19.445057557605885,422.9160616198388,0.9210101846406873
16,2015,KA_SIL,Kaiser,Silver,0.040463750346079665,300.18,373.11892818006515,15.9660262071531,298.5293200088274,337.70784441530617,0.721,-19.110498963425265,332.2376049112721,1.2956274509020682,0.042790716314043395,6.25,19.445057557605885,330.4772945897861,0.9083226137293534
16,2015,LA_BR,LA_Care,Bronze,0.008616386744407616,220.87,279.7598893056608,-36.22876677865254,159.25732092593972,270.36756718410766,0.6,-181.5330531148563,93.3689778140857,0.46578177860653697,-0.1294995035513101,23.23509501895561,45.62108890020569,217.11195459898565,1.0173092513857913
16,2015,LA_G,LA_Care,Gold,0.006131982518142321,329.18,394.7653257993779,53.40494347402931,287.53141195111016,295.7392934251429,0.8640000000000001,-59.8298879315459,247.64831852016036,1.2878793612156392,0.13528276164044362,23.23509501895561,45.62108890020569,323.02903283429623,1.0190415304523388
16,2015,LA_P,LA_Care,Platinum,0.00791999968850652,365.88,433.11009516349935,224.09185178882865,324.42100215487426,163.39715447446503,1.035,338.9333164875548,527.1986636568497,2.8649695238362196,0.5174015897833871,23.23509501895561,45.62108890020569,358.8157927738037,1.0196875593785515
16,2015,LA_SIL,LA_Care,Silver,0.019362306908761985,278,361.9365236954613,30.12984671684903,261.0567954023832,286.18558807840657,0.721,-82.39594221525697,214.02692716127157,1.1131463691836332,0.08324621789814372,23.235095018946243,45.62108890020569,272.51865310186236,1.0201136576735128
16,2015,MOL_BR,Molina,Bronze,0.010149163587719777,211.5,269.5701584515994,-2.7245547646329697,165.4501863390651,247.19182821314655,0.6,-174.16085199879603,78.94972874851378,0.502974181735826,-0.010107034028850624,18.580063955006384,25.10288500308583,219.9454027813806,0.9616022764077724
16,2015,MOL_G,Molina,Gold,0.014409636915939824,290.16,369.227966003999,94.70704100473652,286.672898515006,249.41803999617662,0.8640000000000001,-64.31576010678822,195.57707532612096,1.3634546536880399,0.25650018342248426,18.580063955006384,25.10288500308583,299.03151688852694,0.9703325021361074
16,2015,MOL_P,Molina,Platinum,0.012354798394955891,345.38,419.3781743782709,152.55935377580187,334.4932313026029,241.7159355993832,1.035,30.564224915571824,284.9944438462135,1.8282040451880892,0.363775139233155,18.580063955006384,25.10288500308583,354.31867463140276,0.9747722170142411
16,2015,MOL_SIL,Molina,Silver,0.031568298211109326,259.38,350.5078954883127,103.25521700283424,260.54754582403785,222.14979348239265,0.721,-63.31533408577253,169.02596102952813,1.24221985469267,0.29458742108785724,18.580063954995182,25.10288500308583,267.5529457001389,0.9694529780685026
16,2016,ANT_BR,Anthem,Bronze,0.022635379697951416,245.32,304.56607314258093,-33.37741787557132,223.94120563675875,302.94773601762734,0.6,-111.64074181193659,206.26383261857598,0.6571775714897307,-0.1095900719708392,14,34.995755000524916,265.25627815182185,0.9248414465786512
16,2016,ANT_BR_HSA,Anthem,Bronze,0.0315990892382701,228.75,291.94121686570224,-84.12433891698129,206.44828853900626,341.0698007821586,0.6,-118.03690521273931,223.0328955694193,0.663816733953135,-0.2881550601869275,14,34.995755000524916,247.63787435304369,0.9237278449332985
16,2016,ANT_G,Anthem,Gold,0.00576478468091543,412.33,466.410945825418,83.46395356986352,329.40909176251154,347.9512372550296,0.8640000000000001,117.09589657479054,501.15861785956986,1.6747243832356593,0.17894938855295403,14,34.995755000524916,429.2720239769982,0.9605331281082832
16,2016,ANT_G3,Anthem,Gold,0.009319845913510103,351.78,415.4870946689182,199.90084565656264,292.44205116163954,180.59049401183063,0.8640000000000001,93.39330903821993,297.36130112517293,1.6526620833085446,0.4811240787535268,14,34.995755000524916,378.433910955823,0.9295678579953303
16,2016,ANT_P,Anthem,Platinum,0.004129915116838945,482.48,542.589579291506,341.03679226028316,219.413939514578,166.55703203069788,1.035,831.0158396683701,1075.5949849081037,4.032581355782528,0.6285354626706926,14,34.995755000524916,495.39185661157364,0.9739360741617973
16,2016,ANT_P3,Anthem,Platinum,0.00811677927946409,408.24,470.6759303278619,644.6780093256926,172.20380624559493,-208.99783399835565,1.035,779.0222494507597,618.6887967871539,3.9064741234175666,1.3696855262529037,14,34.995755000524916,433.95585242165595,0.9407408558309545
16,2016,ANT_SIL,Anthem,Silver,0.0258804265350001,327.22,394.38939448406035,47.0469021912345,291.31989471532233,312.34673729230093,0.721,27.029922940801512,365.3087972424246,1.2926366018669857,0.11929048511251474,14,34.995755000524916,342.8767417802734,0.954337113392466
16,2016,ANT_SIL3,Anthem,Silver,0.04731408623505408,278.35,365.0424045644714,116.92757596618307,265.49619598890945,213.1190735977634,0.721,11.604742954875228,244.22639662689005,1.3444308976920774,0.32031231030731416,14,34.995755000524916,299.4586267329966,0.9295107074947704
16,2016,BS_BR,Blue_Shield,Bronze,0.018051103316982457,271.97,326.40643130636585,17.113145093451152,246.68424156151733,266.2379065289844,0.6,-99.2931163826806,173.67538575895654,0.6662777136261966,0.05242894579300956,10.965179588820318,43.05537968393028,284.31944784571454,0.9565648852398732
16,2016,BS_BR_HSA,Blue_Shield,Bronze,0.017305604475988768,274.37,328.1135161174725,11.729920455988662,247.81490338402259,273.32821597755355,0.6,-98.42145853525625,174.90675744229728,0.6657633306101839,0.03574958019037859,11.711027972454604,43.05537968393028,286.6356603041531,0.9572081844557031
16,2016,BS_G,Blue_Shield,Gold,0.009115720796545705,401.89,458.7982715875093,159.22379835236646,308.1519647222474,256.51909355121256,0.8640000000000001,157.3580551505565,436.74974374040175,1.8204617403484764,0.3470453317128436,15.129536074457919,43.05537968393028,396.7920290840679,1.0128479670514046
16,2016,BS_P,Blue_Shield,Platinum,0.003616530117023852,512.36,565.1523492984612,602.5401062692171,205.19932113592384,-80.4431366546861,1.035,809.8487663085556,830.8834554078564,3.9389396979563434,1.066155182787732,19.90833365757677,43.05537968393028,493.12624729708347,1.0390037091076378
16,2016,BS_SIL,Blue_Shield,Silver,0.04247818903266824,317.53,394.58868465696685,70.96914088787017,287.8330236695059,280.5641640851664,0.721,33.765121805316156,331.6454121013208,1.3533135734675452,0.17985599599635438,13.140616769127977,43.05537968393028,318.87317848941336,0.9957877344975317
16,2016,HN_BR,Health_Net,Bronze,0.014472753469742064,256.21,313.3599714793002,-69.37131990523233,205.41275191017473,331.2731416881966,0.6,-136.35738799030636,210.9626856570964,0.5526994191817473,-0.22137900886876621,15.400261363442192,51.458149696335965,273.68588406343866,0.9361461986859801
16,2016,HN_G3,Health_Net,Gold,0.02564072019368767,293.22,372.9246087952703,37.19698905986667,250.88994494637012,284.26947003906764,0.8640000000000001,-1.7669937007947953,289.9844744739385,1.439350239855089,0.09974399163421051,18.108293696338997,51.458149696335965,305.5632448719358,0.9596049424167199
16,2016,HN_P3,Health_Net,Platinum,0.03866225537757437,323.99,404.45904856717067,189.8885497130758,233.34176426851053,163.1123491577589,1.035,347.26279589048437,523.8922863251522,2.680256325212513,0.4694877031080688,19.615559536846852,51.458149696335965,335.9802198650274,0.9643127209398096
16,2016,HN_SIL3,Health_Net,Silver,0.07031686467969485,254.85,352.2689623718705,19.21409870203064,215.24050362035257,281.5967139735039,0.721,-26.009680396293838,262.3561838286053,1.2836970481643835,0.054543830863382735,17.551637413200424,51.458149696335965,266.8252768345193,0.9551194063149191
16,2016,KA_BR,Kaiser,Bronze,0.0236837339426402,237.68,298.26076805910026,-30.581454094700554,234.51447793669413,310.1875743200367,0.6,-127.66503368161585,189.33649536326848,0.6110363107282778,-0.10253260693220254,6.25,18.654647833764137,267.722011214081,0.8877865474047323
16,2016,KA_BR_HSA,Kaiser,Bronze,0.02680241175704309,231.56,293.4649508276051,-40.05899807689597,227.4182541713006,314.8693010707369,0.6,-130.02405170127054,184.8452493694664,0.6131798938408948,-0.13650351758847168,6.25,18.654647833764137,260.60436974969343,0.8885499511094533
16,2016,KA_G,Kaiser,Gold,0.010079536881332967,371.55,428.840360874638,43.68639308523509,347.79541314536374,366.4993199556388,0.8640000000000001,8.627726326811793,392.6788048272275,1.3402422493812447,0.10187099226419558,6.25,18.654647833764137,412.94792433637383,0.899750254459077
16,2016,KA_P,Kaiser,Platinum,0.014179904095635439,402.17,462.8281376736551,40.693325924499696,391.21109519814115,403.48016391539124,1.035,-14.067793892175978,407.91102971752156,1.4272686347384766,0.08792318921887368,6.25,18.654647833764137,444.2071250861869,0.9053659369420725
16,2016,KA_SIL,Kaiser,Silver,0.03059526805683446,312.11,383.42551064402227,34.318021340769086,307.6828891150087,330.45284146948904,0.721,17.640632224823594,367.023528435455,1.2829912428848278,0.0895037507627666,6.25,18.654647833764137,349.96075282340485,0.8918428637553398
16,2016,LA_BR,LA_Care,Bronze,0.006843742082606571,231.59,294.56029418649877,-21.549624574954038,182.1120480774056,270.4609240381362,0.6,-171.83652765918472,103.1763616927325,0.4669225332315789,-0.07315861981489619,25.304666853742685,45.64899472331658,227.6345939859809,1.0173761199682272
16,2016,LA_G,LA_Care,Gold,0.008530581749631883,312.15,387.03527410617335,48.45046810417219,279.84385162973297,292.9358112786846,0.8640000000000001,-32.3791566969388,272.579942669469,1.3012888029129333,0.12518359784147484,25.304666853742685,45.64899472331658,306.4212087930525,1.0186958051288695
16,2016,LA_P,LA_Care,Platinum,0.008493735175754285,361.23,433.8200870489834,254.0741984074161,320.69934537241795,134.09689391825071,1.035,431.2614856566427,591.4444334145322,2.8819346275547444,0.5856672062737568,25.304666853742685,45.64899472331658,354.3798612118185,1.0193299324762901
16,2016,LA_SIL,LA_Care,Silver,0.029613093827414835,262.18,355.2690815273316,20.53411231596661,251.88559641242884,289.0859744880484,0.721,-62.08019174750078,237.4821138567623,1.1308937957246155,0.05779875982364899,25.304666853742685,45.64899472331658,257.3744837356149,1.0186713002572607
16,2016,MOL_BR,Molina,Bronze,0.014308755976780769,190.54,249.63180265977948,-35.744629863984585,136.5354646208734,260.421891087132,0.6,-171.10556127604306,92.37559014571225,0.5021239017788248,-0.1431894072915884,24.85747947275385,24.95454143663207,203.41274088809428,0.9367161524303136
16,2016,MOL_G,Molina,Gold,0.02638398991428451,264.55,354.9586423197136,99.94735162457286,266.8217266083283,230.05674925850866,0.8640000000000001,-39.62049614066005,195.49625776835836,1.3929401346472214,0.2815746391506355,24.85747947275385,24.95454143663207,280.568826318946,0.9429058939686477
16,2016,MOL_P,Molina,Platinum,0.02263734973032308,318.53,404.9356397998206,235.75540700039656,313.9401476999649,144.225691362792,1.035,75.22031292865537,224.75655849228835,1.8600439807546298,0.5822046365613606,24.85747947275385,24.95454143663207,336.53128745026515,0.9465093198714086
16,2016,MOL_SIL,Molina,Silver,0.06209095661354417,235.51,336.5005037402216,58.781830817086046,241.3060496069268,252.76413148650346,0.721,-41.875294998309826,217.22521621911795,1.2746738428428614,0.17468571417790693,24.857479472752217,24.95454143663207,250.28883417841996,0.9409528825889021
16,2016,OSC_BR,Oscar,Bronze,0.012860562834356036,227.36,290.5439087907807,-76.04424529711615,142.91326339307852,287.2465209789184,0.6,-163.68108737978835,129.61797412686602,0.5013207297756797,-0.2617306472319654,12.5,79.34163310897843,237.83281973298855,0.9559656243207046
16,2016,OSC_G,Oscar,Gold,0.00933476016298371,333.56,401.6187413513431,11.795626569342247,257.850357644802,310.4814816730224,0.8640000000000001,59.847647286202935,389.1933501124956,1.567188579114214,0.029370209491850447,12.5,79.34163310897843,347.4444165245272,0.9600384525864238
16,2016,OSC_P,Oscar,Platinum,0.011246838784186268,373.58,442.27099538130864,243.6660992490498,290.0119655783597,119.26326302328039,1.035,607.0606181106399,763.3221436355017,3.409050381791455,0.550942977933632,12.5,79.34163310897843,388.16847984986117,0.962417144597872
16,2016,OSC_SIL,Oscar,Silver,0.01984327532689352,298.37,376.7849883769055,-3.607073072877526,243.27345909140547,301.0504283408046,0.721,-13.300634040018878,302.1056885663661,1.209238309279117,-0.009573292949955053,12.5,79.34163310897843,310.9991768710835,0.9593916067619737
16,2017,ANT_BR,Anthem,Bronze,0.014634952007994596,296.2,353.1800656252408,-30.420991516839962,260.7494864217987,346.5128880445098,0.6,-104.76913881160785,241.74374923290196,0.6440083989367934,-0.08613450893097592,10.5,37.088169097570955,299.5828221887004,0.9887082237760293
16,2017,ANT_BR_HSA,Anthem,Bronze,0.016329775829742085,290.13,349.21143430155337,-58.359923132510545,256.9068533271861,370.48318833649296,0.6,-107.20791551393117,263.2752728225618,0.6455412328064339,-0.16711916449481204,10.5,37.088169097570955,293.94530716004124,0.9870203501566229
16,2017,ANT_G,Anthem,Gold,0.001737016233038805,531.66,586.5540990885055,155.2837780662592,422.5299547895752,394.18215192467534,0.8640000000000001,188.91403607251,583.0961879971853,1.750400435211314,0.2647390552850409,10.5,37.088169097570955,510.94308898027765,1.0405464159639939
16,2017,ANT_G3,Anthem,Gold,0.011161720394204901,369.64,442.018450268126,199.08821310614152,319.43284627566516,205.84206806441352,0.8640000000000001,120.80043826256968,326.6425063269832,1.6529322935762263,0.45040702030735524,10.5,37.088169097570955,389.5909743372012,0.9487899472744635
16,2017,ANT_P,Anthem,Platinum,9.423056396672864e-4,632.46,711.2457727716992,256.3800946066053,381.7708102033167,417.77750906752294,1.035,1080.322624741659,1498.100133809182,4.329106941838282,0.36046624728256915,10.5,37.088169097570955,604.323066214455,1.0465594238555178
16,2017,ANT_P3,Anthem,Platinum,0.006762173733202527,445.09,513.4353723902642,691.8040627232186,244.64455848095795,-215.45685943052536,1.035,924.2921915083886,708.8353320778632,3.938204560910499,1.3474024189306841,10.5,37.088169097570955,464.375546901412,0.9584699344526287
16,2017,ANT_SIL,Anthem,Silver,0.006904340952301174,420.63,468.76409090294663,100.7796862111069,357.16786044001935,330.8962355942688,0.721,66.58716170140335,397.48339729567215,1.264416520536898,0.21499020118410142,10.5,37.088169097570955,398.6929583672539,1.0550223954859492
16,2017,ANT_SIL3,Anthem,Silver,0.04956515079445791,302.04,399.1689061788935,121.44832615883229,299.99400336921326,240.63241092249027,0.721,25.428936834347688,266.06134775683796,1.3360964898645826,0.3042529723104319,10.5,37.088169097570955,317.73700009328644,0.9505975064639062
16,2017,BS_BR,Blue_Shield,Bronze,0.012128881404890197,324.11,377.1201816958156,55.81988466293698,284.92621705720904,277.447211105541,0.6,-92.48599365518433,184.96121745035663,0.6590906672658317,0.14801616930690067,9.186575885381478,43.85308592733761,336.3480584896855,0.9636148977798819
16,2017,BS_BR_HSA,Blue_Shield,Bronze,0.014286166296484888,313.9,369.81596574393905,33.74467010087532,279.3432665800965,292.2182097157261,0.6,-96.05926927631208,196.15894043941404,0.6597594082830414,0.09124719651568576,8.882738864847791,43.85308592733761,326.37836546638385,0.9617671794864445
16,2017,BS_G,Blue_Shield,Gold,0.0048635878156793695,473.27,539.2270260998212,211.11654828141522,362.2577980228366,284.2573918910683,0.8640000000000001,217.48185032095245,501.73924221202077,1.8728321604896345,0.3915170013053714,12.038572376823792,43.85308592733761,465.90760629472845,1.0158022612333446
16,2017,BS_G3,Blue_Shield,Gold,0.00483492171055447,434.48,502.87862461821493,251.69071851412,336.5338043612411,207.33482017675735,0.8640000000000001,199.62133475714475,406.9561549339021,1.8405178898877614,0.5004999341644386,10.158714747303343,43.85308592733761,422.5675538928863,1.0281906312904785
16,2017,BS_P,Blue_Shield,Platinum,0.0017160380592271746,605.64,687.2304746291994,733.128275637453,278.26715736371295,-89.75088693559121,1.035,1015.4888570460763,925.7379701104851,4.164357929768184,1.0667866206501075,15.850102132998535,43.85308592733761,587.3886921183047,1.0310719428661037
16,2017,BS_P3,Blue_Shield,Platinum,0.0022083190314992037,536.94,614.8639988421116,867.6620528491991,225.6243538969588,-296.65113993442503,1.035,961.8152771753182,665.1641372408932,4.030426108902583,1.4111446669233312,13.110363776402421,43.85308592733761,510.9518262603368,1.0508622778195569
16,2017,BS_SIL,Blue_Shield,Silver,0.01926583101388969,381.22,451.79397899553777,100.13387935075414,338.1939448001128,307.807013717446,0.721,63.48264890836775,371.2896626258138,1.3222641278159157,0.22163615277339305,10.726105412356278,43.85308592733761,380.07396955921615,1.0030152826359378
16,2017,BS_SIL3,Blue_Shield,Silver,0.01751866152887627,358.23,438.27132554140263,48.65888250138668,325.95382179319495,345.75935711267834,0.721,55.233076359421865,400.99243347210023,1.3335746299896714,0.11102456324578773,10.000262953113937,43.85308592733761,350.9439593134934,1.0207612654190126
16,2017,HN_BR,Health_Net,Bronze,0.009352229260723523,310.15,361.2850104998572,-94.91813613326846,253.20888100212105,406.39852747301205,0.6,-130.60092439924307,275.797603073769,0.5403831886895436,-0.26272370393098826,18.2912574614244,49.80461916011361,331.6880703090459,0.9350652850161958
16,2017,HN_G3,Health_Net,Gold,0.010029770321549945,364.33,430.43938547940127,118.46805509532234,312.3909113436047,262.1667112239653,0.8640000000000001,37.1846164655082,299.3513276894735,1.3940018633892173,0.27522587172960183,22.828895561986588,49.80461916011361,360.2925726555583,1.0112059688454957
16,2017,HN_P3,Health_Net,Platinum,0.012005565193589841,403.94,465.82230717538914,314.7395312310418,307.45543709334135,101.27815678423377,1.035,433.77623659256443,535.0543933767982,2.5973201410106306,0.6756643603856816,25.31943432253565,49.80461916011361,398.3511779327936,1.014029887136795
16,2017,HN_SIL3,Health_Net,Silver,0.05808143806011659,289.12,390.8961266803585,69.90096462906476,280.6902391036498,271.19054289118014,0.721,-10.967757239891387,260.22278565128875,1.2540376186695643,0.17882235166332,20.285692291843255,49.80461916011361,286.7029643505136,1.0084304522451029
16,2017,KA_BR,Kaiser,Bronze,0.03822852265156074,243.22,317.23760483803136,-42.445199942339904,259.70465663906293,341.17094827970004,0.6,-142.68495214044302,198.485996139257,0.6162335591987218,-0.13379624387219385,6.25,18.51185650067122,274.2689470001971,0.8867937936839244
16,2017,KA_BR_HSA,Kaiser,Bronze,0.036705901349323423,245.22,318.9890458972499,-41.87101989436831,262.27833232991935,342.348209290947,0.6,-141.96691291882692,200.3812963721201,0.6156367983615966,-0.1312616230334613,6.25,18.51185650067122,276.6466674670138,0.8864014240447665
16,2017,KA_G,Kaiser,Gold,0.012443230624989941,388.7,455.256901431266,-24.912951054323507,369.2760304407595,461.6579959849183,0.8640000000000001,23.15781648888224,484.8158124738005,1.3420576970656937,-0.05472284105084528,6.25,18.51185650067122,438.0532184867983,0.8873351081467156
16,2017,KA_G_COIN,Kaiser,Gold,0.017298892736368365,371.41,442.2133054502894,-68.8706981747415,358.3414429242238,492.5721471243597,0.8640000000000001,15.630723127283584,508.2028702516433,1.341273095276289,-0.15574089998177018,6.25,18.51185650067122,419.65320279715115,0.8850403083412888
16,2017,KA_P,Kaiser,Platinum,0.014578008257853287,429.01,497.9437013120364,9.082479068810933,423.6777469750707,470.34936574255426,1.035,5.95907759507946,476.3084433376337,1.4373751641990482,0.01823997179777438,6.25,18.51185650067122,480.96380503689284,0.8919798028608251
16,2017,KA_SIL,Kaiser,Silver,0.033979340404895565,335.37,415.2496326382557,-9.838802113720867,329.972740317824,406.57657825130536,0.721,31.498763864203625,438.075342115509,1.2752029965859328,-0.023693704558414214,6.25,18.51185650067122,382.7524736829373,0.8762059635382323
16,2017,LA_BR,LA_Care,Bronze,0.009466608344135458,241.65,315.92941442643115,-33.72317210056605,200.2198808675311,305.0175792616657,0.6,-190.4520243111809,114.5655549504848,0.46861714264846804,-0.10674274239956531,34.06321116482316,44.63500726533153,237.6434541761672,1.0168594832023554
16,2017,LA_G,LA_Care,Gold,0.01290802088973048,318.57,407.11270607542593,33.85790286233071,297.5378902111476,328.6197959477637,0.8640000000000001,-27.464428423341573,301.1553675244221,1.310887511970007,0.08316592028954715,34.06321116482316,44.63500726533153,312.8997605398118,1.018121584530477
16,2017,LA_P,LA_Care,Platinum,0.011896823507242082,370.34,454.60138162408373,273.0985297225199,333.4306396758328,136.8678446362323,1.035,510.2365680832598,647.1044127194921,2.8972691883215482,0.6007428502457762,34.06321116482316,44.63500726533153,363.5368019616857,1.0187139183752607
16,2017,LA_SIL,LA_Care,Silver,0.04328847566903379,270.49,381.0942696314287,0.9508296969272507,259.0115862310807,335.5084326691699,0.721,-64.39652356298832,271.1119091061816,1.145189373026173,0.0024949986727610353,34.06321116480065,44.63500726533153,265.56874830808414,1.018530989520675
16,2017,MOL_BR,Molina,Bronze,0.02109749676150967,200.57,269.0356159493433,-40.82915234450305,152.4616688034974,284.0809859819464,0.6,-188.03708023769545,96.04390574425095,0.5039348527770825,-0.15176114210912048,21.33110479905525,25.783782311899948,210.3002158024045,0.9537317840341786
16,2017,MOL_G,Molina,Gold,0.030251499678764608,287.13,388.793417241821,111.02728226242269,292.51066796603993,251.98235266749833,0.8640000000000001,-28.53222260014226,223.45013006735607,1.3906336823084708,0.2855688325437006,21.33110479905525,25.783782311899948,299.54011992880817,0.9585694232486864
16,2017,MOL_P,Molina,Platinum,0.03250600654407434,331.8,432.3134049628901,234.73418116723948,327.0997036480648,171.79544148375064,1.035,101.38585456881887,273.1812960525695,1.8723192579461176,0.5429722476160301,21.33110479905525,25.783782311899948,345.0732445961275,0.9615349935006916
16,2017,MOL_SIL,Molina,Silver,0.07621302587762013,256.16,373.1669806691471,75.78528539976688,274.40981256126764,271.5979129574803,0.721,-35.93226295086432,235.66565000661598,1.2776221299044388,0.20308679311302394,21.331104799054653,25.783782311899948,268.1000634809637,0.9554641527273959
16,2017,OSC_BR,Oscar,Bronze,0.013052989136175485,255.78,327.42981644747607,-43.5427423639122,187.0936071481013,291.6860471583157,0.6,-173.87670614631978,117.80934101199595,0.4984554757729571,-0.13298343698915097,12.5,79.28651165307255,267.93841191621215,0.9546223632914036
16,2017,OSC_G,Oscar,Gold,0.0059678087419743,385.13,454.12056392696644,71.23950755070334,305.3110231033552,303.59454472319055,0.8640000000000001,96.567969800895,400.16251452408557,1.5642748026014806,0.1568735556361204,12.5,79.28651165307255,391.48204834342937,0.9837743560137475
16,2017,OSC_P,Oscar,Platinum,0.005596618647519129,437.52,507.34537865042864,384.52045796433435,339.394798437903,43.53840903302171,1.035,736.9829740290024,780.5213830620241,3.433733842772818,0.7579066926502485,12.5,79.28651165307255,441.7357911191823,0.9904563062266221
16,2017,OSC_SIL,Oscar,Silver,0.017148074399636427,332.44,415.45677667127956,73.19717399639515,284.01611538354587,262.97309102181185,0.721,0.3008494006074193,263.2739404224193,1.191000371262756,0.17618481176998757,12.5,79.28651165307255,340.45217907966367,0.9764660660967928
16,2018,BS_BR,Blue_Shield,Bronze,0.015269244351471917,367.38,440.9088450363315,71.04395488452298,351.95892911023736,325.4803484377461,0.6,-81.47374975136353,244.0065986863826,0.6806232905631707,0.16113070918019087,5.614173098286202,44.38454171406244,354.4168638038877,1.0365759576363875
16,2018,BS_BR_HSA,Blue_Shield,Bronze,0.01688132698951355,361.46,437.4708531445371,14.99526436899685,349.0685099520726,378.0910470614778,0.6,-83.79189172446856,294.29915533700927,0.6813539297429616,0.03427717357901905,5.498398104243945,44.38454171406244,349.33789119874734,1.0347002403880547
16,2018,BS_G,Blue_Shield,Gold,0.0027373411111260623,577.43,672.8687825652228,301.9618421041271,459.66224543809824,326.52239874703326,0.8640000000000001,279.1775365799563,605.6999353269896,2.0030243153620177,0.4487677983111918,8.069897860694992,44.38454171406244,522.4960875571421,1.1051374617936256
16,2018,BS_G3,Blue_Shield,Gold,0.004945556448388186,494.21,584.5703022246812,22.954979136380125,408.94328468591465,517.2307813742386,0.8640000000000001,241.44190199788824,758.6726833721269,1.9134995222400197,0.03926812403747003,11.563314453811403,44.38454171406244,463.960319041935,1.065198853687595
16,2018,BS_P,Blue_Shield,Platinum,6.710729899369843e-4,772.22,919.640414921947,939.065941347909,432.5502631128323,-63.81006814002444,1.035,1143.1132210516046,1079.3031529115801,4.45074080936842,1.0211229586159616,11.136415500779998,44.38454171406244,702.9965651805479,1.0984690939445396
16,2018,BS_P3,Blue_Shield,Platinum,0.001037812151770869,664.98,778.4405314056274,1033.7539280318015,317.6034335719164,-299.6979383402363,1.035,1100.8725522558016,801.1746139155653,4.313904016442683,1.3279806052302485,15.599712746462341,44.38454171406244,621.2082939947919,1.0704622047521715
16,2018,BS_SIL,Blue_Shield,Silver,0.007116198318339084,502.86,576.1932800855246,200.04580052673032,450.19964493488317,331.7629378447319,0.721,109.5415713318078,441.3045091765397,1.3656601680514209,0.347185237038928,7.617902550184273,44.38454171406244,451.28117401651485,1.1142942115763899
16,2018,BS_SIL3,Blue_Shield,Silver,0.0233637863218405,418.14,531.7339725721009,241.26348107695225,421.2938987004593,246.0859497810862,0.721,77.18719754888642,323.27314732997263,1.3828122526563085,0.4537296722079158,11.877264888898644,44.38454171406244,394.04629495050295,1.0611443512050367
16,2018,HN_BR,Health_Net,Bronze,0.027621346046742577,311.25,404.32885707030294,-17.66674978221711,284.80386359202834,371.9679275734557,0.6,-142.4895988582784,229.4783287151773,0.5693386450779128,-0.04369401162763234,11.815808603717633,50.027679279064344,321.2013970874709,0.9690182011108721
16,2018,HN_G,Health_Net,Gold,0.0032105194074101883,526.48,607.8719445136672,66.48409388304366,455.30886115963835,491.36017135155925,0.8640000000000001,109.19055379269541,600.5507251442547,1.506818636093296,0.10937187426248925,11.815808603717633,50.027679279064344,510.93753171896685,1.0304195078970673
16,2018,HN_G3,Health_Net,Gold,0.02302755470417532,385.53,500.47574321118765,172.41572127710413,373.36752766146867,278.0323426550192,0.8640000000000001,45.53960624406126,323.57194889908044,1.473758494295065,0.344503652006865,11.815808603717633,50.027679279064344,397.9820853004497,0.9687119451845446
16,2018,HN_P,Health_Net,Platinum,9.866334133173996e-4,671.97,788.4020864814652,-141.16746661904295,545.418646655686,879.5418738214438,1.035,617.4467958305548,1496.9886696519986,3.0212670230989542,-0.17905516618944375,11.815808603717633,50.027679279064344,653.2293658246082,1.028689209573018
16,2018,HN_P3,Health_Net,Platinum,0.010305782849665662,471.79,570.8315573674299,403.5347352502594,377.5529453081783,117.26914283810618,1.035,498.8326656626198,616.101808500726,2.7460365285072936,0.7069243633118101,11.815808603717633,50.027679279064344,469.74269794637684,1.0043583477988558
16,2018,HN_SIL,Health_Net,Silver,0.010684889842574263,457,537.7328716314556,12.592437247746247,410.3415632187868,475.11275510464503,0.721,44.68954994878987,519.8023050534349,1.1995079856758837,0.02341764454447689,11.815808603718478,50.027679279064344,428.84262057241665,1.0656590042053167
16,2018,HN_SIL3,Health_Net,Silver,0.09301663255223454,344.1,493.88787160967024,155.15056078284482,341.5574297185346,288.7096315477611,0.721,1.759061980572002,290.4686935283331,1.3053068927659475,0.3141412650551247,11.815808603718478,50.027679279064344,354.364451525544,0.9710341952152498
16,2018,KA_BR,Kaiser,Bronze,0.06263677366477204,266.47,348.3859890042382,-1.1559604356508686,231.4332764629437,330.5220452456007,0.6,-130.85066344276086,199.67138180283982,0.611706555216457,-0.0033180451342341615,6.25,19.019904194288372,293.44614858643143,0.9080712126692443
16,2018,KA_BR_HSA,Kaiser,Bronze,0.06321772920072237,265.78,347.4548891112033,-7.328711444749516,227.8691141400231,335.7636963616644,0.6,-130.92171964480823,204.84197671685618,0.6114028662991853,-0.021092555247953223,6.25,19.019904194288372,292.67527199223304,0.9081054172798486
16,2018,KA_G,Kaiser,Gold,0.02390877783993264,414.74,514.7726496848957,-42.859975120646666,397.04271687147184,538.612720611254,0.8640000000000001,38.0627292632005,576.6754498744544,1.3934607524965816,-0.08326000836851424,6.25,19.019904194288372,461.72324965667036,0.8982436996802602
16,2018,KA_G_COIN,Kaiser,Gold,0.037410920059762785,394.06,503.50677233893725,47.835227316272196,388.9908999365124,436.6516408283767,0.8640000000000001,27.65827358955754,464.30991441793424,1.4015989700266294,0.09500413886006633,6.25,19.019904194288372,439.63335272419454,0.8963378177706524
16,2018,KA_P,Kaiser,Platinum,0.028410677211432655,455.24,557.295614367662,-110.35771473239318,455.64686694975114,648.6334249057668,1.035,24.4437938193991,673.0772187251658,1.4911359435500562,-0.19802365546624848,6.25,19.019904194288372,504.57316411328793,0.9022279272422591
16,2018,KA_SIL,Kaiser,Silver,0.031989197617955,409.47,514.7702085589783,78.7482563093021,407.77261136187724,417.00204805538783,0.721,57.05079021005994,474.05283826544775,1.3094169618256801,0.1529774936466234,6.25,19.019904194288372,456.842973876327,0.8963035953593292
16,2018,LA_BR,LA_Care,Bronze,0.01444085064649314,267.56,349.60848524392895,-0.513758684298459,200.57684783690203,304.68551429896087,0.6,-178.257100894593,126.42841340436784,0.46499642856369816,-0.001469525786652458,36.16442176536633,45.436729629266544,261.2093021128677,1.0243126788968189
16,2018,LA_G,LA_Care,Gold,0.02377044700914168,352.59,484.03418716844646,74.04671725250228,371.9287764730307,364.55074028667764,0.8640000000000001,-14.33722169168898,350.21351859498867,1.3801399304511848,0.1529782796658816,36.16442176536633,45.436729629266544,343.09544410399707,1.0276732205547008
16,2018,LA_P,LA_Care,Platinum,0.01778618694067162,411.71,532.2455380886125,313.6880552843112,402.8660718135534,173.1207531750348,1.035,566.8764285148227,739.9971816898575,3.0248857402768743,0.589367186450863,36.16442176536633,45.436729629266544,400.08024600350643,1.029068553403138
16,2018,LA_SIL,LA_Care,Silver,0.04628712874489053,339.24,490.3388529698362,96.93891681438714,381.02543891175713,347.9632065261825,0.721,-44.43310529271437,303.5301012334681,1.1762231604961704,0.19769780882599255,36.16442176536626,45.436729629266544,330.456276662485,1.0265805916178325
16,2018,MOL_BR,Molina,Bronze,0.01724920315606394,263.67,346.3470763040241,45.76239848469292,208.8649470677886,273.59144782173007,0.6,-167.77474277219955,105.81670504953055,0.5026697958465915,0.13212872755571525,20.45057284480073,26.993229997601095,272.3347615093033,0.9681834171250031
16,2018,MOL_G,Molina,Gold,0.007719110996151589,406.05,512.0654558381381,291.2433603896852,424.92642960922274,193.82886545085177,0.8640000000000001,26.94730239432217,220.77616784517394,1.3823327069003282,0.5687619757770697,20.45057284480073,26.993229997601095,421.2805911162775,0.963846919517653
16,2018,MOL_P,Molina,Platinum,0.005651981968759623,470.21,570.7973091824209,447.9308513880739,470.8449838740413,95.87322779674594,1.035,178.3823111179014,274.25553891464733,1.8917872945366099,0.7847459057395798,20.45057284480073,26.993229997601095,488.4249127120625,0.9627068312078491
16,2018,MOL_SIL,Molina,Silver,0.014721855281239477,390.48,511.3694712131361,272.11302730563295,437.9050622445455,212.26321390990205,0.721,10.876047243212172,223.13926115311423,1.2187254316146992,0.5321260705299665,20.450572844793037,26.993229997601095,405.51996793019305,0.9629118930765401
16,2018,OSC_BR,Oscar,Bronze,0.02916739145861793,263.86,345.99163907539287,7.28373879858195,169.4494926379881,281.7229498933276,0.6,-168.65020104062134,113.07274885270628,0.4981911838161467,0.021051776910120064,12.5,56.98495038348331,270.416123415361,0.9757554271078328
16,2018,OSC_BR_HSA,Oscar,Bronze,0.03139045764349098,257.84,337.27100674220003,-10.329237537307975,153.07611431471088,290.6152938960247,0.6,-168.71027245995379,121.90502143607092,0.4955165289493843,-0.030625927906110646,12.5,56.98495038348331,264.4530954136075,0.974993314397532
16,2018,OSC_G,Oscar,Gold,0.004571882072480728,459.89,547.4954475962242,184.13804873481217,409.22076282179705,306.3724484779287,0.8640000000000001,138.2801428922741,444.6525913702028,1.62699827885788,0.3363279996998501,12.5,56.98495038348331,460.8997488364095,0.9978091790265481
16,2018,OSC_P,Oscar,Platinum,0.0026094552316804206,542.29,636.5478458062108,456.2686079966599,458.9714186479843,123.29428742606763,1.035,852.9812329895394,976.275520415607,3.6532013041626654,0.7167860373775662,12.5,56.98495038348331,542.1036327386374,1.000343785302491
16,2018,OSC_SIL,Oscar,Silver,0.012802664340178438,417.1,519.8815131793874,173.83009729078896,411.0912999011154,289.06646550511516,0.721,28.046480388876667,317.1129458939918,1.2128895425752624,0.334364836763888,12.5,56.98495038348331,418.088122667686,0.9976365684311215
17,2014,ANT_BR,Anthem,Bronze,0.029004563330172192,218.72,288.0491613405494,-11.271080719245532,192.1940242192798,264.3382320700214,0.6,-128.54802237771548,161.625450347712,0.7282456936507127,-0.03912901765376143,16.5,34.98200998977356,238.78090289596372,0.9159861502630124
17,2014,ANT_BR_HSA,Anthem,Bronze,0.028300833463966463,220.2,289.84192961771896,-52.57577711987145,195.77766302447523,307.43569674781685,0.6,-128.33865254463592,179.09704420318093,0.7285038156393621,-0.1813946560085878,16.5,34.98200998977356,240.40339230241494,0.9159604525172418
17,2014,ANT_G,Anthem,Gold,0.013375032067848208,351.72,429.47716924285504,86.84446150403042,319.31333144283076,307.65069774905106,0.8640000000000001,31.512473588857624,396.8645118214557,1.7742354688925364,0.20220972783520133,16.5,34.98200998977356,377.1074338153343,0.9326785113767706
17,2014,ANT_G3,Anthem,Gold,0.0106391068920638,334.71,416.2815909470155,271.1460010337821,313.4700229728045,110.15357992345977,0.8640000000000001,28.079830066244142,225.66809867861625,1.7898386328635563,0.6513523704397817,16.5,34.98200998977356,348.9010623503001,0.9593263997114112
17,2014,ANT_P,Anthem,Platinum,0.01190992347666299,407.85,485.0219149980576,246.84961285999069,216.12232616797363,203.19029214829334,1.035,575.4462998486852,848.0834807375163,4.120356945821459,0.5089452769592469,16.5,34.98200998977356,433.7489819674643,0.9402903913457323
17,2014,ANT_P3,Anthem,Platinum,0.011066756584937647,382.57,463.5625596225023,623.7669462285019,205.27805940294093,-195.1863965957732,1.035,576.3969623289083,481.4279686376749,4.158151869749277,1.3455938864787969,16.5,34.98200998977356,394.72597234348115,0.9692040220426557
17,2014,ANT_SIL,Anthem,Silver,0.03537732134983057,292.57,374.2233471749311,43.95746338081372,275.887550240299,295.28387380434384,0.721,-17.964809755506504,293.4911683220335,1.4209132308159833,0.11746317730482421,16.5,34.98200998977356,315.6313919413501,0.9269356834264593
17,2014,ANT_SIL3,Anthem,Silver,0.03789246757995308,267.47,356.93281338561934,117.7162968632525,261.29645973843674,204.2345065325933,0.721,-25.349758536603936,182.54387652159937,1.4526383489625958,0.3297995937853867,16.5,34.98200998977356,279.52863190571867,0.9568608345288011
17,2014,BS_BR,Blue_Shield,Bronze,0.03747473545626786,220.23,291.71163418316,10.182401370631517,179.8717657105987,240.5644327354521,0.6,-126.30521542091545,125.0970384216056,0.7463161931771378,0.03490570884889078,11.028824056034942,40.9648000770764,257.24004469860654,0.8561264256427529
17,2014,BS_BR_HSA,Blue_Shield,Bronze,0.0397528595493218,216.61,287.2406533031328,0.7554601833699408,171.95476940052254,245.52039304268644,0.6,-126.80165714630316,118.71873589638328,0.7455149947603796,0.0026300601070304744,10.734232627670249,40.9648000770764,253.07033243156326,0.8559280652092119
17,2014,BS_G,Blue_Shield,Gold,0.03904564617075058,313.94,402.1164599315157,119.28271792676725,254.24540978723144,241.86894192767204,0.8640000000000001,59.955928902577455,336.99756954830366,1.9768451534994402,0.296637242720883,14.606651408451292,40.9648000770764,359.3709350564826,0.8735820551282418
17,2014,BS_P,Blue_Shield,Platinum,0.042259108233148227,359.73,445.93116533578245,399.35906157504957,118.597316072284,5.6073036836564825,1.035,543.6856096867502,636.1875036853074,4.068142091099575,0.8955621239756488,16.50113034265812,40.9648000770764,406.653361597191,0.8846109093678888
17,2014,BS_SIL,Blue_Shield,Silver,0.08921564294466694,266.6,360.85017521492466,66.79493031812285,239.17577107115096,253.0904448197254,0.721,-18.306685083785542,262.6816880135713,1.5067770835970626,0.18510433112119,13.037606260318814,40.9648000770764,306.599014087917,0.8695396519558041
17,2014,HN_BR,Health_Net,Bronze,0.019264345453582143,229.45,300.5224419596214,-46.65798604893541,192.0011292402629,297.9591400941042,0.6,-151.6588077373221,146.30033235678212,0.6135933932981193,-0.15525624557251683,19.750223938453793,49.2212879144526,250.169837060057,0.9171769174751354
17,2014,HN_G3,Health_Net,Gold,0.028314407678503347,281.07,375.59052026902015,51.45689083296003,271.12101366516964,274.9123415216075,0.8640000000000001,-49.091758239841425,225.8205832817661,1.5820761062129887,0.1370026346674127,19.750223938453793,49.2212879144526,278.3102282816504,1.0099161706538387
17,2014,HN_P3,Health_Net,Platinum,0.03812734575951189,317.11,413.39943611839306,192.15277422930444,268.1832007326763,172.025373974636,1.035,235.61442967395124,407.63980364858725,2.920102353503862,0.4648114086306446,19.750223938453793,49.2212879144526,312.8434490865505,1.013637974283646
17,2014,HN_SIL3,Health_Net,Silver,0.05408915024013532,246.12,340.80919570503966,31.327912330141146,229.6576591696704,260.2599954604459,0.721,-58.332152922699386,201.92784253774653,1.3628603688413856,0.09192214507396841,19.75022393846141,49.2212879144526,243.23306345910757,1.0118690136112098
17,2014,KA_BR,Kaiser,Bronze,0.024895107830117242,222.7,292.86021420477203,3.235253475004953,207.52270556399176,271.76522904033595,0.6,-139.38061246924337,158.2533398949052,0.675968373796477,0.011047091131138822,6.25,17.85973168943113,249.39548978657075,0.8929592118549682
17,2014,KA_G,Kaiser,Gold,0.008887108152906529,368.33,441.8628838365039,109.01145838304726,366.4014148936901,314.9916937640255,0.8640000000000001,-41.72220079727791,300.0395814150928,1.4303995854232388,0.2467087921858202,6.25,17.85973168943113,406.95607536316345,0.9050853944650072
17,2014,KA_P,Kaiser,Platinum,0.013505772674640471,396.14,473.5909381107245,101.75804246187121,405.91003962995853,353.97316395942215,1.035,-71.75578072817315,306.9427865787269,1.514991349915447,0.21486484278565401,6.25,17.85973168943113,435.7266211112285,0.9091480318318141
17,2014,KA_SIL,Kaiser,Silver,0.02347225562822525,302.97,381.18315460509615,82.8084259517602,311.70056927111636,280.5149969639048,0.721,-18.972233180971617,295.6832581804824,1.3917859507474024,0.2172405179802589,6.25,17.85973168943113,336.8966045566472,0.8992966859927416
17,2014,MOL_BR,Molina,Bronze,0.007656954191401879,203.96,269.16396340656047,20.449204180858214,151.5373415795271,224.62346062807552,0.6,-167.1706209719088,63.64290646842799,0.5515237347759325,0.07597303859718613,0,24.091298597626736,211.6790288663174,0.9635342768357454
17,2014,MOL_G,Molina,Gold,0.011847827672731709,285.2,378.44900926600786,119.29192550901509,301.7383784627857,235.06578515936604,0.8640000000000001,-66.82213749955967,180.45768982572065,1.4932792962080665,0.3152126775027862,0,24.091298597626736,293.14484852332276,0.9728978743329659
17,2014,MOL_P,Molina,Platinum,0.009684862340398843,342.13,430.93947472571307,185.17225324080442,354.3208582227169,221.6759228872819,1.035,19.098098480975793,240.77402136825768,1.9787854017159525,0.42969434015916963,0,24.091298597626736,350.01472265835713,0.9774731685613886
17,2014,MOL_SIL,Molina,Silver,0.014063749607201349,261.84,353.0152552334724,131.88162938776713,269.97505758528627,197.0423272480785,0.721,-58.18114330794205,150.11449538440658,1.320660911610653,0.3735862046543713,0,24.091298597626736,269.0405457578653,0.9732362059496201
17,2015,ANT_BR,Anthem,Bronze,0.02571728200845509,236.39,315.7978978617697,-44.85339565987894,236.0314921234623,326.7612887203427,0.6,-127.27647850945405,212.84748069289523,0.7302271382143938,-0.14203196399841794,16.5,33.890004801305935,254.55613656493185,0.9286360297179554
17,2015,ANT_BR_HSA,Anthem,Bronze,0.02492974532499909,237.98,317.3405831583218,-91.45808343868256,237.22190303638374,374.90866179569844,0.6,-126.845728713684,248.0629330820144,0.7297195058494302,-0.2882016618500192,16.5,33.890004801305935,255.99328336629134,0.9296337656620591
17,2015,ANT_G,Anthem,Gold,0.009032219306873823,383.6,471.86965287940086,33.19732007484154,347.9240017398786,404.7823280032534,0.8640000000000001,60.03149866940687,496.09845884334544,1.782316623633345,0.07035273379474145,16.5,33.890004801305935,401.5716387748698,0.9552467429480369
17,2015,ANT_G3,Anthem,Gold,0.008167238532904103,357.82,448.2535393954028,196.52595054479346,332.61476680915314,217.83758404930342,0.8640000000000001,55.27267787368697,290.8679134638377,1.7924005914133618,0.43842587569941893,16.5,33.890004801305935,365.18020849483946,0.9798449961864691
17,2015,ANT_P,Anthem,Platinum,0.006885452631734636,449.87,544.3078139793297,175.90190921473166,243.69840011414388,334.5158999632921,1.035,678.5506876166688,1080.7680741389997,4.182192426494504,0.3231662392070888,16.5,33.890004801305935,467.04039531686084,0.9632357383022261
17,2015,ANT_P3,Anthem,Platinum,0.007323814876568803,413.67,506.52280681962617,561.6059430386564,217.81391816159925,-88.97314102033613,1.035,674.3298588338694,623.4166594263921,4.187453711353869,1.1087475933510047,16.5,33.890004801305935,416.91292992636585,0.9922215654790592
17,2015,ANT_SIL,Anthem,Silver,0.03643156011731346,313.18,406.6789869333691,25.669636274678652,308.00161139246393,347.11934585738453,0.721,-2.406198580375601,367.93677904432053,1.4218447276040913,0.06312014414180786,16.5,33.890004801305935,329.5297096820419,0.9503847173664023
17,2015,ANT_SIL3,Anthem,Silver,0.04637636824286364,281.11,384.5438636132815,116.87055845577561,288.9262244256448,233.78330035619993,0.721,-11.590137728158636,236.6401802137274,1.4610746977247706,0.30391996730263027,16.5,33.890004801305935,286.90254957289324,0.9798100449734013
17,2015,BS_BR,Blue_Shield,Bronze,0.03569243157483941,233.42,316.267572840851,-0.9592007727144676,212.7743078992788,274.1925619034805,0.6,-126.272160914705,164.45954133487936,0.7523906916481545,-0.0030328773958661483,11.866606643445598,43.034211710084975,273.6859535379905,0.852875337526589
17,2015,BS_BR_HSA,Blue_Shield,Bronze,0.038359863803712986,229.59,312.1086763850005,-27.2980920284418,205.7573317004604,296.3725567033573,0.6,-127.16858020670932,169.20397649664798,0.7528838600736698,-0.08746341929555441,12.059144562408036,43.034211710084975,269.2626000972989,0.8526620478188836
17,2015,BS_G,Blue_Shield,Gold,0.031539297923606546,332.74,428.7566922887872,79.49696293330291,268.7045475531977,306.2255176453993,0.8640000000000001,91.42754715194032,435.7438279043142,1.977521310857803,0.18541276290973455,16.091278271399126,43.034211710084975,381.60095018064175,0.8719579965471469
17,2015,BS_P,Blue_Shield,Platinum,0.032317553416347324,381.28,475.04914935432464,371.9373842294973,130.5133967339284,60.0775534147424,1.035,635.7274200703124,787.2577391667803,4.077532585004616,0.7829450589165892,18.645547466626525,43.034211710084975,432.0233774326763,0.8825448341841552
17,2015,BS_SIL,Blue_Shield,Silver,0.10281961287003351,282.57,390.839437916658,38.98814480985911,265.14356125607037,308.81708139671395,0.721,-2.3797662272182354,335.9669285598358,1.515235099886089,0.09975488916288146,14.323002236314931,43.034211710084975,325.8977222093585,0.8670511658822686
17,2015,HN_BR3,Health_Net,Bronze,0.008771347812813695,249.47,328.95528513316304,14.98800930754345,226.54114543682903,263.14373532820844,0.6,-151.1391999316545,112.00453539655396,0.6140988163125611,0.045562451752298845,18.816452269165104,50.82354049741116,253.53163042833245,0.9839797881571207
17,2015,HN_G3,Health_Net,Gold,0.025444363866039644,293.24,393.08039246595763,48.24933320328796,279.14171131282546,294.0075187652585,0.8640000000000001,-28.767811577262865,286.920487912333,1.5775770555418567,0.12274673102008402,19.12444637184857,50.82354049741116,287.2761911347951,1.0207598438340704
17,2015,HN_P3,Health_Net,Platinum,0.03506009905061829,328.3,427.35572779158383,197.94782054149937,269.7070362794498,178.5843667526733,1.035,292.243855585888,509.31387577097433,2.9077282128130943,0.4631921550798451,21.134967777051457,50.82354049741116,319.52792805464577,1.0274532245076682
17,2015,HN_SIL3,Health_Net,Silver,0.06245758966622084,260.78,370.7411335501888,34.871176218278265,243.75335975267308,285.0464168344994,0.721,-45.968725221338666,258.6199805973354,1.380731987656907,0.09405801801476557,18.37535215685041,50.82354049741116,255.97393890542105,1.0187755875271143
17,2015,KA_BR,Kaiser,Bronze,0.0285310354613178,224.55,302.57589927515477,-37.77865982253713,226.16126672363558,320.909501540086,0.6,-142.27413314903228,184.9398014941167,0.6784387367106569,-0.1248568042366857,6.25,19.445057557605885,249.06463426052488,0.9015732027418946
17,2015,KA_G,Kaiser,Gold,0.011081689419404642,364.63,452.4512300945912,34.54041503516145,373.4968865500928,398.4657575018239,0.8640000000000001,-28.846309837949867,379.5275430754723,1.4517512057050828,0.07634063681944306,6.25,19.445057557605885,398.2755879692902,0.9155218421976581
17,2015,KA_P,Kaiser,Platinum,0.01799736332100064,389.51,480.98612209107074,13.740373684291278,412.9935153445445,447.8006908491736,1.035,-57.84426512679117,402.6421690072876,1.5400372038936512,0.02856708967933518,6.25,19.445057557605885,422.9160616198388,0.9210101846406873
17,2015,KA_SIL,Kaiser,Silver,0.04159014541516124,300.18,397.388686719391,20.925914058730818,323.28941722950776,357.0177151030543,0.721,-9.964140787767114,361.9121438154671,1.4190417398216266,0.05265855510755212,6.25,19.445057557605885,330.4772945897861,0.9083226137293534
17,2015,MOL_BR,Molina,Bronze,0.009196816267052401,211.5,287.04663532761026,7.9139778600351605,177.57492075364837,254.02977246448927,0.6,-173.81942430867304,86.71094866839803,0.5557204848511541,0.02757035577512633,18.58006395498933,25.10288500308583,219.9454027813806,0.9616022764077724
17,2015,MOL_G,Molina,Gold,0.014106603147365908,290.16,392.176758650847,111.39501648751865,308.78066340176645,255.6788571602425,0.8640000000000001,-53.94564718246974,213.14913693758828,1.4941025707581785,0.2840428812526677,18.58006395498933,25.10288500308583,299.03151688852694,0.9703325021361074
17,2015,MOL_P,Molina,Platinum,0.012161527092838013,345.38,445.91496037049126,170.43215479285328,360.64470375891176,250.37992057455213,1.035,45.02587610591982,309.1999452867762,1.9937792240505479,0.3822077524630451,18.58006395498933,25.10288500308583,354.31867463140276,0.9747722170142411
17,2015,MOL_SIL,Molina,Silver,0.03372631954597999,259.38,368.5152335576407,117.7318217833042,286.8536719187197,225.6805267712507,0.721,-54.51430026535479,182.14898732215903,1.3450395604743761,0.31947613303993677,18.580063954990617,25.10288500308583,267.5529457001389,0.9694529780685026
17,2016,ANT_BR,Anthem,Bronze,0.022836943456221465,245.15,327.10714470751213,-26.59149545841381,242.74034984290893,318.702885165401,0.6,-109.28084249801826,225.79515890015674,0.7235536279140962,-0.08129292156608503,14,34.995755000524916,265.25627815182185,0.9242005569409603
17,2016,ANT_BR_HSA,Anthem,Bronze,0.03170716777287161,228.61,310.73493909615786,-81.24554638405482,218.57644148250083,356.98473047968776,0.6,-113.64145491761498,243.34327556207276,0.7282885945268022,-0.2614625398108616,14,34.995755000524916,247.63787435304369,0.9231625033014268
17,2016,ANT_G,Anthem,Gold,0.005903727821082994,412.86,510.595350720906,90.43063755876892,365.23092139306476,385.1689581616122,0.8640000000000001,111.53201951772587,535.2704217598002,1.7962153657060713,0.17710822754474856,14,34.995755000524916,429.2720239769982,0.9617677764673582
17,2016,ANT_G3,Anthem,Gold,0.007337400629806221,366.79,462.85681284371185,234.34897030541583,330.99251722979255,193.5120875377711,0.8640000000000001,102.10900979812946,320.844784126879,1.7918100737859823,0.506309864741142,14,34.995755000524916,378.433910955823,0.9692313225143762
17,2016,ANT_P,Anthem,Platinum,0.004341473697156751,482.99,596.627279310733,326.6873604768941,264.4820666886372,234.94416383331395,1.035,818.3502892065062,1135.674659427703,4.272559264484115,0.5475568613864036,14,34.995755000524916,495.39185661157364,0.9749655622189655
17,2016,ANT_P3,Anthem,Platinum,0.006271473702654004,425.64,527.5455564756297,678.2894234194139,216.01901024319793,-185.73962194430908,1.035,796.9698516375634,663.4124523749123,4.207481341618043,1.285745686023512,14,34.995755000524916,433.95585242165595,0.9808371004210451
17,2016,ANT_SIL,Anthem,Silver,0.02746406316397087,327.58,414.07520327144283,51.806496372225475,312.3730569615824,327.27295189869244,0.721,34.66428201514446,389.59324871515537,1.384215376339507,0.12511373770494594,14,34.995755000524916,342.8767417802734,0.9553870533741946
17,2016,ANT_SIL3,Anthem,Silver,0.03826887643937765,290.23,386.79791947724345,141.53119368526995,289.8567094268814,210.27097079144858,0.721,26.978489207210288,257.83907378404484,1.4242666026962005,0.365904743946268,14,34.995755000524916,299.4586267329966,0.9691822979565554
17,2016,BS_BR,Blue_Shield,Bronze,0.03672662969816678,235.06,321.6458225624179,-17.99130571155652,217.4119404824015,296.58174859004413,0.6,-110.17343026881089,193.92361130135768,0.7491876743202652,-0.05593514496232939,10.640791120059948,43.05537968393028,284.31944784571454,0.826746118779588
17,2016,BS_BR_HSA,Blue_Shield,Bronze,0.03526329363199958,237.13,323.78874266007307,-24.234837202637408,220.49743306407586,304.9682001787802,0.6,-109.64641130677472,195.3217888720055,0.7487040436413888,-0.07484768310206556,11.06661757783349,43.05537968393028,286.6356603041531,0.8272871552282716
17,2016,BS_G,Blue_Shield,Gold,0.025235484860979807,347.35,448.6613803521096,103.18943876515542,284.6277306340162,302.4165619030239,0.8640000000000001,143.48274404935236,470.5415803206217,1.9706218164618472,0.22999402953776032,14.90815908184126,43.05537968393028,396.7920290840679,0.8753956091351002
17,2016,BS_P,Blue_Shield,Platinum,0.01094244173522939,442.83,545.3144637559536,509.8176678432486,192.64576511467808,-7.558583771225244,1.035,761.7133064991731,859.0757412027428,4.081233156863137,0.9349058235715695,19.161489679073945,43.05537968393028,493.12624729708347,0.8980053331722524
17,2016,BS_SIL,Blue_Shield,Silver,0.13313345791367237,274.44,382.4781075696699,24.68133440894391,251.03221734805484,314.7413934767957,0.721,33.1912672897616,367.09996759143144,1.5076877623851064,0.06453005785291413,12.291831475952549,43.05537968393028,318.87317848941336,0.8606556415315171
17,2016,HN_BR,Health_Net,Bronze,0.01618756327875552,250.53,333.54531485154786,-70.49506596857998,223.0496350557425,352.58223112379187,0.6,-138.18842426142152,232.04431876777562,0.6116211719352985,-0.21135079052138825,18.21878297611131,51.458149696335965,273.68588406343866,0.9153924794379557
17,2016,HN_G3,Health_Net,Gold,0.023248548780856304,300.52,400.72139207437067,56.957353762882974,276.4566147879645,292.30588861515173,0.8640000000000001,11.74263926909554,312.1011670974266,1.5563786268785003,0.14213704306635105,20.38910662989451,51.458149696335965,305.5632448719358,0.9834952503071844
17,2016,HN_P3,Health_Net,Platinum,0.03490908387497084,332.06,431.77764715876725,203.22349223559235,257.72962481944205,177.09600522683894,1.035,367.5135953298587,559.0334316991604,2.8718620093236593,0.4706670055128302,22.248149315244575,51.458149696335965,335.9802198650274,0.9883319920839321
17,2016,HN_SIL3,Health_Net,Silver,0.0652155585119213,261.2,366.3959791264935,35.57549798820867,234.71071622889514,279.36233144194887,0.721,-9.649507511936468,276.8560917412053,1.359282456204716,0.0970957652783812,18.970980293449806,51.458149696335965,266.8252768345193,0.9789177513417966
17,2016,KA_BR,Kaiser,Bronze,0.02257780059294373,239.98,321.8889593899529,-20.84450709765091,253.3436499589686,324.0788186538397,0.6,-124.39077275073817,207.14282545590498,0.6723304261378334,-0.06475682526407747,6.25,18.654647833764137,267.722011214081,0.8963775481579755
17,2016,KA_BR_HSA,Kaiser,Bronze,0.02554335288814613,233.8,315.75327295926536,-30.958742466665264,244.5865149599566,328.0573675921665,0.6,-126.04539324595034,202.01197434621614,0.673918308997812,-0.09804725752014354,6.25,18.654647833764137,260.60436974969343,0.8971453557151071
17,2016,KA_G,Kaiser,Gold,0.009739471520051229,375.14,468.9052167399627,54.81971159724403,381.39542541781526,395.43085730895456,0.8640000000000001,9.146778605035966,423.5073533218693,1.4524202351245254,0.11691000577552753,6.25,18.654647833764137,412.94792433637383,0.9084438445909786
17,2016,KA_P,Kaiser,Platinum,0.013945052681675089,406.06,503.3032081409677,52.696532663024605,426.0182031600293,431.95202764417894,1.035,-14.512457731374143,437.26963475202444,1.5367646861658686,0.10470136452669918,6.25,18.654647833764137,444.2071250861869,0.9141231129987267
17,2016,KA_SIL,Kaiser,Silver,0.030716237897995293,315.13,404.0773325597667,41.20139176077512,328.0188070503057,344.22129296522746,0.721,28.23020421875227,392.70619243949824,1.3786811834219155,0.10196412528208584,6.25,18.654647833764137,349.96075282340485,0.9004724028554684
17,2016,MOL_BR,Molina,Bronze,0.012693248803957592,196.62,271.09152434269754,-16.258210301119078,154.10636612436323,262.39519320718455,0.6,-165.0113718302272,100.71940919838596,0.5504945372504814,-0.05997314132391107,24.85747947274912,24.95454143663207,203.41274088809428,0.9666061188771295
17,2016,MOL_G,Molina,Gold,0.023354365768128143,272.99,379.85872739210055,127.2825183163099,291.27531480515734,227.62166763915857,0.8640000000000001,-23.687781796105593,209.35253063293865,1.4981723603164105,0.3350785677353292,24.85747947274912,24.95454143663207,280.568826318946,0.9729876393668536
17,2016,MOL_P,Molina,Platinum,0.019584488762062674,328.7,435.0911144778891,267.7100750112721,343.4132218218026,142.42649802998486,1.035,91.92714925633845,240.02496379125222,1.9947149488718956,0.6152965806542043,24.85747947274912,24.95454143663207,336.53128745026515,0.9767293926529119
17,2016,MOL_SIL,Molina,Silver,0.055481465081098,243.02,350.07549824393647,79.27089049422906,259.0059677870287,245.85006631307533,0.721,-24.40998555338813,228.09348386392637,1.3426068447816897,0.2264394134747249,24.857479472745805,24.95454143663207,250.28883417841996,0.9709582163252304
17,2017,ANT_BR,Anthem,Bronze,0.01801065098822642,277.94,362.7501148560993,-42.231149166670235,272.7943742760683,367.89309492519857,0.6,-102.25294746309255,265.64014746210603,0.7119198120384616,-0.11641939571383202,10.5,37.088169097570955,299.5828221887004,0.92775679850205806
17,2017,ANT_BR_HSA,Anthem,Bronze,0.020162143331766212,272.25,358.5429140663728,-72.53408630293015,268.29175827097663,393.988831271732,0.6,-104.13426108213557,289.8545701895964,0.7150690729243079,-0.20230238405855866,10.5,37.088169097570955,293.94530716004124,0.926192707855584
17,2017,ANT_G,Anthem,Gold,0.002393327719014433,498.89,601.2168979236442,118.15232618808179,441.2249006501213,445.97640263799144,0.8640000000000001,153.27047881263468,599.2468814506261,1.802008731752249,0.1965219650281476,10.5,37.088169097570955,510.94308898027765,0.9764101144721757
17,2017,ANT_G3,Anthem,Gold,0.006324566252662009,394.6,495.4176485440772,239.67064892429195,369.4929743173908,218.6588305222143,0.8640000000000001,134.8522443839171,353.5110749061314,1.7979045016870703,0.48377495155578515,10.5,37.088169097570955,389.5909743372012,1.0128571399050517
17,2017,ANT_P,Anthem,Platinum,0.0014006128060164642,593.46,731.1730513419353,134.9490328809304,417.45069024616066,559.135849363434,1.035,955.6505555063417,1514.7864048697757,4.380407524725673,0.1845651075805597,10.5,37.088169097570955,604.323066214455,0.9820244057826513
17,2017,ANT_P3,Anthem,Platinum,0.0037102790308390244,475.17,586.7195297295102,703.7370098648522,312.89766841653477,-154.10564923291292,1.035,920.1303100939914,766.0246608610785,4.276974700483792,1.1994436425003434,10.5,37.088169097570955,464.375546901412,1.0232450936975794
17,2017,ANT_SIL,Anthem,Silver,0.009567568966309798,394.7,479.2660630799294,77.17722380538683,374.5926316811215,365.0006701769716,0.721,58.009775117914394,423.010445294886,1.3509515881983096,0.161032106695432,10.5,37.088169097570955,398.6929583672539,0.9899848786303976
17,2017,ANT_SIL3,Anthem,Silver,0.026264931140885486,322.44,430.36584728901033,155.32306848962097,335.27887532254806,237.9546097018184,0.721,42.762677680200866,280.71728738201926,1.4145060006502566,0.3609093738921026,10.5,37.088169097570955,317.73700009328644,1.0148015494114087
17,2017,BS_BR,Blue_Shield,Bronze,0.024020586326104588,277.33,367.6754136413505,18.44304880548058,266.6974029405838,305.3792789085323,0.6,-100.52475549730799,204.85452341122428,0.7347317990008242,0.050161224061260945,8.802688488496553,43.85308592733761,336.3480584896855,0.8245327808500034
17,2017,BS_BR_HSA,Blue_Shield,Bronze,0.028586243879591838,268.6,360.8112643748561,-4.704010694431268,260.2244039405967,321.66218914194974,0.6,-103.33711472923896,218.32507441271076,0.7393247859619836,-0.013037316621978162,8.547457371743384,43.85308592733761,326.37836546638385,0.8229712150686812
17,2017,BS_G,Blue_Shield,Gold,0.012596107189706288,404.96,515.2719613254606,128.88539987222893,340.5839552995099,342.533475525894,0.8640000000000001,186.7671078832697,529.3005834091637,1.9824340740363149,0.2501308232271952,11.733517929149329,43.85308592733761,465.90760629472845,0.8691852086738124
17,2017,BS_G3,Blue_Shield,Gold,0.014797202325450851,365.88,477.8526389251791,173.91568669794557,312.6481242919645,260.08386629989593,0.8640000000000001,178.23690867528552,438.32077497518145,1.991742439408113,0.36395255049575403,8.865926805999525,43.85308592733761,422.5675538928863,0.8658497242141415
17,2017,BS_P,Blue_Shield,Platinum,0.004751504324608373,518.23,650.2682976403764,564.2452521703582,271.02902541383537,42.16995954268066,1.035,898.87130624135375,941.0412657840344,4.237610726276633,0.8677114572828333,15.2329467020464,43.85308592733761,587.3886921183047,0.8822607703445957
17,2017,BS_P3,Blue_Shield,Platinum,0.007504020313011574,452.15,571.5566962901324,715.0636537064983,219.82636142791748,-187.3600433437034,1.035,875.5322188361417,688.1721754924383,4.178857601423209,1.2510808784987433,9.98804723261701,43.85308592733761,510.9518262603368,0.8849170836892625
17,2017,BS_SIL,Blue_Shield,Silver,0.05613297740511999,326.2,443.2187777290063,41.877170263943164,313.7377356984383,357.48852153772555,0.721,54.122696569814764,411.6112181075403,1.4754937291573167,0.09448419689823653,10.118835336538606,43.85308592733761,380.07396955921615,0.8582539877127194
17,2017,BS_SIL3,Blue_Shield,Silver,0.05828266333035366,301.66,425.50845365786813,-19.420143406071894,293.66905442727364,401.0755111366024,0.721,48.151533513268085,449.2270446498705,1.504808657434622,-0.045639853307560235,8.76179558207742,43.85308592733761,350.9439593134934,0.859567438032268
17,2017,HN_BR,Health_Net,Bronze,0.00915178480785822,303.26,379.9224653420351,-94.49041807787196,263.4188291455753,424.60826425979343,0.6,-125.32896977482325,299.2792944849702,0.5894441791366024,-0.24870974132262622,23.925030907669413,49.80461916011361,331.6880703090459,0.9142927561954266
17,2017,HN_G3,Health_Net,Gold,0.016205861381728262,337.33,439.3403827276909,99.56262050689153,318.1604662650018,289.97314306068574,0.8640000000000001,39.6047506108522,329.57789367153794,1.5441681790424042,0.226618413469635,23.338400618799707,49.80461916011361,360.2925726555583,0.9362668719859772
17,2017,HN_P3,Health_Net,Platinum,0.021100442641466998,374.01,473.6435855045948,273.4859300350489,314.8295416854413,150.3530363094323,1.035,435.01622093456393,585.3692572439962,2.8578367462079726,0.5774087064721704,24.976717620270648,49.80461916011361,398.3511779327936,0.9388951777195442
17,2017,HN_SIL3,Health_Net,Silver,0.09244969179255433,267.7,391.6104177520132,53.041327670895875,258.7066306378252,288.7644709210037,0.721,-4.303780867917711,284.46069005308595,1.3786210375295103,0.1354441180992387,19.599522618629802,49.80461916011361,286.7029643505136,0.9337189819660141
17,2017,KA_BR,Kaiser,Bronze,0.032327673201631886,245.57,337.2220216389907,-26.562411898746056,285.6531190587892,345.27257703706556,0.6,-128.47062150462,216.80195553244556,0.6768839817839316,-0.07876831936907772,6.25,18.51185650067122,274.2689470001971,0.8953620257995285
17,2017,KA_BR_HSA,Kaiser,Bronze,0.030963387575371197,247.59,339.08055927520263,-26.088133323436914,288.38736204626355,346.6568360979683,0.6,-127.83378146683084,218.8230546311375,0.676067162270948,-0.07693786213872383,6.25,18.51185650067122,276.6466674670138,0.894968308373068
17,2017,KA_G,Kaiser,Gold,0.010482925946859272,392.46,492.3972628194258,-21.37005474066347,405.75625232073656,495.25546105941805,0.8640000000000001,29.873508600766733,525.1289696601848,1.4610477872934275,-0.04340002748654676,6.25,18.51185650067122,438.0532184867983,0.8959185401164393
17,2017,KA_G_COIN,Kaiser,Gold,0.014610262179609307,375,476.61475218266924,-68.52153332302407,392.71638643668865,526.6244290050221,0.8640000000000001,25.66800534995719,552.2924343549793,1.4653618982406083,-0.14376712640393102,6.25,18.51185650067122,419.65320279715115,0.8935949910556615
17,2017,KA_P,Kaiser,Platinum,0.012316450685140918,433.16,539.0345633909085,18.222965410846093,463.5807583048697,502.2997414793912,1.035,12.343478080923418,514.6432195603146,1.560716716089332,0.03380667335358007,6.25,18.51185650067122,480.96380503689284,0.9006083107787581
17,2017,KA_SIL,Kaiser,Silver,0.02757383559201584,338.61,440.69556701756056,-7.710523957683328,358.8063457381817,429.89423447457267,0.721,41.394953135632555,471.2891876102052,1.3782708068708347,-0.017496259401620175,6.25,18.51185650067122,382.7524736829373,0.884670964348871
17,2017,MOL_BR,Molina,Bronze,0.01928956906438359,200.57,282.89352123509633,-20.648825771378107,165.15282080897944,277.7585646945745,0.6,-172.68705775647925,105.07150693809527,0.5544577161900759,-0.07299151172224291,21.33110479905357,25.783782311899948,210.3002158024045,0.9537317840341786
17,2017,MOL_G,Molina,Gold,0.02836350931612236,287.13,405.67154746867436,130.44752018276515,310.3868345437472,249.44024497400926,0.8640000000000001,-7.412894338244991,242.02735063576426,1.5139107414753266,0.3215594512278143,21.33110479905357,25.783782311899948,299.54011992880817,0.9585694232486864
17,2017,MOL_P,Molina,Platinum,0.03083622383398386,331.8,452.956498028644,253.3381413939725,348.7755645308465,173.83457432277152,1.035,122.04654519965511,295.8811195224266,2.038209272804116,0.5592990551996716,21.33110479905357,25.783782311899948,345.0732445961275,0.9615349935006916
17,2017,MOL_SIL,Molina,Silver,0.06701393168656133,256.16,381.6055279673644,87.81767588119996,286.8324434946978,268.0040697742645,0.721,-18.913689964491727,249.0903798097728,1.3551639089986762,0.23012684420208473,21.331104799052454,25.783782311899948,268.1000634809637,0.9554641527273959
17,2018,BS_BR,Blue_Shield,Bronze,0.04996601993123459,299.13,414.13683647776554,4.4056725588844685,249.65958031749142,365.34662220481863,0.6,-100.33667237569854,265.0099498291201,0.7430976270017137,0.010638204986435694,5.020939166003584,44.38454171406244,354.4168638038877,0.8440061141264429
17,2018,BS_BR_HSA,Blue_Shield,Bronze,0.053367026971849585,294.31,407.131015370339,-56.38625544203388,241.31357476134264,419.13272909831045,0.6,-100.80863701846533,318.3240920798451,0.7406595304245766,-0.1384965854068946,4.812612063701717,44.38454171406244,349.33789119874734,0.8424794659121574
17,2018,BS_G,Blue_Shield,Gold,0.012106011056581992,470.16,617.9778410292856,179.1719282092227,412.71256312096915,394.4213711060005,0.8640000000000001,220.9513508377555,615.372721943756,2.037061364771604,0.28993260973694335,7.588036520967841,44.38454171406244,522.4960875571421,0.8998344890928616
17,2018,BS_G3,Blue_Shield,Gold,0.021455566767281657,415.97,570.2903510710893,-77.4032538111365,372.1410976779351,603.3090631681633,0.8640000000000001,205.30165336609215,808.6107165342555,2.0477286940990425,-0.13572604492739845,11.122439071122972,44.38454171406244,463.960319041935,0.896563742474715
17,2018,BS_P,Blue_Shield,Platinum,0.0025498465366134374,628.76,838.421225791378,726.7602063749766,367.7709579530613,67.27647770233887,1.035,1019.9013168001374,1087.1777945024762,4.485284799103346,0.8668199039080796,10.384252452146502,44.38454171406244,702.9965651805479,0.8943998180681266
17,2018,BS_P3,Blue_Shield,Platinum,0.0038063374590624477,559.71,728.9548781117752,858.7231568805679,295.6693685144888,-174.1528204828552,1.035,977.7948661740945,803.6420456912393,4.3280353555851905,1.1780196314824503,11.493354338023435,44.38454171406244,621.2082939947919,0.9010021363376911
17,2018,BS_SIL,Blue_Shield,Silver,0.041431646356825357,409.44,561.3523129022017,115.37176609874558,402.6455888242772,401.59600508939366,0.721,79.92437575808886,481.5203808474825,1.4983921233526236,0.20552470070403994,7.062166678788875,44.38454171406244,451.28117401651485,0.9072835818872789
17,2018,BS_SIL3,Blue_Shield,Silver,0.11528471460098333,351.94,527.8487493380552,185.04300971978938,355.4666690378099,298.4211979042034,0.721,65.72311145709708,364.1443093613005,1.5694670493395642,0.35056066714535405,10.88325990516248,44.38454171406244,394.04629495050295,0.8931437866817349
17,2018,HN_BR,Health_Net,Bronze,0.03724701707524465,287.875,394.8331699859423,-37.167734425171105,240.77980492885632,381.97322513204904,0.6,-139.31878850883578,242.65443662321323,0.6041680627913363,-0.09413528864987314,11.815808603720098,50.027679279064344,321.2013970874709,0.8962445450435095
17,2018,HN_G,Health_Net,Gold,0.010131305844520527,454.34,592.9885251570604,-9.705195709921057,454.161927213957,552.6660415879171,0.8640000000000001,71.40519057455317,624.0712321624703,1.5696597572225799,-0.01636658265410872,11.815808603720098,50.027679279064344,510.93753171896685,0.8892280793533534
17,2018,HN_G3,Health_Net,Gold,0.016909908976423332,403.12,552.4868693137229,210.97316633274687,424.61411207008655,291.4860237019117,0.8640000000000001,56.161321751463376,347.64734545337507,1.5906502009335244,0.38186096005287745,11.815808603720098,50.027679279064344,397.9820853004497,1.012909914514548
17,2018,HN_P,Health_Net,Platinum,0.0029108103818885405,579.9,749.0062587716526,-269.2871279466231,531.6209145369506,968.2657074392114,1.035,524.5224971222735,1492.788204561485,3.012251692692987,-0.3595258715037252,11.815808603720098,50.027679279064344,653.2293658246082,0.8877433109088101
17,2018,HN_P3,Health_Net,Platinum,0.018733189430368363,446.95,598.6600256816164,374.7324566186955,413.04867632161387,173.89988978385657,1.035,487.6279928003588,661.5278825842154,2.961863123534274,0.6259520270992478,11.815808603720098,50.027679279064344,469.74269794637684,0.951478334743633
17,2018,HN_SIL,Health_Net,Silver,0.03954244422547159,394.38,542.4412264539585,-54.72351442910822,418.6282385680764,547.1370616040024,0.721,28.0852395762692,575.2223011802715,1.3359681607193572,-0.10088376723658385,11.815808603721816,50.027679279064344,428.84262057241665,0.9196380701936385
17,2018,HN_SIL3,Health_Net,Silver,0.05585912332494244,359.8,522.507525158896,186.13592732798173,391.10422810305886,286.3439185518499,0.721,18.8997652962481,305.24368384809804,1.376033575180747,0.3562358786533788,11.815808603721816,50.027679279064344,354.364451525544,1.0153388649765966
17,2018,KA_BR,Kaiser,Bronze,0.053407028576659805,269.05,367.3749201544537,12.902479177052427,247.73732908262502,335.4525367831129,0.6,-121.9394245069578,213.51311227615514,0.6569031287187032,0.035120740336950326,6.25,19.019904194288372,293.44614858643143,0.9168632858057573
17,2018,KA_BR_HSA,Kaiser,Bronze,0.05387675101216785,268.35,366.3741070699244,6.313417879155381,241.71137641640837,341.0407849964806,0.6,-121.99995794476283,219.04082705171783,0.6565727965614943,0.017232161763960117,6.25,19.019904194288372,292.67527199223304,0.9168864802733366
17,2018,KA_G,Kaiser,Gold,0.023465233260968978,418.74,562.9941176417359,-39.428441589803086,452.13004813144664,583.4026550372506,0.8640000000000001,39.209698742312426,622.612353779563,1.5118054493969826,-0.07003348765873531,6.25,19.019904194288372,461.72324965667036,0.9069068978254139
17,2018,KA_G_COIN,Kaiser,Gold,0.037863957727388625,397.86,548.0035962665463,58.71836744976814,440.96455691078893,470.2653246224898,0.8640000000000001,32.052603660852945,502.3179282833427,1.5239319736022465,0.10714960239276934,6.25,19.019904194288372,439.63335272419454,0.9049813839979489
17,2018,KA_P,Kaiser,Platinum,0.027692322983484313,459.64,607.61351474743,-110.07335645728138,512.5749817366932,698.666967010423,1.035,23.5700535637931,722.2370205742161,1.6072271329563974,-0.18115686005278564,6.25,19.019904194288372,504.57316411328793,0.9109481690484842
17,2018,KA_SIL,Kaiser,Silver,0.02636252358884259,413.43,551.7447328271336,87.11725724853083,459.1328650251743,445.6075713843144,0.721,63.49705444303297,509.1046258273474,1.4126241780593747,0.1578941348513524,6.25,19.019904194288372,456.842973876327,0.9049717816431179
17,2018,MOL_BR,Molina,Bronze,0.015170666475611702,263.67,360.8516746952216,62.36559566707517,206.31084332825534,271.49284903054536,0.6,-158.8181903110382,112.67465871950716,0.5373875211633076,0.17282889353291675,20.4505728447855,26.993229997601095,272.3347615093033,0.9681834171250031
17,2018,MOL_G,Molina,Gold,0.008345662839620665,406.05,555.1152072302244,317.5987355996863,470.01904405872267,210.52324163293707,0.8640000000000001,28.024866449770215,238.5481080827073,1.500972408672374,0.5721312107163508,20.4505728447855,26.993229997601095,421.2805911162775,0.963846919517653
17,2018,MOL_P,Molina,Platinum,0.00593685158031904,470.21,619.4605384932457,472.28571991010546,523.6886514376463,120.1815885855392,1.035,173.14959053138898,293.3311791169282,2.03203213370864,0.7624145374278026,20.4505728447855,26.993229997601095,488.4249127120625,0.9627068312078491
17,2018,MOL_SIL,Molina,Silver,0.013499741451454569,390.48,540.7733741533884,292.7301089124176,466.7682498257007,221.0500352433697,0.721,18.310549800830668,239.36058504420038,1.313163799283583,0.5413175331916135,20.450572844790635,26.993229997601095,405.51996793019305,0.9629118930765401
18,2014,ANT_BR,Anthem,Bronze,0.041531507405953204,217.52,267.792228926414,-24.294363317206745,136.56555883992937,257.1045822538472,0.6,-130.3608391635268,150.85781664337807,0.6767582958471152,-0.09072094218194261,16.5,34.98200998977356,238.78090289596372,0.9109606227377948
18,2014,ANT_BR_HSA,Anthem,Bronze,0.04077464965201563,219,269.60062943027805,-62.837608593197075,141.0968612266775,297.45622803370156,0.6,-130.22364707919746,167.2325809545041,0.6772873730345186,-0.23307663904934478,16.5,34.98200998977356,240.40339230241494,0.91096884242178
18,2014,ANT_G,Anthem,Gold,0.023232605533325328,349.79,414.0672996927759,81.88108502478278,295.6931803723892,297.2042046782196,0.8640000000000001,30.408143771200812,383.34856411789787,1.7100417257604243,0.19774825272494545,16.5,34.98200998977356,377.1074338153343,0.9275606064326185
18,2014,ANT_G3,Anthem,Gold,0.010640813961791246,361.01,421.2597985885113,288.0069814353536,306.78419803487213,98.27080716338403,0.8640000000000001,33.37433570666503,214.91265457440085,1.6992536126331106,0.6836801954526887,16.5,34.98200998977356,348.9010623503001,1.0347059351672092
18,2014,ANT_P,Anthem,Platinum,0.0206288718081194,405.61,465.03868360934393,275.0171204340859,183.89484253324488,155.03955318548446,1.035,596.7291718101361,818.8192586335123,3.969312735729024,0.5913854699131098,16.5,34.98200998977356,433.7489819674643,0.9351261140952372
18,2014,ANT_P3,Anthem,Platinum,0.010258812512873944,412.63,469.8652278519441,667.6518885942658,196.35861257888155,-232.7686707320952,1.035,596.6261555976293,459.5128927645083,3.9571376451534723,1.4209433876316653,16.5,34.98200998977356,394.72597234348115,1.0453581190774526
18,2014,ANT_SIL,Anthem,Silver,0.05924306594499864,290.98,369.2919529020426,38.12140086990533,263.63484325154604,296.18854204236374,0.721,-26.575699301636632,285.33555196430945,1.3789571612582572,0.10322835515459311,16.5,34.98200998977356,315.6313919413501,0.9218981616824389
18,2014,ANT_SIL3,Anthem,Silver,0.035683461979840986,288.48,367.74955604097113,134.66103412601015,306.1516957446372,198.10651192518742,0.721,-27.393178864245307,174.2053134209405,1.3821700189750787,0.36617592574607355,16.5,34.98200998977356,279.52863190571867,1.0320230812609583
18,2014,BS_BR,Blue_Shield,Bronze,0.039296274168338904,242.05,298.88875464133235,24.62509269774086,192.19277841490816,233.2988618665151,0.6,-125.52371824747691,117.99793136242312,0.701355392714014,0.08238882298295587,11.307532511738684,40.9648000770764,257.24004469860654,0.9409499220216516
18,2014,BS_BR_HSA,Blue_Shield,Bronze,0.041622990840578515,238.07,294.38680064437494,15.316605619143282,183.63706731024584,238.10539494815526,0.6,-126.16276898789586,111.94262596025939,0.7003432016447927,0.052028846353223704,11.638109675295222,40.9648000770764,253.07033243156326,0.9407266261223262
18,2014,BS_G,Blue_Shield,Gold,0.033991169346999854,345.04,412.31919021536646,151.42222570533198,274.606116293269,219.93216443295807,0.8640000000000001,66.32057744031498,319.610766410582,1.8685537814244741,0.36724515690438686,15.416435193774227,40.9648000770764,359.3709350564826,0.9601221644309377
18,2014,BS_P,Blue_Shield,Platinum,0.03351404235755416,395.37,457.4021346249593,455.96493410016853,136.4661015647576,-39.527599552285665,1.035,561.3886948051643,604.4161491585264,3.8524180528092478,0.9968579059519056,17.01011043517306,40.9648000770764,406.653361597191,0.9722531210540744
18,2014,BS_SIL,Blue_Shield,Silver,0.07343562445975425,293.02,375.0892574533136,92.91700032065538,261.6216438962639,241.20745705558184,0.721,-18.06085936549632,249.66175267677232,1.4274748877298682,0.24771970530833054,14.008810718427231,40.9648000770764,306.599014087917,0.9557108357692786
18,2014,HN_BR,Health_Net,Bronze,0.026282861853295498,235.32,288.9840805606953,-51.106255048703474,159.06739404701656,290.8690476949462,0.6,-153.34543804346725,137.52360965147895,0.5745204895463516,-0.17684799435853227,19.750223938453843,49.2212879144526,250.169837060057,0.9406409772074478
18,2014,HN_G3,Health_Net,Gold,0.040151236075625686,287.59,374.07428156387533,51.84332006042001,258.21559327569594,273.0096735890027,0.8640000000000001,-54.441400080215324,218.5682735087874,1.5280946270406122,0.13859097675381746,19.750223938453843,49.2212879144526,278.3102282816504,1.0333432650881895
18,2014,HN_P3,Health_Net,Platinum,0.05262341110836047,324.46,412.6299573118308,210.21437925053743,255.14282090051893,153.19429014684079,1.035,242.6163447112923,395.8106348581331,2.8300647539190025,0.5094501151104625,19.750223938453843,49.2212879144526,312.8434490865505,1.0371321533098035
18,2014,HN_SIL3,Health_Net,Silver,0.06857485301483188,251.82,336.474570575603,29.96543539322022,186.2051468489086,257.2878472679302,0.721,-63.995695206220766,193.29215206170946,1.3009581590998178,0.08905705813654419,19.75022393846146,49.2212879144526,243.23306345910757,1.0353033276758283
18,2014,KA_BR,Kaiser,Bronze,0.025410361071595045,246.15,301.02810837273313,20.209054639338518,212.40806275206828,262.9593220439635,0.6,-138.1240576857385,149.22880039270623,0.6350471094737623,0.06713344726704278,6.25,17.85973168943113,249.39548978657075,0.986986573857658
18,2014,KA_G,Kaiser,Gold,0.007629642886891404,407.1,451.0284671443408,140.39245456492077,372.35991240565056,292.7762808899889,0.8640000000000001,-33.2709560150032,284.92704474682387,1.3538995011411021,0.31127182604195036,6.25,17.85973168943113,406.95607536316345,1.000353661354504
18,2014,KA_P,Kaiser,Platinum,0.010363251884790613,437.84,486.2292213109688,135.82250925080663,415.71046151345035,332.54698037073103,1.035,-64.28440024224406,291.76538644313894,1.4354470667197587,0.279338434009792,6.25,17.85973168943113,435.7266211112285,1.0048502404635773
18,2014,KA_SIL,Kaiser,Silver,0.01848006238918864,334.86,395.0097080736926,112.56935384288406,323.41973282204356,264.5806225413774,0.721,-16.27139073876488,280.72228661093686,1.3170124081615375,0.2849787018953044,6.25,17.85973168943113,336.8966045566472,0.9939548083028995
18,2015,ANT_BR,Anthem,Bronze,0.042959678719067945,230.61,288.9279356856638,-61.1957871005321,158.32043708091825,316.23371798488995,0.6,-130.882248708844,197.76740512937332,0.6753306761382452,-0.2118029430255904,16.5,33.890004801305935,254.55613656493185,0.9059298397278132
18,2015,ANT_BR_HSA,Anthem,Bronze,0.042119633933536876,232.13,290.7652550118517,-104.60234412020262,162.58110544553952,361.4775943307484,0.6,-130.70316477896915,230.7744295517792,0.675753586436427,-0.35974843045101446,16.5,33.890004801305935,255.99328336629134,0.9067816035933011
18,2015,ANT_G,Anthem,Gold,0.0199103665260698,373.13,447.82328073655236,21.77910310633021,314.5401397771925,392.1541728289162,0.8640000000000001,54.370956685954866,476.5788276413644,1.7078278181541362,0.048633253435393695,16.5,33.890004801305935,401.5716387748698,0.929174184557354
18,2015,ANT_G3,Anthem,Gold,0.008281832989998782,390.62,460.75606274201755,226.5430373086226,325.91301177203195,200.32302063208903,0.8640000000000001,59.64522597388203,276.87140323732314,1.7008129627419601,0.4916767366237925,16.5,33.890004801305935,365.18020849483946,1.0696636644412236
18,2015,ANT_P,Anthem,Platinum,0.015340570192540768,437.32,511.0968746011237,198.43632409591973,199.25401097587843,278.77054570389805,1.035,690.2510153602985,1033.7795947375048,3.989081552189265,0.38825579641978003,16.5,33.890004801305935,467.04039531686084,0.93636440099213
18,2015,ANT_P3,Anthem,Platinum,0.006843305336048912,451.48,523.3979888668474,624.2909452344845,207.16169814560044,-134.78296116894307,1.035,693.8930277383994,595.4634487742094,3.9880524978911054,1.1927652732981828,16.5,33.890004801305935,416.91292992636585,1.0829119645671323
18,2015,ANT_SIL,Anthem,Silver,0.08007768228451397,307.04,403.22006222515387,16.341382483132264,291.1854256915186,352.98867494071567,0.721,-16.869348668182113,358.76398466427577,1.384175541119483,0.04052720589584009,16.5,33.890004801305935,329.5297096820419,0.9317521030084301
18,2015,ANT_SIL3,Anthem,Silver,0.047822397559338196,304.94,401.984885043617,138.94345311080153,315.8487347828004,229.15142713150954,0.721,-17.55090221180144,225.35880833625475,1.387109061401579,0.34564347636037507,16.5,33.890004801305935,286.90254957289324,1.0628696066101846
18,2015,BS_BR,Blue_Shield,Bronze,0.038826931072369744,256.55,323.1716728105715,15.906023110841119,206.16092723624647,264.23143798964543,0.6,-125.57456989271432,154.16024279086784,0.7023800919080303,0.04921849422169035,12.223885006408219,43.034211710084975,273.6859535379905,0.9373882608278915
18,2015,BS_BR_HSA,Blue_Shield,Bronze,0.04130045908651102,252.33,318.530767005982,-9.27395856452327,198.70004883429712,284.7705138604203,0.6,-126.42813434476082,158.34237951565947,0.7015907991791535,-0.029114796826986276,12.63084604137586,43.034211710084975,269.2626000972989,0.9371149201887665
18,2015,BS_G,Blue_Shield,Gold,0.03016005483567109,365.71,443.4187877441759,118.06946871051966,284.88943049365264,282.3151073235713,0.8640000000000001,94.63754799812746,413.0605482753756,1.8682220074567915,0.266270785031865,16.790295677721723,43.034211710084975,381.60095018064175,0.9583571524831913
18,2015,BS_P,Blue_Shield,Platinum,0.02806052969276363,419.06,491.9942964462743,437.1077665057642,144.69020183670912,11.852318230425112,1.035,648.0161335079752,746.5979193294954,3.8539317535268593,0.8884407190551573,19.06431966025995,43.034211710084975,432.0233774326763,0.969993805636834
18,2015,BS_SIL,Blue_Shield,Silver,0.09540617105133989,310.57,410.73540467899403,70.48870322706986,289.1335612744123,297.2124897418392,0.721,-5.926563834085992,319.3554864746363,1.4356833488017762,0.17161584422496906,15.154191477785346,43.034211710084975,325.8977222093585,0.9529676915031892
18,2015,HN_BR3,Health_Net,Bronze,0.013295285711968897,255.86,319.86759685897033,7.958875208602137,194.40671614931952,261.08518115295703,0.6,-155.31330867445968,105.77187247849733,0.5778205473559461,0.02488178010763374,16.85309939209115,50.82354049741116,253.53163042833245,1.0091837439286524
18,2015,HN_G3,Health_Net,Gold,0.030055275967222315,313.09,403.77142376082895,65.29777351732173,285.85173144288336,287.65010974609606,0.8640000000000001,-34.667919817003664,273.6610371694409,1.5001559279185073,0.16171965046243686,19.730249516071147,50.82354049741116,287.2761911347951,1.0898571119424671
18,2015,HN_P3,Health_Net,Platinum,0.03861961772389871,350.54,439.22507342451195,231.68602614835993,277.6009417276863,156.71550677874086,1.035,292.0288872408454,485.4249080767011,2.7628974612842154,0.5274881607781869,21.392049617937783,50.82354049741116,319.52792805464577,1.0970559041087968
18,2015,HN_SIL3,Health_Net,Silver,0.07189769732572869,278.44,382.6544311821263,50.57737222931053,259.5887136893845,281.2535184554046,0.721,-52.660487802557284,247.27830000877893,1.3164242555804606,0.13217505955193806,18.592198992793602,50.82354049741116,255.97393890542105,1.08776698593086
18,2015,KA_BR,Kaiser,Bronze,0.031700260244372905,242.5,302.4170080542395,-24.792447151917834,206.66911145352975,307.76439764855144,0.6,-141.48925814384785,172.1433530793809,0.628625467142874,-0.0819809947576468,6.25,19.445057557605885,249.06463426052488,0.9736428486524579
18,2015,KA_G,Kaiser,Gold,0.011829448740613495,393.77,461.8573334149481,62.862177678360005,380.61717693551043,379.5500981789822,0.8640000000000001,-26.778120682826977,362.22845613563607,1.3814786073045142,0.13610734988997678,6.25,19.445057557605885,398.2755879692902,0.9886872605166108
18,2015,KA_P,Kaiser,Platinum,0.017658305432744846,420.63,495.4327626384185,43.440328069027196,425.1623103662105,432.54737701178544,1.035,-60.287604025491056,384.369823248072,1.4658168480817266,0.08768158132636705,6.25,19.445057557605885,422.9160616198388,0.9945945263675189
18,2015,KA_SIL,Kaiser,Silver,0.042359456463639554,324.16,412.6241982657854,47.809647313031114,338.3278881541797,345.3694933951484,0.721,-14.74038876784661,344.78448550640496,1.3477270322716302,0.11586728920400174,6.25,19.445057557605885,330.4772945897861,0.9808843309564502
18,2016,ANT_BR,Anthem,Bronze,0.04900829676266409,223.64,286.5838126126144,-65.39441558103084,137.9450040537303,316.9824731931203,0.6,-119.33802591247432,213.0967629341042,0.6803553187151365,-0.22818600598850577,14,34.995755000524916,265.25627815182185,0.8431091680778149
18,2016,ANT_BR_HSA,Anthem,Bronze,0.05896690605822614,208.53,266.26259970096555,-115.02403782716789,106.67783900275748,346.2908825276085,0.6,-120.06926525723468,226.22161727037386,0.6739149497190738,-0.43199472233933417,14,34.995755000524916,247.63787435304369,0.842076360672965
18,2016,ANT_G,Anthem,Gold,0.018614049006859472,375.87,458.2051267630856,51.54940916757818,302.85590622287464,371.6599625949825,0.8640000000000001,107.30531104951517,516.157518412417,1.7280810765731662,0.11250290788263428,14,34.995755000524916,429.2720239769982,0.8755986391047471
18,2016,ANT_G3,Anthem,Gold,0.005983968791622921,408.05,483.88474274488715,281.025589856495,322.7692871285376,167.8633978878672,0.8640000000000001,116.62218158984993,308.759135113506,1.7201143680638582,0.5807696854882172,14,34.995755000524916,378.433910955823,1.0782596067286219
18,2016,ANT_P,Anthem,Platinum,0.014344041560637621,439.82,523.369943212233,330.3516626801604,182.38732633206382,158.02252553154767,1.035,845.4087367929559,1081.9115716509036,4.057772629195649,0.6312010595270251,14,34.995755000524916,495.39185661157364,0.8878224260857271
18,2016,ANT_P3,Anthem,Platinum,0.0046084800137257695,473.55,555.1857655992754,784.5027963939552,199.6953697517244,-264.3127857952047,1.035,856.5879479576877,642.8391442748992,4.06884954470727,1.4130455876280468,14,34.995755000524916,433.95585242165595,1.091240035956174
18,2016,ANT_SIL,Anthem,Silver,0.10310397720004245,298.3,400.9469072714713,18.786944532726018,298.3312901509893,347.16420773822034,0.721,17.159528810517433,392.1621065929266,1.3939243991149965,0.046856439573446665,14,34.995755000524916,342.8767417802734,0.8699919348602548
18,2016,ANT_SIL3,Anthem,Silver,0.03170789445446428,322.84,415.3532299444339,177.352612578568,300.48992891783166,203.00486236534098,0.721,24.22301231904787,246.9477685929023,1.3603691018575614,0.42699225572964555,14,34.995755000524916,299.4586267329966,1.0780788101584753
18,2016,BS_BR,Blue_Shield,Bronze,0.036492109584152305,261.15,336.8653002951396,3.9273079284925245,227.24900808856123,289.8826126827168,0.6,-111.87443160004501,185.18481164156105,0.7133340543778838,0.011658392612868322,11.338808598838849,43.05537968393028,284.31944784571454,0.9185090994609436
18,2016,BS_BR_HSA,Blue_Shield,Bronze,0.03513058349225934,263.45,339.2987629855165,-1.7627204991963765,231.87788837456353,298.00610380078257,0.6,-111.36428392206284,186.64181987871973,0.713368821935538,-0.005195186931087106,11.860697394992021,43.05537968393028,286.6356603041531,0.9191110405469073
18,2016,BS_G,Blue_Shield,Gold,0.02066920242570179,385.9,469.59906708934216,156.50975397817032,305.34452060171543,270.03393342724155,0.8640000000000001,158.5562253467539,452.2758567399991,1.8893664493693108,0.33328378386321206,15.540706975268893,43.05537968393028,396.7920290840679,0.9725497785093857
18,2016,BS_P,Blue_Shield,Platinum,0.00814900820121064,491.98,565.1241452457588,613.4599602977992,200.1202872203622,-91.39119473597066,1.035,817.9532746562842,827.64429967312185,3.922610321005356,1.0855313216727278,19.626017654939947,43.05537968393028,493.12624729708347,0.9976755500171279
18,2016,BS_SIL,Blue_Shield,Silver,0.11434389905955687,304.91,413.5353923416654,65.27258381881936,287.1273448534886,305.20742883891575,0.721,29.924883215229883,353.59445883254523,1.4487658799510674,0.15784038084191537,13.228694223273477,43.05537968393028,318.87317848941336,0.9562108718094114
18,2016,HN_BR,Health_Net,Bronze,0.031124252039191693,239.02,308.54586027326854,-97.72225694118816,176.27764937693186,354.80996751812074,0.6,-150.01773559098416,221.6522699136111,0.5825315550477124,-0.31671874273289197,16.64863291435611,51.458149696335965,273.68588406343866,0.8733369673702158
18,2016,HN_G3,Health_Net,Gold,0.01782968895180331,337.75,423.7257524826632,99.95053376977336,300.71293604851485,272.3170690165539,0.8640000000000001,18.61554051015825,298.63787735408766,1.4850736715387756,0.23588496376288304,21.503911529315527,51.458149696335965,305.5632448719358,1.1053358205485544
18,2016,HN_P3,Health_Net,Platinum,0.02390832666543565,373.2,457.4627789468375,277.2441733740054,282.3517813018546,128.7604558764961,1.035,393.87865463213296,536.4810594399693,2.748805005215367,0.6060474996725895,23.32929823298854,51.458149696335965,335.9802198650274,1.1107796767021727
18,2016,HN_SIL3,Health_Net,Silver,0.05228036123333235,293.56,395.38106331992736,72.93693277406129,284.0821121688383,270.9859808495301,0.721,-13.449188094038941,264.35758182692786,1.2941145144938537,0.18447249891440423,20.346919680498903,51.458149696335965,266.8252768345193,1.1001956167071127
18,2016,KA_BR,Kaiser,Bronze,0.025226045536801973,259.15,329.1587536194121,-8.371865203339361,247.26495293841108,318.8759709889873,0.6,-127.89028035372267,198.11559275327474,0.6412125547016766,-0.025434125968951997,6.25,18.654647833764137,267.722011214081,0.9679816718273996
18,2016,KA_BR_HSA,Kaiser,Bronze,0.028076615284905505,252.48,321.6136896932468,-18.62640955926279,236.18464485894108,321.58545141874544,0.6,-129.1308534589578,192.45459795978763,0.6400605554229768,-0.05791547485751788,6.25,18.654647833764137,260.60436974969343,0.9688248905515408
18,2016,KA_G,Kaiser,Gold,0.00950378762096514,405.11,480.6769848595544,87.46537357344826,391.4695373677904,374.556963452342,0.8640000000000001,16.77352411731835,409.64038630157125,1.4018949752792043,0.18196289052408895,6.25,18.654647833764137,412.94792433637383,0.9810195817088324
18,2016,KA_P,Kaiser,Platinum,0.012571611870058647,438.51,520.7646446893664,87.41877831660301,441.3914087312426,414.69121853899924,1.035,-8.596024606709856,425.3863551134272,1.4923866112836879,0.1678661929301055,6.25,18.654647833764137,444.2071250861869,0.9871746202065499
18,2016,KA_SIL,Kaiser,Silver,0.030115176325126166,340.31,424.9736404438224,72.51170006970554,349.86422893698125,333.8072925403527,0.721,25.659615951700346,379.01547452279544,1.3276203201044525,0.17062634753999742,6.25,18.654647833764137,349.96075282340485,0.9724233282002489
18,2016,OSC_BR,Oscar,Bronze,0.012196430077249625,255.09,324.7562000088903,-46.17793367837042,163.02185245840718,291.5925005782823,0.6,-163.51544893086793,134.35058238485166,0.5208102537316304,-0.14219261611358394,12.5,79.34163310897843,237.83281973298855,1.072560129785224
18,2016,OSC_G,Oscar,Gold,0.007555870313834597,374.25,456.8719046407861,69.85354670640494,309.0963668855157,307.67672482540274,0.8640000000000001,78.03732449557027,405.36196399828526,1.6365226298322453,0.15289525575298188,12.5,79.34163310897843,347.4444165245272,1.0771507101584996
18,2016,OSC_P,Oscar,Platinum,0.00827325847447564,419.16,505.22397338065485,341.3853284485739,348.0756364180821,84.49701182310253,1.035,670.629806939967,793.5922761000406,3.5530072666845474,0.6757108657457972,12.5,79.34163310897843,388.16847984986117,1.0798403831298358
18,2016,OSC_SIL,Oscar,Silver,0.016474913592786064,334.77,422.1579135549551,43.71748947472413,289.1968562909309,299.0987909712525,0.721,-5.476926057388412,308.2707179460918,1.2354998527831103,0.10355719523668988,12.5,79.34163310897843,310.9991768710835,1.0764337171823772
18,2017,ANT_BR,Anthem,Bronze,0.0397501959125942,262.44,345.5621410142871,-75.39527740947742,234.06834084594905,383.86924932619354,0.6,-124.85851268823748,259.01073663795603,0.6930391356827702,-0.21818153223665854,10.5,37.088169097570955,299.5828221887004,0.8760181844962226
18,2017,ANT_BR_HSA,Anthem,Bronze,0.043696010045587104,257.06,339.6125005617692,-104.95379885588713,225.4069458814253,407.47813032008537,0.6,-126.08974157831611,281.3883887417693,0.6928768434154118,-0.3090398577269036,10.5,37.088169097570955,293.94530716004124,0.8745164278470393
18,2017,ANT_G,Anthem,Gold,0.005228691384979414,471.06,548.998242713254,97.7392190832895,394.81664768172527,414.1708545323935,0.8640000000000001,158.31345583752503,572.4843103699185,1.716540255365271,0.17803193431047,10.5,37.088169097570955,510.94308898027765,0.9219422087499511
18,2017,ANT_G3,Anthem,Gold,0.006255961012298238,422.71,506.3065101102595,275.46887043131983,364.5139665629025,193.74947058136877,0.8640000000000001,143.38059657867757,337.13006716004634,1.7094321911356216,0.5440753080013337,10.5,37.088169097570955,389.5909743372012,1.0850097354517596
18,2017,ANT_P,Anthem,Platinum,0.0029982008244307952,560.35,655.01211756676,200.72423658898558,344.32828546615417,417.1997118802035,1.035,1021.6700134010907,1438.8697252812942,4.147303575720012,0.3064435469295381,10.5,37.088169097570955,604.323066214455,0.9272358301828407
18,2017,ANT_P3,Anthem,Platinum,0.0034433996942463377,508.98,599.2514449373126,822.0756673979006,296.67811089977295,-259.9123915581589,1.035,992.9189137684224,733.0065222102635,4.0811823774964076,1.3718376056379764,10.5,37.088169097570955,464.375546901412,1.0960525449632637
18,2017,ANT_SIL,Anthem,Silver,0.027119703013810847,372.68,464.67555414016977,58.80547098890574,357.3310648369213,368.7819140536931,0.721,48.041239702239494,416.8231537559326,1.3299458031823261,0.12655167775657727,10.5,37.088169097570955,398.6929583672539,0.9347544073168903
18,2017,ANT_SIL3,Anthem,Silver,0.028786868537150796,345.38,450.0510070882898,182.51813760560003,348.29760085986607,230.4447003851188,0.721,40.03679206325088,270.4814924483697,1.3597161102114061,0.4055498926364898,10.5,37.088169097570955,317.73700009328644,1.0869996251572769
18,2017,BS_BR,Blue_Shield,Bronze,0.02234058007290593,307.25,386.57206485806034,40.02388886667152,287.56289208015744,302.6950900640512,0.6,-107.00725581298566,195.68783425106557,0.6998160336149051,0.10353538836637691,9.185153864149342,43.85308592733761,336.3480584896855,0.9134882519603489
18,2017,BS_BR_HSA,Blue_Shield,Bronze,0.026619499109941908,297.58,379.9473334812801,16.96694472021668,281.36957077269255,319.1273028337258,0.6,-110.70576406988022,208.4215387638456,0.7037092921488729,0.04465604368046614,8.798905033123333,43.85308592733761,326.37836546638385,0.9117638651531575
18,2017,BS_G,Blue_Shield,Gold,0.009893698444136696,448.65,540.3156427982718,195.12119739448846,359.11003745365304,301.34135947644575,0.8640000000000001,204.90141304428101,506.24277252072676,1.8907155474267763,0.3611244649219557,12.010612480437432,43.85308592733761,465.90760629472845,0.9629591660201154
18,2017,BS_G3,Blue_Shield,Gold,0.00896434165191977,419.5,514.4467368365413,249.36659842951676,341.24547318951426,221.22705247968688,0.8640000000000001,195.75869003187594,416.9857425115628,1.8887976637786776,0.4847277289830487,9.521269467769457,43.85308592733761,422.5675538928863,0.9927406781125845
18,2017,BS_P,Blue_Shield,Platinum,0.0035058983185340758,574.14,678.4859487821509,714.5119796611028,272.6197279055115,-79.87911680628952,1.035,984.8622526590805,904.983135852791,4.065133173344605,1.0530976816006534,15.409524694261028,43.85308592733761,587.3886921183047,0.9774447613716808
18,2017,BS_P3,Blue_Shield,Platinum,0.004132299184117899,518.42,620.1450712229947,871.3593241126536,234.04308301710196,-295.0673388169964,1.035,956.7841503808356,661.7168115638392,4.008214232636354,1.4050894936474083,11.831944851547618,43.85308592733761,510.9518262603368,1.0146161993280713
18,2017,BS_SIL,Blue_Shield,Silver,0.04671254634261025,361.39,471.4529977411398,89.66465690268566,347.0865953185245,337.93525491111654,0.721,56.38741982145709,394.3226747325736,1.4096713855554939,0.19018790278626616,10.667399178919037,43.85308592733761,380.07396955921615,0.9508412281407101
18,2017,BS_SIL3,Blue_Shield,Silver,0.03789809251961207,345.88,462.98766771958697,43.16029141224485,336.97469100816954,375.9742903800045,0.721,51.725998141017186,427.7002885210217,1.428235841726798,0.0932212549522708,9.727383112992774,43.85308592733761,350.9439593134934,0.9855704616674429
18,2017,HN_BR,Health_Net,Bronze,0.019416247995248267,289.34,367.21757655345175,-126.02238776535754,252.92983094472,443.43534515869567,0.6,-150.13860994827755,293.29673521041815,0.5769206186044499,-0.3431817968740771,20.944726615023995,49.80461916011361,331.6880703090459,0.8723256152396779
18,2017,HN_G3,Health_Net,Gold,0.01166863895117165,377.24,456.2625302127896,141.6031228427718,332.76618140423477,264.8547882099042,0.8640000000000001,43.875922276350494,308.7307104862547,1.440500129246821,0.3103544855562248,24.48206596191856,49.80461916011361,360.2925726555583,1.0470379592327694
18,2017,HN_P3,Health_Net,Platinum,0.013634302143348431,418.26,491.73743688488094,354.9552266824825,328.2202227611849,86.97759104228487,1.035,461.3684074786686,548.3459985209535,2.6659949364855136,0.7218389328481816,26.39316544863247,49.80461916011361,398.3511779327936,1.0499780675195223
18,2017,HN_SIL3,Health_Net,Silver,0.07851970633780614,299.37,419.1263940927403,90.67903867886562,288.43268927626457,278.6427362537611,0.721,-7.095825084852445,271.54691116890865,1.3121561111515152,0.21635248926556752,21.001249576667014,49.80461916011361,286.7029643505136,1.0441817393767863
18,2017,KA_BR,Kaiser,Bronze,0.0340621295320659,265.19,347.9489037931304,-17.13357605496605,285.22949882135714,346.5706233474252,0.6,-140.05531307007607,206.5153102773492,0.6427794436768803,-0.04924164401205485,6.25,18.51185650067122,274.2689470001971,0.966897648824274
18,2017,KA_BR_HSA,Kaiser,Bronze,0.032711534669439726,267.37,350.12068431809496,-16.442647030936875,289.0584874582962,348.0514748483606,0.6,-139.4637915920254,208.58768325633525,0.6424858769732359,-0.0469627981647558,6.25,18.51185650067122,276.6466674670138,0.9664674526826899
18,2017,KA_G,Kaiser,Gold,0.009650364359861097,423.81,506.158985816117,18.44390382182474,411.896627658442,469.20322549362106,0.8640000000000001,32.1533173696883,501.35654286330936,1.3908068467523198,0.036438953646325746,6.25,18.51185650067122,438.0532184867983,0.9674851869916633
18,2017,KA_G_COIN,Kaiser,Gold,0.013443708343458977,404.96,490.71735386070753,-28.188520275516673,399.6633395017282,500.394017635553,0.8640000000000001,26.03870449065513,526.4327221262081,1.3925007936359162,-0.05744349584082188,6.25,18.51185650067122,419.65320279715115,0.9649872735410685
18,2017,KA_P,Kaiser,Platinum,0.010552901087155406,467.76,556.3262842361431,57.66412443191917,473.8763311388234,480.15030330355273,1.035,11.660754420637865,491.8110577241906,1.4871813806391347,0.10365162687054087,6.25,18.51185650067122,480.96380503689284,0.9725471960704402
18,2017,KA_SIL,Kaiser,Silver,0.02722973485066924,365.67,460.19206090680535,30.128101917628904,375.7168735964163,411.5521024885052,0.721,41.47654265056115,453.0286451390664,1.3215461758396532,0.06546853906662728,6.25,18.51185650067122,382.7524736829373,0.9553693970451306
18,2017,MOL_BR,Molina,Bronze,0.01680271058036543,228.01,304.4948876646794,-6.277169883882003,188.09183560838684,284.9882752366615,0.6,-185.6017169523552,99.38655828430626,0.5226082365366496,-0.020615025533021903,21.33110479905365,25.783782311899948,210.3002158024045,1.0842119164263502
18,2017,MOL_G,Molina,Gold,0.018863708823476336,326.42,435.9038967250351,171.47083144971637,344.1461803421088,238.64928296341878,0.8640000000000001,-10.007617276477637,228.64166568694114,1.4250210175684774,0.39336842991765886,21.33110479905365,25.783782311899948,299.54011992880817,1.089737161344465
18,2017,MOL_P,Molina,Platinum,0.018095046676306216,377.2,485.6465818354924,309.13578956380155,383.57348057550274,150.7270099597909,1.035,128.83750756103217,279.5645175208231,1.9188822856236918,0.6365447655276981,21.33110479905365,25.783782311899948,345.0732445961275,1.0931012644619074
18,2017,MOL_SIL,Molina,Silver,0.05248983802865199,291.21,419.1935424900504,129.54936652050444,329.5173553897088,263.860393657646,0.721,-24.80734929724383,239.05304436040214,1.2971620013449048,0.30904428000242706,21.331104799052657,25.783782311899948,268.1000634809637,1.0861989222194914
18,2017,OSC_BR,Oscar,Bronze,0.019098537773664288,253.21,335.3961310941877,-49.75440035932499,172.29102915114873,305.86401980044013,0.6,-182.68399331374513,123.18002648669501,0.5226573249626792,-0.14834518274557168,12.5,79.28651165307255,267.93841191621215,0.9450306068066944
18,2017,OSC_G,Oscar,Gold,0.009684587778818062,381.26,473.92023982863634,76.3234502956536,324.5037773775389,318.3102778799102,0.8640000000000001,97.06265026453269,415.3729281444429,1.6275871031868456,0.16104703678249996,12.5,79.28651165307255,391.48204834342937,0.9738888452569298
18,2017,OSC_P,Oscar,Platinum,0.009250340190702635,433.12,527.3245747852878,415.26214457870435,365.197261621237,32.775918553510905,1.035,769.8780060037033,802.6539245572142,3.5373799903022287,0.7874887013331168,12.5,79.28651165307255,441.7357911191823,0.9804956010076672
18,2017,OSC_SIL,Oscar,Silver,0.031513729988672336,329.11,441.47907018256393,79.528750625779,306.833843159077,282.6638079037124,0.721,-3.8028280936179795,278.8609798100944,1.2661317730942212,0.18014161032116796,12.5,79.28651165307255,340.45217907966367,0.9666849567233651
18,2018,BS_BR,Blue_Shield,Bronze,0.046629443994125316,327.09,430.598133754014,30.358432152518724,258.70175856439835,355.8551598874328,0.6,-101.99938625109654,253.8557736363363,0.7098787669656194,0.07050293480803022,5.130078492832585,44.38454171406244,354.4168638038877,0.9228962654017256
18,2018,BS_BR_HSA,Blue_Shield,Bronze,0.04947879055742651,321.82,423.0716782358112,-28.52947991839296,249.4773916818254,407.2166164401417,0.6,-102.31983436379979,304.89678207634194,0.7074776990343958,-0.06743415214499712,5.027629053333408,44.38454171406244,349.33789119874734,0.9212284384487461
18,2018,BS_G,Blue_Shield,Gold,0.010270394211796471,514.11,644.1400427507662,240.98118076658892,443.7491130543445,358.7743202701148,0.8640000000000001,237.66350886386726,596.4378291339821,1.9704647327486766,0.37411302631876675,7.54379992370591,44.38454171406244,522.4960875571421,0.9839499514793496
18,2018,BS_G3,Blue_Shield,Gold,0.011719517819899508,478.45,613.2811798243324,16.265400480447674,421.41941708389606,552.6312376298223,0.8640000000000001,224.4188425790636,777.0500802088859,1.962833019140379,0.026521929932868178,11.697708699699408,44.38454171406244,463.960319041935,1.0312304314903173
18,2018,BS_P,Blue_Shield,Platinum,0.002083819391546757,687.54,868.8119093688381,854.1511186536649,380.4828270386862,-29.723750998889273,1.035,1092.9574018020767,1063.2336508031874,4.380297902225892,0.9831254722028111,9.887546574559309,44.38454171406244,702.9965651805479,0.9780133133700614
18,2018,BS_P3,Blue_Shield,Platinum,0.0020376361690612414,643.78,785.9457768558286,1008.7525334582016,324.89439470677013,-267.19129831643545,1.035,1052.3868626280785,785.195564311643,4.222456971872285,1.2834887127884447,15.200076388373787,44.38454171406244,621.2082939947919,1.036335165231064
18,2018,BS_SIL,Blue_Shield,Silver,0.03653132645817408,447.72,590.9379340551465,164.42958160120446,460.9707749607682,382.12381073987956,0.721,76.73694487000407,458.86075560988365,1.4235137445309218,0.27825186390193707,7.238368230567062,44.38454171406244,451.28117401651485,0.9921087467823674
18,2018,BS_SIL3,Blue_Shield,Silver,0.06689338613079365,404.81,574.807215254434,250.94768888468462,472.6380167553369,279.47498465568697,0.721,64.8788907117884,344.3538753674754,1.4789098775053773,0.43657713790806285,11.45159815342764,44.38454171406244,394.04629495050295,1.0273158387413568
18,2018,HN_BR,Health_Net,Bronze,0.0409076794991985,300.95500000000004,388.66598555130344,-32.39037988125166,212.55335989149012,371.02868615349075,0.6,-141.733336297818,229.29534985567273,0.5688558405689692,-0.08333731554951358,11.81580860371984,50.027679279064344,321.2013970874709,0.9369666593263376
18,2018,HN_G,Health_Net,Gold,0.005066323160086901,530.07,644.0834703429126,81.2072732186795,492.5960660437307,512.8485178451688,0.8640000000000001,90.59761479688609,603.4461326420549,1.514546150341557,0.12608190856915552,11.81580860371984,50.027679279064344,510.93753171896685,1.0374458071550647
18,2018,HN_G3,Health_Net,Gold,0.025640288615490794,416.5,568.0605163109965,228.26285384897398,436.6300958371558,289.7699831829582,0.8640000000000001,50.585240247176685,340.35522343013486,1.5551892231976654,0.40182840964079036,11.81580860371984,50.027679279064344,397.9820853004497,1.0465295182459546
18,2018,HN_P,Health_Net,Platinum,0.0014395944935348553,676.55,828.0974629194685,-114.99724782282904,582.280018688032,893.0670314632332,1.035,581.8760399543512,1474.9430714175844,2.973969245319676,-0.1388692188687606,11.81580860371984,50.027679279064344,653.2293658246082,1.0357005293936117
18,2018,HN_P3,Health_Net,Platinum,0.009700675397234586,509.7,644.477490735839,475.15149204232176,446.78332649756476,119.29831941445286,1.035,520.119074157486,639.4173935719389,2.85669083539454,0.7372662333013563,11.81580860371984,50.027679279064344,469.74269794637684,1.085062103633135
18,2018,HN_SIL,Health_Net,Silver,0.018374408286226843,460.11,581.1793775271818,27.426470966930523,452.95693715553506,503.72522728118696,0.721,30.915760546255164,534.6409878274421,1.2359584386223157,0.04719106015706447,11.815808603721209,50.027679279064344,428.84262057241665,1.0729110818925782
18,2018,HN_SIL3,Health_Net,Silver,0.09355714504191547,371.75,539.639429014523,199.29488471752842,393.6052991206604,290.31686501793024,0.721,5.655110395795038,295.97197541372526,1.3316245523786274,0.36931119929741996,11.815808603721209,50.027679279064344,354.364451525544,1.0490612091580038
18,2018,KA_BR,Kaiser,Bronze,0.050174635047563476,290.55,373.4576410309301,28.785145957569554,229.98687607362825,325.6525908790722,0.6,-122.83529100753792,202.81729987153426,0.6219617378442307,0.07707740529316293,6.25,19.019904194288372,293.44614858643143,0.9901305619433666
18,2018,KA_BR_HSA,Kaiser,Bronze,0.05057553203949914,289.79,372.3852781713956,22.442695402384388,222.80195540713885,330.92267857472285,0.6,-122.87247546036068,208.05020311436218,0.6215920859142354,0.06026740775733572,6.25,19.019904194288372,292.67527199223304,0.990141729526403
18,2018,KA_G,Kaiser,Gold,0.022457628313168776,452.2,586.8394694479283,6.371862285944118,466.9048919950358,561.4477029676958,0.8640000000000001,41.90477018382582,603.3524731515216,1.4621172800845021,0.01085793069088975,6.25,19.019904194288372,461.72324965667036,0.9793745503096244
18,2018,KA_G_COIN,Kaiser,Gold,0.036784553020721145,429.65,574.6037593422906,100.51686856246401,458.8101999756325,455.0669865855382,0.8640000000000001,32.785548466321394,487.8525350518596,1.4773016479137329,0.174932493789318,6.25,19.019904194288372,439.63335272419454,0.9772916393573586
18,2018,KA_P,Kaiser,Platinum,0.02461494325077043,496.37,634.0098344998024,-60.03722802627904,529.4322875508144,675.0271583317931,1.035,27.37014855290534,702.3973068846984,1.5603130887483192,-0.09469447437458914,6.25,19.019904194288372,504.57316411328793,0.9837423693990865
18,2018,KA_SIL,Kaiser,Silver,0.02604177888029935,446.46,574.6485298130515,129.78887703316923,476.62604987357327,425.8397485855939,0.721,58.693967754665515,484.5337163402594,1.3402278448896177,0.22585784231518527,6.25,19.019904194288372,456.842973876327,0.9772723354192642
18,2018,MOL_BR,Molina,Bronze,0.015021270258747601,282.5,362.7147042284163,68.95752351540243,186.73332913272384,266.76395071541276,0.6,-160.1636495508794,106.60030116453339,0.5066296133504019,0.1901150483052296,20.450572844784737,26.993229997601095,272.3347615093033,1.037326261379047
18,2018,MOL_G,Molina,Gold,0.0089461261105195,435.05,577.7083209253602,346.81310501323475,493.6708862545166,203.90198591452443,0.8640000000000001,27.325623990313478,231.22760990483792,1.452032622280776,0.6003256183980824,20.450572844784737,26.993229997601095,421.2805911162775,1.0326846505015514
18,2018,MOL_P,Molina,Platinum,0.005863217862166242,503.8,640.608343074552,511.7491972535278,545.2228324234582,101.865915823423,1.035,182.5925637761165,284.4584795995395,1.9667252429731283,0.7988487861357311,20.450572844784737,26.993229997601095,488.4249127120625,1.0314789169998817
18,2018,MOL_SIL,Molina,Silver,0.015446536639172705,418.38,565.8166202564371,319.13812721317066,493.07157328350166,219.68526304566532,0.721,9.255564529427833,228.94082757509315,1.2524528627266576,0.5640310231052107,20.45057284478882,26.993229997601095,405.51996793019305,1.0317124508947009
18,2018,OSC_BR,Oscar,Bronze,0.030180489249740726,261.21,330.6763145254209,1.5073255814545377,84.20175401362867,272.18403856048303,0.6,-160.54007327405176,111.64396528643127,0.4914987838108909,0.004558311300940368,12.5,56.98495038348331,270.416123415361,0.9659557155871938
18,2018,OSC_BR_HSA,Oscar,Bronze,0.0316224662230746,255.26,321.9043608621408,-15.682128130717174,64.46673653724675,280.60153860937464,0.6,-160.39868877300543,120.20284983636923,0.4881612562967441,-0.04871673092193127,12.5,56.98495038348331,264.4530954136075,0.9652373310313141
18,2018,OSC_G,Oscar,Gold,0.009725679111397427,455.27,588.8830518578693,195.43268170969714,457.1688979053028,336.4654197646889,0.8640000000000001,125.63558420067415,462.101003965363,1.6949826623989381,0.3318701074740152,12.5,56.98495038348331,460.8997488364095,0.9877853072156745
18,2018,OSC_P,Oscar,Platinum,0.005176175331956266,536.85,667.1345813673547,468.0589130303326,504.896902363936,142.09071795353884,1.035,844.7924393064621,986.883157260001,3.695431358817846,0.7015959389648219,12.5,56.98495038348331,542.1036327386374,0.9903088036652757
18,2018,OSC_SIL,Oscar,Silver,0.028826389390124982,412.91,563.1415055388602,187.66551936794582,452.56448874968095,318.4910357874311,0.721,15.235338754290003,333.7263745417211,1.280580345698784,0.3332475364044992,12.5,56.98495038348331,418.088122667686,0.9876147577820532
19,2014,ANT_BR,Anthem,Bronze,0.03831028537301497,232.56,291.0964664452661,-11.24079926637765,155.6231870431775,267.3552557218702,0.6,-136.91021196546114,155.26332119620568,0.6977967074288227,-0.03861537518350886,16.5,34.98200998977356,238.78090289596372,0.9739472343871899
19,2014,ANT_BR_HSA,Anthem,Bronze,0.037586651239362924,234.16,293.1748522396749,-50.77725846441862,161.4413049852368,308.97010071432,0.6,-136.8007181912987,172.16938252302126,0.6985713891413939,-0.17319786494820993,16.5,34.98200998977356,240.40339230241494,0.9740295166277808
19,2014,ANT_G,Anthem,Gold,0.01902186876727852,373.99,451.6112840100485,118.51783185746118,332.4454956979632,298.1114421628138,0.8640000000000001,42.3632494044783,398.39915909322457,1.7815331228618914,0.262433282900044,16.5,34.98200998977356,377.1074338153343,0.9917333005510021
19,2014,ANT_G3,Anthem,Gold,0.0044496487013020785,424.32,487.95955275021777,373.0470716354765,359.8269666384159,79.93047112496771,0.8640000000000001,55.79579041534973,221.57514152939868,1.7553336679396188,0.7645040854983242,16.5,34.98200998977356,348.9010623503001,1.2161613872473067
19,2014,ANT_P,Anthem,Platinum,0.015789589145922468,433.68,506.2929479019484,355.6408598062958,206.02138839715528,115.67007810587904,1.035,667.1941515042486,852.6881829299226,4.144154097629221,0.7024408719893354,16.5,34.98200998977356,433.7489819674643,0.9998409633905043
19,2014,ANT_P3,Anthem,Platinum,0.0037449884170596,484.98,548.6881846082257,811.1820496559432,235.62850481145645,-297.47587503749105,1.035,675.269173372851,477.1123272324093,4.118520164626767,1.4784026199418587,16.5,34.98200998977356,394.72597234348115,1.228649832998529
19,2014,ANT_SIL,Anthem,Silver,0.051444652294967023,311.1,402.84230740115254,65.42731623191085,362.6504239414654,302.43298117946813,0.721,-25.45035622734179,293.13510948452955,1.4190799458971965,0.16241421278216933,16.5,34.98200998977356,315.6313919413501,0.9856434053866476
19,2014,ANT_SIL3,Anthem,Silver,0.01528414783326792,339.08,418.3562593720901,196.83646030948444,325.31536230621566,186.5377890728321,0.721,-15.061419107040402,174.98395842058807,1.388741353361413,0.47049961820797376,16.5,34.98200998977356,279.52863190571867,1.2130421048043738
19,2014,BS_BR,Blue_Shield,Bronze,0.031984665683811336,267.11,335.3730116033002,52.25704019252294,234.0189786979119,242.15117133370086,0.6,-130.577368977569,122.15690399634747,0.7276752170317504,0.15581766685011547,12.546203066863056,40.9648000770764,257.24004469860654,1.0383686580095162
19,2014,BS_BR_HSA,Blue_Shield,Bronze,0.03413190481668267,262.72,330.3014820419846,42.1896574002779,225.5571937300636,247.14702456463033,0.6,-131.28235474072073,115.8646698239096,0.7264683170846241,0.12773075415663795,13.081305036852735,40.9648000770764,253.07033243156326,1.038130378522525
19,2014,BS_G,Blue_Shield,Gold,0.022353911595712015,380.77,456.1949188886282,205.04077097336318,315.05313917923405,210.1893478381886,0.8640000000000001,85.07583770869131,329.67346139440474,1.9311835624618778,0.4494586907563085,17.24204367056251,40.9648000770764,359.3709350564826,1.05954589772307
19,2014,BS_P,Blue_Shield,Platinum,0.020070075405800337,436.31,505.1725453575939,552.4075900000579,160.47780529028591,-88.19984471954035,1.035,627.14667208912,624.2047337176541,3.986698083777259,1.0935027943947904,19.657370500674,40.9648000770764,406.653361597191,1.0729285460381495
19,2014,BS_SIL,Blue_Shield,Silver,0.05081688317009079,323.35,412.4690215053807,133.2753376723217,304.8956253094978,238.22888375598257,0.721,-11.438002947090913,253.73906382607845,1.4522814657434222,0.32311599350154624,15.594322036951821,40.9648000770764,306.599014087917,1.054634832932893
19,2014,HN_BR,Health_Net,Bronze,0.028323144503186053,238.91,299.2891867446091,-54.35899744471027,155.00922948085778,304.42689627486675,0.6,-163.44284688702942,140.98404938783736,0.5899075726834558,-0.18162700108205432,19.750223938454013,49.2212879144526,250.169837060057,0.9549912283895603
19,2014,HN_G3,Health_Net,Gold,0.03686840668346974,306.88,408.2216090232743,80.29965376506414,288.01394922285084,278.7006673437576,0.8640000000000001,-52.311670062140365,226.38899728161718,1.5863117139382061,0.19670603414942187,19.750223938454013,49.2212879144526,278.3102282816504,1.10265440797755
19,2014,HN_P3,Health_Net,Platinum,0.045425259773401956,346.23,447.82339472848213,263.41280723661447,281.42146396953143,135.18929957741506,1.035,273.7283553762022,408.9176549536173,2.9298387317283496,0.588206892130598,19.750223938454013,49.2212879144526,312.8434490865505,1.1067196740444225
19,2014,HN_SIL3,Health_Net,Silver,0.06371972667783918,268.72,368.18714862307945,51.94318097102263,201.3111934354954,267.0226797376042,0.721,-69.30377001317429,197.71890972442995,1.3326684992409357,0.14107820211888467,19.750223938461456,49.2212879144526,243.23306345910757,1.1047840132358375
19,2014,KA_BR,Kaiser,Bronze,0.034291916942256216,234.42,293.1266646291335,-0.731789082050426,173.65010782205871,275.99872202175277,0.6,-148.90140920039048,151.93286626960045,0.647292468188977,-0.0024964944181256666,6.25,17.85973168943113,249.39548978657075,0.9399528443782741
19,2014,KA_G,Kaiser,Gold,0.013359099377471246,387.72,460.1354222264902,126.97980095424296,381.0159163170026,315.29588958281613,0.8640000000000001,-40.61926860571913,301.5845548207925,1.4382342999326732,0.27596180346172156,6.25,17.85973168943113,406.95607536316345,0.9527318142480184
19,2014,KA_P,Kaiser,Platinum,0.019707152803323514,416.99,492.6861516445868,118.51976664174802,421.04801898365815,356.30665331340765,1.035,-72.06737601547862,309.1418212090113,1.5265374634358595,0.24055834783691188,6.25,17.85973168943113,435.7266211112285,0.9569991361476957
19,2014,KA_SIL,Kaiser,Silver,0.03662353597359915,318.91,405.98654674144683,100.69252418892685,332.2466478845888,287.43429086308885,0.721,-25.965591442272554,295.599525824102,1.3913667833088434,0.24801936171804492,6.25,17.85973168943113,336.8966045566472,0.9466109057990733
19,2014,MOL_BR,Molina,Bronze,0.00652554491623086,248.87,311.12456473993996,55.258658831123014,191.9741960152485,231.7746073111902,0.6,-175.77688388519033,62.0310135369137,0.5366797520736787,0.17760943716325367,0,24.091298597626736,211.6790288663174,1.1756951141209646
19,2014,MOL_G,Molina,Gold,0.006712775296178375,348,433.43932488036535,188.22624186552196,356.8899781857243,221.12178441721665,0.8640000000000001,-56.928524959893416,176.11325419273072,1.455074610484988,0.43426203175605893,0,24.091298597626736,293.14484852332276,1.187126438526901
19,2014,MOL_P,Molina,Platinum,0.004436371223510692,417.46,491.833862795753,276.143952054461,411.8271323534485,191.5986121436653,1.035,44.42355179099888,236.02216393466418,1.9372774958253742,0.5614577867509238,0,24.091298597626736,350.01472265835713,1.192692686837276
19,2014,MOL_SIL,Molina,Silver,0.007776722761727292,319.5,405.1870046341598,192.8704424839454,334.9737642592001,188.22526355258765,0.721,-53.98084581952113,145.12358640741803,1.2740124882861903,0.4760035249849304,0,24.091298597626736,269.0405457578653,1.187553344794163
19,2014,SH_BR,SHARP,Bronze,0.008347107669888375,236.15,295.77013943087314,17.926891922463227,144.83730179337616,238.65874648159297,0.6,-151.83456289344088,100.85176096374518,0.6372983713552697,0.060610891812670854,18.657206035061577,39.184501026816946,236.15,1
19,2014,SH_BR2,SHARP,Bronze,0.008162543387655437,237.97,298.09921176437274,6.248354759468242,150.64146077712533,252.66635597808755,0.6,-151.7030901666127,100.96326581147484,0.6380477835230862,0.02096065508689484,18.657206035061577,39.184501026816946,237.97,1
19,2014,SH_G,SHARP,Gold,0.005283736071560001,363.84,444.90862863357927,171.98091749137316,343.91397056222036,233.74321011538916,0.8640000000000001,-13.033303315082108,238.44660690289444,1.591455741072327,0.3865533424684697,18.657206035061577,39.184501026816946,363.84,1
19,2014,SH_G2,SHARP,Gold,0.004462181821850074,372.42,450.61707985282123,163.65425900693614,348.1473949460841,247.77831981906814,0.8640000000000001,-10.292276950363762,237.48604286870437,1.5846382197180762,0.36317810913955645,18.657206035061577,39.184501026816946,372.42,1
19,2014,SH_P,SHARP,Platinum,0.008786673565115722,388.61,474.6972304059357,365.6262378372902,377.32140197853073,69.88649154182855,1.035,341.19400859349844,441.20265986643955,3.06211496063272,0.7702304003851596,18.657206035061577,39.184501026816946,388.60999999999996,1.0000000000000002
19,2014,SH_P2,SHARP,Platinum,0.006661775804852086,401.92,483.60527807682104,349.19862095204553,383.7205218694455,95.22215609795853,1.035,343.2183517876377,438.4405078855962,3.0417306134632938,0.7220736348054809,18.657206035061577,39.184501026816946,401.92,1
19,2014,SH_SIL,SHARP,Silver,0.009585028918409995,319.68,407.64073722320654,175.82212729973747,315.38952487294284,192.63410889665212,0.721,25.47684224975551,239.4905654037376,1.598867126364945,0.4313163804417929,18.657206035065297,39.184501026816946,319.68,1
19,2014,SH_SIL2,SHARP,Silver,0.0072520931028358234,331.78,414.34245417430066,167.26538713373955,320.79837971946733,207.89256601374416,0.721,29.51216120097218,237.40472721471633,1.5840611691275952,0.4036887493632896,18.657206035065297,39.184501026816946,331.78,1
19,2015,ANT_BR,Anthem,Bronze,0.037813985660016786,251.67,322.9453209029807,-42.21090899123189,208.44766085625375,331.26622509290667,0.6,-139.71591272735768,204.38148333119955,0.6993765155843581,-0.13070605535700855,16.5,33.890004801305935,254.55613656493185,0.9886620821486436
19,2015,ANT_BR_HSA,Anthem,Bronze,0.036918854398982695,253.32,324.9294119999325,-86.920020841889,212.71321539141147,377.95942804051555,0.6,-139.42961613267397,238.52981190784158,0.6999312835269098,-0.2675043182668458,16.5,33.890004801305935,255.99328336629134,0.9895572128645803
19,2015,ANT_G,Anthem,Gold,0.013156886353604387,407.3,492.10066172039467,69.40361909676201,352.4598377402955,388.8070378223267,0.8640000000000001,73.78681940845118,493.72907274594616,1.7732647342508,0.14103541103587516,16.5,33.890004801305935,401.5716387748698,1.0142648550644824
19,2015,ANT_G3,Anthem,Gold,0.0033287263437892316,460.73,542.3958017658954,326.15955821611897,381.4529960546972,182.34623874847045,0.8640000000000001,90.65596439914668,290.7528286980623,1.7916463609641355,0.6013312734984874,16.5,33.890004801305935,365.18020849483946,1.2616510678357609
19,2015,ANT_P,Anthem,Platinum,0.00951299951192066,477.36,568.610385817173,303.71577987878266,224.3220051726764,231.00460113708436,1.035,785.6637672021254,1084.6105556721666,4.198007991363508,0.5341368843312638,16.5,33.890004801305935,467.04039531686084,1.02209574329462
19,2015,ANT_P3,Anthem,Platinum,0.002464036563515636,532.66,630.985648524718,814.2200523729408,248.3260843311978,-217.12440864952873,1.035,814.9204421348908,636.6647804194312,4.282157966278854,1.2903939325349725,16.5,33.890004801305935,416.91292992636585,1.277628880673183
19,2015,ANT_SIL,Anthem,Silver,0.05612054525958988,332.85,432.26729989704177,49.9299717866958,327.83710154138157,348.44732330904003,0.721,-7.883685689462099,363.5077132253091,1.4036486917363686,0.11550716836223378,16.5,33.890004801305935,329.5297096820419,1.0100758451223162
19,2015,ANT_SIL3,Anthem,Silver,0.016463120512899068,361.91,449.12064757181105,207.71681540077466,346.2429254916917,207.51382736973045,0.721,2.795558723829353,223.98371955815335,1.3781092196090732,0.4624966955400604,16.5,33.890004801305935,286.90254957289324,1.2614387726381975
19,2015,BS_BR,Blue_Shield,Bronze,0.030370438806882782,283.11,360.51306913349663,44.39115704599547,264.36388071684826,273.0877003774162,0.6,-130.27571588315405,158.77994725577085,0.7247866868198964,0.12313328100057752,13.707793639314183,43.034211710084975,273.6859535379905,1.0344337966204808
19,2015,BS_BR_HSA,Blue_Shield,Bronze,0.032818311647471086,278.46,356.1914985401658,18.161436663067406,257.0257800019475,294.99585016701343,0.6,-131.6739329643263,163.32191720268713,0.7250794262953413,0.05098784428460871,14.569843431701967,43.034211710084975,269.2626000972989,1.0341577326348983
19,2015,BS_G,Blue_Shield,Gold,0.018490127736311205,403.58,486.0123837636273,174.9214071658757,319.7260052318077,268.05676488766665,0.8640000000000001,119.2899644509984,424.4502595604676,1.9230568926425786,0.3599114199751522,18.87150640512014,43.034211710084975,381.60095018064175,1.0575969473056968
19,2015,BS_P,Blue_Shield,Platinum,0.015810354528160174,462.44,541.7896846783894,546.8105247213348,161.1754672055956,-48.055051753030284,1.035,730.417334853535,772.048215746081,3.9938027427170666,1.009267138494757,21.79205743543963,43.034211710084975,432.0233774326763,1.070405038607115
19,2015,BS_SIL,Blue_Shield,Silver,0.05855498984614655,342.72,440.40270820331494,111.93793255852066,325.5491540894859,285.4305639347093,0.721,6.989247278783973,320.598637829418,1.4416278353318532,0.2541717625106968,16.9173226474445,43.034211710084975,325.8977222093585,1.0516182736000677
19,2015,HN_BR3,Health_Net,Bronze,0.014843983011203663,259.75,333.60362093336096,5.538834349510694,204.93220486252883,277.2412460864391,0.6,-168.6819792109036,108.55926687553549,0.5940287222144293,0.016603040260816306,18.209902254412125,50.82354049741116,253.53163042833245,1.0245269971291624
19,2015,HN_G3,Health_Net,Gold,0.024850589473432903,332.24,429.68337758453157,92.04601245135672,308.7450175168993,286.8138246357637,0.8640000000000001,-28.922552643667284,278.9713892115673,1.5311347715928294,0.21421822963874956,20.3554665910042,50.82354049741116,287.2761911347951,1.156517700570971
19,2015,HN_P3,Health_Net,Platinum,0.030297220777583008,371.97,465.7901899180661,284.2605077215925,296.24428678279224,130.70614169906247,1.035,326.36912083690896,494.43674452003023,2.817481167473084,0.6102758578311723,22.793945384602658,50.82354049741116,319.52792805464577,1.1641235940302082
19,2015,HN_SIL3,Health_Net,Silver,0.0627293856845404,295.46,407.38159154866037,73.22999264610684,290.65840815598904,283.32805840514237,0.721,-51.429850470702895,250.85364356621625,1.3366767543402258,0.17975773615033305,19.998040080593196,50.82354049741116,255.97393890542105,1.1542581298058179
19,2015,KA_BR,Kaiser,Bronze,0.04180854471461547,234.73,300.26805899313746,-43.12447876671883,187.77462258863093,323.9474802022504,0.6,-154.79074966496134,175.1266417660141,0.640218235774409,-0.14361993383953112,6.25,19.445057557605885,249.06463426052488,0.9424461272750162
19,2015,KA_G,Kaiser,Gold,0.018170783512533144,381.17,468.4242930545825,50.24996680046973,379.6232229502934,398.7292686965069,0.8640000000000001,-32.16917703300615,376.3861773449798,1.438974899555814,0.10727446792477609,6.25,19.445057557605885,398.2755879692902,0.9570508751075922
19,2015,KA_P,Kaiser,Platinum,0.02881458703650629,407.17,500.20080137275517,26.843638824587394,421.92985709813723,453.9121049905619,1.035,-66.93748449703686,399.5633621311595,1.5275161449387866,0.05366572534653582,6.25,19.445057557605885,422.9160616198388,0.9627678798494228
19,2015,KA_SIL,Kaiser,Silver,0.0744340988834562,313.79,420.4551871805712,37.06766191691974,341.2963065403896,363.9424677060456,0.721,-19.503443573236645,359.1856556543217,1.4076747923421462,0.08816079108330857,6.25,19.445057557605885,330.4772945897861,0.9495054732564921
19,2015,MOL_BR,Molina,Bronze,0.008075638285603457,256.2,328.4347780627201,41.62264768424363,214.33476745776818,261.70924537539065,0.6,-184.48859365172976,83.47895404646823,0.5337173347498655,0.12673032962512604,18.580063954989228,25.10288500308583,219.9454027813806,1.1648345305705499
19,2015,MOL_G,Molina,Gold,0.008544457756002585,351.48,448.5890801675653,179.49692466376825,361.67681339648584,243.98927050071126,0.8640000000000001,-48.91453471957123,206.113864815116,1.4417099936538154,0.4001366341702282,18.580063954989228,25.10288500308583,299.03151688852694,1.1753944990722327
19,2015,MOL_P,Molina,Platinum,0.006069034622473847,418.38,512.2540869332993,263.45890652935043,417.59160936382483,223.69229540086303,1.035,64.37311867347948,301.5167991681027,1.941131025932307,0.5143129420530236,18.580063954989228,25.10288500308583,354.31867463140276,1.1808014365464652
19,2015,MOL_SIL,Molina,Silver,0.02028472079445278,314.21,421.8286507177648,178.28896661693602,344.8807148452856,218.43679909774292,0.721,-54.28902893407437,174.6801966535895,1.2864611588135773,0.4226573190644293,18.580063954990262,25.10288500308583,267.5529457001389,1.1743843790535284
19,2015,SH_BR,SHARP,Bronze,0.009115570477407948,247.27,317.4486599860506,0.5377591596893083,175.15245112638993,276.3110906456698,0.6,-157.22738154235182,126.1834512706625,0.63562182379684,0.001694003558600432,16.431610938281644,40.599810180691456,247.26999999999998,1.0000000000000002
19,2015,SH_BR2,SHARP,Bronze,0.008697387961140854,250.63,321.6754862897757,-2.1418934871890585,182.4902931432819,283.2175695962733,0.6,-156.80690165135374,126.41066794491954,0.6368391692725911,-0.006658553661933604,16.431610938281644,40.599810180691456,250.63,1
19,2015,SH_G,SHARP,Gold,0.005009502541676162,378.1,468.10171860795793,151.29509280303358,355.8033437227611,276.2068156242329,0.8640000000000001,5.600799103945012,296.8663732531031,1.5789375647976072,0.32320986398630475,16.431610938281644,40.599810180691456,378.1,1
19,2015,SH_G2,SHARP,Gold,0.004173169666600456,388,475.93349339439004,148.03482938109875,361.29203904591026,287.29885383259983,0.8640000000000001,9.178638160907658,296.4774919935075,1.5767379060808004,0.31104099929026696,16.431610938281644,40.599810180691456,388,1
19,2015,SH_P,SHARP,Platinum,0.006969237892314139,410.89,505.84869902117777,346.7973768139172,393.1112721993795,118.4515120265691,1.035,401.46797938257697,547.4953199280185,3.027426509502127,0.685575306381085,16.431610938281644,40.599810180691456,410.89,1
19,2015,SH_P2,SHARP,Platinum,0.00518711851830627,426.22,518.7485626802319,337.68545018656977,401.4326792974635,140.46330231297065,1.035,406.25353935418445,546.7168416671551,3.0228485443672146,0.6509617076177358,16.431610938281644,40.599810180691456,426.21999999999997,1.0000000000000002
19,2015,SH_SIL,SHARP,Silver,0.014088099215282217,328.56,429.8397275078182,148.23144377682925,333.57888084357285,241.0084735502975,0.721,43.81521576910452,300.3366386961735,1.5985747723575672,0.34485282371702863,16.431610938282578,40.599810180691456,328.56,1
19,2015,SH_SIL2,SHARP,Silver,0.010213005517248585,342.21,437.59251392321465,147.93868679861416,340.3415706052369,249.05401694390903,0.721,48.452522213269305,297.50653915717834,1.5825589826664808,0.3380740805464814,16.431610938282578,40.599810180691456,342.21,1
19,2016,ANT_BR,Anthem,Bronze,0.029331876225427114,270.91,349.8840868025226,-12.240798630604324,258.4781601242759,327.129130432602,0.6,-121.10892975970492,222.12735276134407,0.711059971056199,-0.034985296823496666,14,34.995755000524916,265.25627815182185,1.021314186746382
19,2016,ANT_BR_HSA,Anthem,Bronze,0.04063094446605557,252.61,331.24376696869876,-68.02436702320472,229.6966391073912,364.27237899137856,0.6,-126.40021034401788,237.8721686473607,0.7108865901790208,-0.2053604438982025,14,34.995755000524916,247.63787435304369,1.0200782116222975
19,2016,ANT_G,Anthem,Gold,0.006319062509788748,455.34,548.3669968953091,162.1896508991024,381.7798429636535,351.18159099568174,0.8640000000000001,152.16734119847595,542.4345981494122,1.8217946097438427,0.29576843941625225,14,34.995755000524916,429.2720239769982,1.0607260072098212
19,2016,ANT_G3,Anthem,Gold,0.0022205800079493584,491.86,589.1457656950873,413.4956299135075,401.60775663143636,140.65438078105487,0.8640000000000001,163.8700924751531,330.50783507586334,1.8492581062556863,0.7018562365896938,14,34.995755000524916,378.433910955823,1.2997249605821344
19,2016,ANT_P,Anthem,Platinum,0.004303961903496328,532.81,649.0225731851007,547.7358781472541,246.89964097119724,66.29094003732166,1.035,1017.2019388791466,1168.2349628867573,4.402956058916986,0.8439396421286572,14,34.995755000524916,495.39185661157364,1.0755324151760635
19,2016,ANT_P3,Anthem,Platinum,0.0015335833580236787,570.83,698.3509275321567,1059.893914693789,256.12576463815515,-396.5387421621573,1.035,1046.5184427121003,705.4700605239187,4.491726179511992,1.5177096111825303,14,34.995755000524916,433.95585242165595,1.3154103045610028
19,2016,ANT_SIL,Anthem,Silver,0.03156339105750569,361.35,454.68993651755716,100.11793574709515,349.8509845967378,319.5762457699371,0.721,41.54975865428249,388.7200323044094,1.3809159714821466,0.22018946914438525,14,34.995755000524916,342.8767417802734,1.0538772566602517
19,2016,ANT_SIL3,Anthem,Silver,0.009995645470656895,389.16,472.71194829852334,260.3286001641141,365.57616306259314,177.3875931338843,0.721,50.78980967685011,247.97970119511018,1.3664157260967142,0.550712968227563,14,34.995755000524916,299.4586267329966,1.299545129975444
19,2016,BS_BR,Blue_Shield,Bronze,0.025871415630184837,292.9,371.6922003312892,37.194730172964654,278.77827531475884,291.44209047439426,0.6,-110.3423902789822,188.40096935463387,0.7265170955939361,0.10006863243246159,12.640926364052655,43.05537968393028,284.31944784571454,1.0301792656791513
19,2016,BS_BR_HSA,Blue_Shield,Bronze,0.024720000331428217,295.49,373.6419343712766,31.524788697096625,280.0353764724979,299.0617659902497,0.6,-109.35100003245714,189.71076595779257,0.7258504859540861,0.0843716558478455,14.101595330015341,43.05537968393028,286.6356603041531,1.0308905726749125
19,2016,BS_G,Blue_Shield,Gold,0.01175200745013853,432.83,523.5822259607617,234.23520064754038,337.367848388579,246.29164562929103,0.8640000000000001,198.79213220399757,469.6809826815834,1.9667888713420196,0.4473704206015092,17.635375447786956,43.05537968393028,396.7920290840679,1.0908233237424654
19,2016,BS_P,Blue_Shield,Platinum,0.004420643951375541,551.8,650.5961678161963,797.4748410947983,210.37488587404388,-189.9340529625323,1.035,966.7776872086207,884.9212247515628,4.211942934243677,1.2257601267028944,23.617902076963116,43.05537968393028,493.12624729708347,1.1189832279756315
19,2016,BS_SIL,Blue_Shield,Silver,0.06526317322823917,341.97,449.2561144393865,117.29487953040885,329.4726113575707,288.9058552250474,0.721,47.489571406881964,354.92715729076724,1.4545739120752552,0.2610868850984425,15.005784214597242,43.05537968393028,318.87317848941336,1.0724326254719898
19,2016,HN_BR,Health_Net,Bronze,0.038613906210312736,241.44,320.0150813894422,-106.62815589324009,185.9891088244568,375.1850875863463,0.6,-164.50598885034998,228.02378790813694,0.6003568003324325,-0.33319728379763147,16.308031818926473,51.458149696335965,273.68588406343866,0.8821792209934939
19,2016,HN_G3,Health_Net,Gold,0.021034667248659267,340.5,433.66962507246774,109.87473030490088,298.15794766605075,272.3367450712309,0.8640000000000001,25.76502494954847,305.9969110349183,1.5240242205964767,0.2533604475677549,21.29951501759636,51.458149696335965,305.5632448719358,1.1143355940689348
19,2016,HN_P3,Health_Net,Platinum,0.028093385934054166,376.23,467.60441090463956,320.92592839585575,273.29960034204237,95.22033281244785,1.035,440.2066701107441,549.6076355660699,2.8203910424285685,0.6863192923586503,23.517977516241963,51.458149696335965,335.9802198650274,1.1197980647525683
19,2016,HN_SIL3,Health_Net,Silver,0.06924267520275651,295.95,412.6107099676545,80.32941471047758,275.1354470042093,280.82314556084094,0.721,-14.577499661307879,273.2970864818241,1.3407061840130883,0.1946857237825329,20.479262167254507,51.458149696335965,266.8252768345193,1.1091527890873074
19,2016,KA_BR,Kaiser,Bronze,0.03709734261893518,250.86,328.39243644009935,-28.201986393995618,236.57674075371594,337.9397750003308,0.6,-142.30486539024616,202.9383769627749,0.6578262720610992,-0.0858789157865998,6.25,18.654647833764137,267.722011214081,0.9370167169385356
19,2016,KA_BR_HSA,Kaiser,Bronze,0.041284259106648284,244.39,320.7377668896275,-38.62925184830065,226.04512258587553,340.712370904164,0.6,-143.74293971183175,196.96943119233222,0.6560417082614272,-0.12043873792260258,6.25,18.654647833764137,260.60436974969343,0.9377816658820145
19,2016,KA_G,Kaiser,Gold,0.015041229635873945,392.15,481.98511247980906,77.53815473122094,381.1174414199732,385.792309914824,0.8640000000000001,19.019577308072176,423.75256497728543,1.4533146373093617,0.16087250980074433,6.25,18.654647833764137,412.94792433637383,0.949635479171382
19,2016,KA_P,Kaiser,Platinum,0.020830946162322856,424.47,519.3726161996237,74.25015206158903,428.797091945356,426.46781630427057,1.035,-7.0794101362511945,439.3110485971163,1.5443961146839413,0.1429612377427511,6.25,18.654647833764137,444.2071250861869,0.9555677431280342
19,2016,KA_SIL,Kaiser,Silver,0.05521226222838263,329.42,434.59649928054716,65.88602674049483,349.0039067422207,350.0558247062882,0.721,26.11215066266855,396.6247805196687,1.393316945918922,0.15160275531341338,6.25,18.654647833764137,349.96075282340485,0.9413055531007788
19,2016,MOL_BR,Molina,Bronze,0.013151724435741021,231.08,304.93649903835296,1.9997046127333817,187.61328156336165,277.9822529889875,0.6,-183.06421900137082,98.16916373100086,0.5356822552678226,0.006557773894039072,24.857479472749013,24.95454143663207,203.41274088809428,1.1360153694951027
19,2016,MOL_G,Molina,Gold,0.016883347223877857,320.83,426.41511457311066,186.84768432637182,335.2691322911303,214.61288881010677,0.8640000000000001,-14.753318797550735,205.16995780456216,1.4663595502879059,0.438182601743438,24.857479472749013,24.95454143663207,280.568826318946,1.1434983857945993
19,2016,MOL_P,Molina,Platinum,0.011865169191352656,386.3,488.8350885701431,358.0449077650145,389.0894513395932,105.83563936849652,1.035,125.72350033810073,237.1628296260492,1.9694276947726281,0.7324451868058537,24.857479472749013,24.95454143663207,336.53128745026515,1.1478873269906293
19,2016,MOL_SIL,Molina,Silver,0.04759992135306925,285.62,409.6992022349288,133.9939517966677,321.9481234225881,250.75070900162905,0.721,-31.694309388176716,225.63818247855744,1.3272414343648282,0.3270544610917577,24.857479472745887,24.95454143663207,250.28883417841996,1.1411615741371586
19,2016,SH_BR,SHARP,Bronze,0.01062644166013523,244.83,322.30271808191253,-1.5031787636967522,191.61626648090206,282.9789145325318,0.6,-147.96387936441198,142.37832350044368,0.6458993184619788,-0.004663872438440691,16.406026404063667,40.82698231307748,244.83,1
19,2016,SH_BR2,SHARP,Bronze,0.010842600426895697,243.59,320.8185182321897,-10.54761037110282,189.28079058174413,290.53914629021506,0.6,-148.23247896375392,142.3066673264611,0.6455536020140759,-0.03287718685699145,16.406026404063667,40.82698231307748,243.59,1
19,2016,SH_G,SHARP,Gold,0.005153110059768088,377.8,471.5989220916328,179.38932471871735,355.1974095733325,251.38261505983797,0.8640000000000001,58.25819381535257,332.52217057157975,1.5920142287847834,0.3803853578016906,16.406026404063667,40.82698231307748,377.8,1
19,2016,SH_G2,SHARP,Gold,0.004240465192203358,388.38,481.04039972233005,169.65404345874268,361.9462188939126,270.5593739505099,0.8640000000000001,61.97186288330897,332.53123683381887,1.5920603932076975,0.3526814869534279,16.406026404063667,40.82698231307748,388.38,1
19,2016,SH_P,SHARP,Platinum,0.0067929967464053975,413.5,512.2712417811332,428.82195772330795,392.21961803418367,42.6223017447478,1.035,527.339182167616,614.4885730044509,3.059038307863587,0.8370994167705421,16.406026404063667,40.82698231307748,413.5,1
19,2016,SH_P2,SHARP,Platinum,0.005015148616305867,429.38,527.4157477430924,404.7818129832626,401.7872492376056,81.80695244675235,1.035,533.2674956646187,615.074448111371,3.0621403073406372,0.7674814692496335,16.406026404063667,40.82698231307748,429.38,1
19,2016,SH_SIL,SHARP,Silver,0.015813148422229882,328.11,435.1389577663774,170.0978597177723,337.6389641966682,224.21411573552763,0.721,91.02360849518449,334.6699129764869,1.6029525298931881,0.39090469074730944,16.40602640406463,40.82698231307748,328.11,1
19,2016,SH_SIL2,SHARP,Silver,0.010821162339003598,344.06,444.47787270378336,168.55113144372822,345.9997165946654,235.09975894697766,0.721,95.78800205630989,330.88776100328755,1.5836933014249053,0.3792115238907674,16.40602640406463,40.82698231307748,344.06,1
19,2017,ANT_BR,Anthem,Bronze,0.016636697693881007,328.05,404.09229284381945,1.0686247623495717,307.09250083406494,365.9354989838989,0.6,-104.74793692090103,261.1875620629979,0.6992354244479418,0.0026445066666059684,10.5,37.088169097570955,299.5828221887004,1.0950227306202784
19,2017,ANT_BR_HSA,Anthem,Bronze,0.018637114022797087,321.33,399.2268382166574,-29.430237582753108,303.11035180822546,391.5689067018396,0.6,-107.36590994252892,284.2029967593107,0.7002500731765733,-0.07371808397004997,10.5,37.088169097570955,293.94530716004124,1.0931625447758855
19,2017,ANT_G,Anthem,Gold,0.0018695184992315816,588.81,696.5943781904548,256.1818964646542,499.69170253336983,403.3243126282297,0.8640000000000001,227.8247215315196,631.1490341597492,1.904207465991875,0.3677633706004614,10.5,37.088169097570955,510.94308898027765,1.1523984034604056
19,2017,ANT_G3,Anthem,Gold,0.001679513643979562,543.43,647.8227522321782,457.233177471854,457.94835439408484,153.50140566275326,0.8640000000000001,215.08953320863282,368.5909388713861,1.8795803976911534,0.7057998131377495,10.5,37.088169097570955,389.5909743372012,1.3948731767323927
19,2017,ANT_P,Anthem,Platinum,0.001020703082592031,700.45,854.9507205901356,457.5040658570639,463.9313054723723,360.35848563550076,1.035,1244.497361587946,1604.8558472234467,4.657929783368467,0.5351233174483654,10.5,37.088169097570955,604.323066214455,1.1590654720292153
19,2017,ANT_P3,Anthem,Platinum,8.6631826175489e-4,654.4,801.5109183445138,1169.604182179429,405.6775900866536,-405.18143293248625,1.035,1229.8032048039524,824.6217718714662,4.625755373383514,1.4592492197051987,10.5,37.088169097570955,464.375546901412,1.409204262297064
19,2017,ANT_SIL,Anthem,Silver,0.006841102920760867,465.86,537.6058789189246,166.95421564203022,416.6379813218101,333.56349417932347,0.721,92.75517428609376,426.3186684654172,1.3621909988175067,0.3105513205654663,10.5,37.088169097570955,398.6929583672539,1.1684680911040208
19,2017,ANT_SIL3,Anthem,Silver,0.005538383661275068,444.04,520.2675977907246,298.0685451691397,404.4264569278273,185.11088352401396,0.721,84.70649882432683,269.8173823483408,1.3561657755559116,0.5729139128303672,10.5,37.088169097570955,317.73700009328644,1.39750800149064
19,2017,BS_BR,Blue_Shield,Bronze,0.01684799010435286,345.19,423.981233004486,82.56190470409095,319.4799153152648,297.56624237305743,0.6,-96.31730901513801,201.24893335791944,0.7209860693755755,0.19473009245958156,10.424355978726307,43.85308592733761,336.3480584896855,1.0262880706076252
19,2017,BS_BR_HSA,Blue_Shield,Bronze,0.019974068563195183,334.32,415.4781606654927,58.06525583085088,313.50155075126196,313.5598189073042,0.6,-100.17489145797306,213.38492744933114,0.7215457008882883,0.13975525389311627,10.398950382448541,43.85308592733761,326.37836546638385,1.0243326009745402
19,2017,BS_G,Blue_Shield,Gold,0.006453843720475063,504.05,614.6554888006054,289.99097352664967,400.15970383375213,280.8114293466182,0.8640000000000001,262.0060176758868,542.817447022505,2.0363198509874962,0.4717943283846976,13.791944435529983,43.85308592733761,465.90760629472845,1.0818668619913947
19,2017,BS_G3,Blue_Shield,Gold,0.002824143117868439,525.59,637.9386028933602,413.40290861842027,412.43497739248147,180.68260834760235,0.8640000000000001,270.11373805767454,450.7963464052769,2.052087685103164,0.6480293036719178,8.978058054577557,43.85308592733761,422.5675538928863,1.243801127554692
19,2017,BS_P,Blue_Shield,Platinum,0.0023024404943612358,645.04,789.5083015927135,923.5961659596869,306.9692686799052,-177.94095029431105,1.035,1165.7367454599305,987.7957951656194,4.461876537283898,1.1698371810612649,19.714959416887726,43.85308592733761,587.3886921183047,1.0981484809892865
19,2017,BS_P3,Blue_Shield,Platinum,0.0012501416570464597,649.53,794.3359850588027,1185.495373303917,304.86327767082173,-435.0124741724518,1.035,1167.3654665679499,732.3529923954981,4.464757693576526,1.4924356891827804,16.58702931337786,43.85308592733761,510.9518262603368,1.2712157323204394
19,2017,BS_SIL,Blue_Shield,Silver,0.026606479720110394,406.02,504.4099066428032,146.95655192581748,380.59840046659133,313.6002687896481,0.721,83.28743368378504,396.88770247343314,1.4194257768939915,0.29134350850465046,12.277083181281869,43.85308592733761,380.07396955921615,1.0682657390898784
19,2017,BS_SIL3,Blue_Shield,Silver,0.00906378570990947,433.34,523.1966687228745,148.84976891429486,393.3057444482525,330.49381388124203,0.721,93.54788789696319,424.0417017782052,1.4152458818707319,0.284500605245897,13.051923561703674,43.85308592733761,350.9439593134934,1.2347840403000165
19,2017,HN_BR,Health_Net,Bronze,0.025807578231566035,292.27,378.1461380104483,-131.5527517394581,258.6021377147298,459.89427058979277,0.6,-157.11373922110664,302.7805313686861,0.5967808784082164,-0.3478886560407587,20.148929918285035,49.80461916011361,331.6880703090459,0.8811592160299324
19,2017,HN_G3,Health_Net,Gold,0.013650103307518778,386.75,474.21955664851305,164.47437019344565,339.18898822490365,259.9405672949538,0.8640000000000001,60.2976515010089,320.23821879596267,1.4976710605914696,0.34683168985237034,24.449384496676423,49.80461916011361,360.2925726555583,1.0734331744599552
19,2017,HN_P3,Health_Net,Platinum,0.015654288285040806,428.8,511.5703154417303,410.77923492029885,329.1306188415397,50.98646136131788,1.035,519.7418037314517,570.7282650927696,2.7818771778993603,0.8029770737686364,27.62498546835233,49.80461916011361,398.3511779327936,1.07643713324815
19,2017,HN_SIL3,Health_Net,Silver,0.09277518989214707,306.91,431.4610463385766,103.77542574141748,282.68103914757756,277.8810014370455,0.721,-2.5989215004589044,275.28207993658657,1.3313601340868246,0.24052096156087915,21.475919167587985,49.80461916011361,286.7029643505136,1.0704807349838978
19,2017,KA_BR,Kaiser,Bronze,0.055790338773889024,256.7,343.0627330516608,-34.626699076595905,251.45631300657362,359.1775756275855,0.6,-148.0533257162071,211.1242499113784,0.6580469759699676,-0.10093401509566348,6.25,18.51185650067122,274.2689470001971,0.9359426315215171
19,2017,KA_BR_HSA,Kaiser,Bronze,0.05382537851480661,258.82,345.6096163812529,-33.960960483952924,255.00071330851688,361.0587203645346,0.6,-147.55927009486444,213.49945026967018,0.6585881618238545,-0.09826393385561794,6.25,18.51185650067122,276.6466674670138,0.9355616041565389
19,2017,KA_G,Kaiser,Gold,0.017568717122002663,410.25,507.3893094600827,6.173884427173228,390.16025597776616,482.70356853223825,0.8640000000000001,41.632618726694076,524.3361872589323,1.4587020248719453,0.012167943454983138,6.25,18.51185650067122,438.0532184867983,0.936530044037021
19,2017,KA_G_COIN,Kaiser,Gold,0.02472294329362583,392,491.64261157741777,-42.18907852280204,377.67765587791666,515.3198335995486,0.8640000000000001,34.12573231484039,549.445565914389,1.4573298856467498,-0.08581249372880818,6.25,18.51185650067122,419.65320279715115,0.9341046306501849
19,2017,KA_P,Kaiser,Platinum,0.020003543155764653,452.8,555.0425833723652,45.45533348207733,449.4390978981776,491.0753933896167,1.035,23.58744709469093,514.6628404843076,1.5607799995510527,0.08189521821172123,6.25,18.51185650067122,480.96380503689284,0.9414429843951927
19,2017,KA_SIL,Kaiser,Silver,0.05321192135678612,353.97,461.9082098594312,19.754116056381925,360.9422585798135,423.6422373023781,0.721,46.258089191023466,469.90032649340156,1.3739514645678932,0.042766323773274204,6.25,18.51185650067122,382.7524736829373,0.9248013385622689
19,2017,MOL_BR,Molina,Bronze,0.021195039519285593,232.24,312.1904366485558,-7.926496093815125,189.14057423338338,294.333150430471,0.6,-193.17226939569383,101.16088103477716,0.532536619488612,-0.02538993884280405,21.33110479905353,25.783782311899948,210.3002158024045,1.104326018467855
19,2017,MOL_G,Molina,Gold,0.02332820623347443,332.47,448.45341908084526,187.1152543678857,348.0912600364455,235.5543824010596,0.8640000000000001,-0.7377204097570003,234.8166619913026,1.4659870941332058,0.4172456857423432,21.33110479905353,25.783782311899948,299.54011992880817,1.1099347896335834
19,2017,MOL_P,Molina,Platinum,0.021902861682955077,384.19,499.0798543825085,339.02430502676054,385.12805926165896,134.27176704384797,1.035,153.88641904552887,288.15818608937684,1.9816761480323999,0.6792987175293256,21.33110479905353,25.783782311899948,345.0732445961275,1.1133578334931606
19,2017,MOL_SIL,Molina,Silver,0.06534689833991111,296.6,431.5104398704151,140.12937237909395,334.6515981700589,265.5972851794212,0.721,-22.140094613762777,243.4571905656584,1.3225931951132845,0.3247415576345628,21.331104799052454,25.783782311899948,268.1000634809637,1.106303356101443
19,2017,SH_BR,SHARP,Bronze,0.01561978726354862,252.25,338.647079690402,-13.067751919220946,203.4818836397328,310.1302439949163,0.6,-154.2730083838255,155.8572356110908,0.6448206149414577,-0.038588113416385426,17.38940658344625,41.584587614706614,252.25,1
19,2017,SH_BR2,SHARP,Bronze,0.01616335858493225,250.14,336.0395704592484,-15.997321620457974,199.07205976039586,310.45230446499977,0.6,-154.73503893680038,155.71726552819942,0.644204747578414,-0.04760546979212965,17.38940658344625,41.584587614706614,250.14,1
19,2017,SH_G,SHARP,Gold,0.003973532346314989,419.19,517.7683986376155,203.3745507291311,392.37181033851476,272.8092602937778,0.8640000000000001,92.0877396248275,364.89699991860533,1.5935121951053308,0.3927905821681333,17.38940658344625,41.584587614706614,419.19,1
19,2017,SH_G2,SHARP,Gold,0.003205933150733565,431.88,529.8688322042884,219.4745365767912,400.38430888078017,268.8097080127906,0.8640000000000001,97.02634896836945,365.8360569811601,1.5978739873678578,0.4142054094100289,17.38940658344625,41.584587614706614,431.88,1
19,2017,SH_P,SHARP,Platinum,0.004048812037076602,468.01,573.64477245108435,477.11942954110145,436.3816740787584,54.94075529527629,1.035,625.1622572186162,680.1030125138925,3.0898710862992713,0.831733247567921,17.38940658344625,41.584587614706614,468.01,1
19,2017,SH_P2,SHARP,Platinum,0.0028646601440749874,488.47,596.0941300915895,506.4556457867959,449.49224562860763,48.05389669008696,1.035,636.8145670529377,684.8684637430247,3.1129023921618737,0.8496236084542207,17.38940658344625,41.584587614706614,488.47,1
19,2017,SH_SIL,SHARP,Silver,0.014380486530183664,355.55,464.36987623131915,178.32011359420534,364.88718465352855,244.4651750224072,0.721,116.01330655799194,360.47848158039915,1.5729983794636533,0.3840044816028888,17.389406583446167,41.584587614706614,355.54999999999995,1.0000000000000002
19,2017,SH_SIL2,SHARP,Silver,0.009177693617696655,375.29,475.3602831685405,199.84747382242426,374.28736976748183,233.92822173140962,0.721,122.31565215444208,356.2438738858517,1.5533533886216004,0.4204126446793783,17.389406583446167,41.584587614706614,375.29,1
19,2018,BS_BR,Blue_Shield,Bronze,0.029381464500536338,368.5,479.42846974882343,78.76106133387418,376.2388629064905,356.2828667008868,0.6,-97.00290421664103,259.2799624842458,0.7260215019173369,0.1642811520457635,5.995219542847952,44.38454171406244,354.4168638038877,1.0397360781452687
19,2018,BS_BR_HSA,Blue_Shield,Bronze,0.032547044768211866,362.56,474.62439774903305,18.651815633376195,366.56979396149325,411.5880404015944,0.6,-98.91544314665329,312.67259725494114,0.7266823852980963,0.03929805488684277,5.817009350693238,44.38454171406244,349.33789119874734,1.03784905426629
19,2018,BS_G,Blue_Shield,Gold,0.004832041671238061,579.19,714.2024740591417,335.49827539435586,486.98177319470375,334.31965695072336,0.8640000000000001,282.83035198469486,617.1500089354182,2.043319078078676,0.46975232875848866,8.814200650083452,44.38454171406244,522.4960875571421,1.1085059080689434
19,2018,BS_G3,Blue_Shield,Gold,0.015691546913300283,466.1,601.3398498986094,11.184055942882587,415.6425104465548,545.7712522416643,0.8640000000000001,241.28734379117378,787.0585960328381,1.9897318499927932,0.018598561104454174,12.626811639018138,44.38454171406244,463.960319041935,1.0046117757710042
19,2018,BS_P,Blue_Shield,Platinum,0.0011704167025562394,774.57,982.1768778517848,1032.5224650608698,473.659541081927,-94.7301289231475,1.035,1182.420245019738,1087.6901160965906,4.487532771804362,1.0512591859413356,12.072208784747941,44.38454171406244,702.9965651805479,1.101811926778149
19,2018,BS_P3,Blue_Shield,Platinum,0.00287025634128548,627.16,779.5186590148278,1062.40660499269,302.96337068416454,-327.27248769192454,1.035,1130.6387253744876,803.3662376825631,4.326455626165123,1.3629008012911226,18.36310521299663,44.38454171406244,621.2082939947919,1.0095808540593276
19,2018,BS_SIL,Blue_Shield,Silver,0.01275287440009647,504.4,616.7733288587154,224.45917276196428,477.24671632478345,347.9296143826887,0.721,109.65291856453074,457.5825329472195,1.4192967677109207,0.36392490119069537,8.301246313426493,44.38454171406244,451.28117401651485,1.1177067182101001
19,2018,BS_SIL3,Blue_Shield,Silver,0.08834025166547912,394.36,572.9452159947041,246.8097773766808,434.6488852466131,281.75089690396084,0.721,71.28526814389603,353.03616504785685,1.5185987212193834,0.43077378165762037,11.53124015621901,44.38454171406244,394.04629495050295,1.0007961121663038
19,2018,HN_BR,Health_Net,Bronze,0.044390521525894365,309.28,405.3806408927892,-27.59142512823162,250.91578455688642,382.94438674195646,0.6,-149.54627173430268,233.39811500765376,0.5796871629078246,-0.06806300633267959,11.815808603720075,50.027679279064344,321.2013970874709,0.9628849774765318
19,2018,HN_G,Health_Net,Gold,0.0040426884382677025,554.81,672.4745050786552,114.59517939089879,509.4965587984722,507.85164640869203,0.8640000000000001,112.17896358665844,620.0306099953505,1.5588533207855868,0.1704082140296089,11.815808603720075,50.027679279064344,510.93753171896685,1.0858665992561385
19,2018,HN_G3,Health_Net,Gold,0.01583354368100162,438.84,574.6460067636004,256.47704273478433,444.9081320079299,268.1412847497518,0.8640000000000001,70.40357149730733,338.5448562470591,1.5463929969347674,0.4463218045823724,11.815808603720075,50.027679279064344,397.9820853004497,1.1026626981681984
19,2018,HN_P,Health_Net,Platinum,0.0012444961878481777,708.13,881.7741515451926,-52.16095097163698,610.2657555575494,883.9074232377652,1.035,638.2474729536248,1522.15489619139,3.0753140478073364,-0.05915454754511891,11.815808603720075,50.027679279064344,653.2293658246082,1.0840449573268764
19,2018,HN_P3,Health_Net,Platinum,0.01619872236191737,486.55,625.3401069384649,478.18802792133835,428.539989785884,97.12439973806227,1.035,551.7688483523757,648.893248090438,2.901736507869968,0.7646847253448167,11.815808603720075,50.027679279064344,469.74269794637684,1.0357798048316693
19,2018,HN_SIL,Health_Net,Silver,0.01246384628683491,481.59,591.481400835862,49.31546174514902,472.08748966120487,492.13825981164865,0.721,49.49463960424118,541.6328994158898,1.253156109228485,0.0833761833854083,11.815808603721662,50.027679279064344,428.84262057241665,1.1229993869480053
19,2018,HN_SIL3,Health_Net,Silver,0.05588389040858359,391.68,559.2273015055335,227.85156675950947,445.8861551486747,281.34805546695975,0.721,16.253965456711274,297.60202092367103,1.3394257126522255,0.4074399911200596,11.815808603721662,50.027679279064344,354.364451525544,1.1053027421735224
19,2018,KA_BR,Kaiser,Bronze,0.0696331403482965,281.25,366.8848913466206,11.766340072852799,200.8611323580276,336.0986470794794,0.6,-131.76546540206243,204.33318167741697,0.6269068859031307,0.03207093110230139,6.25,19.019904194288372,293.44614858643143,0.9584382052884937
19,2018,KA_BR_HSA,Kaiser,Bronze,0.07014788635570904,280.52,365.78656644733167,5.404846553208856,191.38393917610745,341.36181569983444,0.6,-131.7794591663608,209.58235653347361,0.6264616867860573,0.014775956934949607,6.25,19.019904194288372,292.67527199223304,0.9584684011413317
19,2018,KA_G,Kaiser,Gold,0.03200160721368468,437.73,572.8258887157215,-10.235989800150676,435.7241756219904,564.0419743215838,0.8640000000000001,46.04220798317711,610.0841823047609,1.4794729846599621,-0.017869286290638536,6.25,19.019904194288372,461.72324965667036,0.948035431019531
19,2018,KA_G_COIN,Kaiser,Gold,0.05180925951840924,415.9,560.8867448987887,84.86296888178849,427.70645020819904,457.00387182271186,0.8640000000000001,35.47990600487279,492.4837778275847,1.4922213843930345,0.15130143411947078,6.25,19.019904194288372,439.63335272419454,0.9460155773506935
19,2018,KA_P,Kaiser,Platinum,0.03619628228553307,480.48,619.2674950976153,-79.44565295399816,498.96046026463233,679.6932438573251,1.035,31.274656319127807,710.9679001764529,1.5805693783622374,-0.12828971903567313,6.25,19.019904194288372,504.57316411328793,0.9522504052397871
19,2018,KA_SIL,Kaiser,Silver,0.03837976692143529,432.17,570.1863883651097,118.23448356436658,457.470722640221,432.9320006064547,0.721,66.35903034276272,499.29103094921743,1.3836819147521868,0.2073611120450968,6.25,19.019904194288372,456.842973876327,0.9459924409759966
19,2018,MOL_BR,Molina,Bronze,0.01840485141890481,282.5,370.7181199876192,63.52309898749091,219.21223851726694,280.2017910025272,0.6,-171.80612270158008,108.39566830094714,0.5157092595032053,0.1713514812537687,20.450572844785434,26.993229997601095,272.3347615093033,1.037326261379047
19,2018,MOL_G,Molina,Gold,0.009064272279548846,435.05,573.1494091688238,349.7453612098728,484.5635257804347,196.41081796134995,0.8640000000000001,36.358501332188894,232.76931929353884,1.462331346056151,0.6102167351390458,20.450572844785434,26.993229997601095,421.2805911162775,1.0326846505015514
19,2018,MOL_P,Molina,Platinum,0.006073528974798659,503.8,640.1874221059376,527.8045959532652,536.4191907867397,85.38959615507127,1.035,203.22408394921132,288.6136801042826,1.9972934375291858,0.824453242484862,20.450572844785434,26.993229997601095,488.4249127120625,1.0314789169998817
19,2018,MOL_SIL,Molina,Silver,0.015362159522714029,418.38,568.477144965199,324.6881369836597,495.11008563777904,216.79577798393822,0.721,16.437747897749176,233.2335258816874,1.2774435410772005,0.571154249312057,20.450572844790173,26.993229997601095,405.51996793019305,1.0317124508947009
19,2018,SH_BR,SHARP,Bronze,0.019315473533088687,275.43,359.37548631994105,15.562441350106504,152.88431498299005,301.4267349911929,0.6,-136.74890771938854,164.67782727180438,0.6125469069990657,0.04330412602559023,15.270323028380192,42.38630997864163,275.43,1
19,2018,SH_BR2,SHARP,Bronze,0.01747366941721066,285.3,374.1750977583429,29.082648709254563,208.94777859695012,302.7061390704467,0.6,-136.5876139245576,166.1185251458891,0.6182478922241932,0.0777247039781287,15.270323028380192,42.38630997864163,285.3,1
19,2018,SH_G,SHARP,Gold,0.00522096739906699,461.47,589.7607472179321,244.1919593686606,474.9750484966811,303.1824778706299,0.8640000000000001,104.44970585289431,407.63218372352424,1.6061377612089718,0.41405258067883116,15.270323028380192,42.38630997864163,461.47,1
19,2018,SH_G2,SHARP,Gold,0.004711164341242296,466.91,593.6209876788597,250.46536785254204,477.27136605796863,300.769309847676,0.8640000000000001,106.65174036129508,407.4210502089711,1.605253018939032,0.4219280871990331,15.270323028380192,42.38630997864163,466.91,1
19,2018,SH_P,SHARP,Platinum,0.005052103487901924,512.3,647.1106757076461,490.7422065919752,521.2625164743489,113.98215913702927,1.035,646.3254922664767,760.3076514035059,3.116767166231864,0.758359002585339,15.270323028380192,42.38630997864163,512.3,1
19,2018,SH_P2,SHARP,Platinum,0.003996014971859472,524.99,658.9565533109434,507.21524639972483,527.7018817723944,109.35499693257691,1.035,652.3323821646343,761.6873790972112,3.1227828614165913,0.7697248685838382,15.270323028380192,42.38630997864163,524.99,1
19,2018,SH_SIL,SHARP,Silver,0.003883582815796451,479.39,591.0425243923434,306.25408133837425,491.9070447946664,242.40213307532744,0.721,150.58064108978706,392.9827741651145,1.5448201692999506,0.5181591318716654,15.270323028380096,42.38630997864163,479.39,1
19,2018,SH_SIL2,SHARP,Silver,0.002366159254261557,506.01,605.1783194386938,331.01134948365075,499.042322533223,231.78065997640147,0.721,158.77280747763638,390.55346745403784,1.5346657819652798,0.5469649834625033,15.270323028380096,42.38630997864163,506.01,1
